# pinned_commit	a3d8c67ed91d58e197b8c978ddcc00ba96f87c29
# generated_by	scripts/coverage-audit.ps1 -UpdateIndex
path	line	family_id	kind	declaration	visibility
GameTheory/Auctions/AllPay.lean	37	M-AUCT	theorem	allPay_overbid_unprofitable	public
GameTheory/Auctions/AllPay.lean	43	M-AUCT	theorem	allPay_winner_profit_of_lt	public
GameTheory/Auctions/AllPay.lean	48	M-AUCT	theorem	allPay_winner_profit	public
GameTheory/Auctions/AllPay.lean	54	M-AUCT	theorem	allPay_rent_dissipation	public
GameTheory/Auctions/AllPay.lean	59	M-AUCT	theorem	allPay_symmetric_negative	public
GameTheory/Auctions/Basic.lean	44	M-AUCT	def	maxOtherBid	public
GameTheory/Auctions/Basic.lean	50	M-AUCT	theorem	maxOtherBid_update_self	public
GameTheory/Auctions/Basic.lean	70	M-AUCT	structure	QuasiLinear	public
GameTheory/Auctions/Basic.lean	88	M-AUCT	def	IsExPostIR	public
GameTheory/Auctions/Basic.lean	92	M-AUCT	def	NoPosTransfers	public
GameTheory/Auctions/Basic.lean	97	M-AUCT	def	IsEfficient	public
GameTheory/Auctions/Basic.lean	101	M-AUCT	def	StrongBudgetBalanced	public
GameTheory/Auctions/Basic.lean	114	M-AUCT	def	auctionGame	public
GameTheory/Auctions/Basic.lean	124	M-AUCT	theorem	auctionGame_eu	public
GameTheory/Auctions/Basic.lean	132	M-AUCT	def	auctionGame_quasiLinear	public
GameTheory/Auctions/Basic.lean	146	M-AUCT	theorem	auctionGame_ic_isNash	public
GameTheory/Auctions/Combinatorial.lean	32	M-AUCT	structure	Valuation	public
GameTheory/Auctions/Combinatorial.lean	44	M-AUCT	instance	<anonymous@44>	public
GameTheory/Auctions/Combinatorial.lean	47	M-AUCT	theorem	empty	public
GameTheory/Auctions/Combinatorial.lean	50	M-AUCT	theorem	ext	public
GameTheory/Auctions/Combinatorial.lean	57	M-AUCT	theorem	mono	public
GameTheory/Auctions/Combinatorial.lean	61	M-AUCT	theorem	nonneg	public
GameTheory/Auctions/Combinatorial.lean	67	M-AUCT	def	thresholdBundle	public
GameTheory/Auctions/Combinatorial.lean	85	M-AUCT	theorem	thresholdBundle_apply_of_subset	public
GameTheory/Auctions/Combinatorial.lean	90	M-AUCT	theorem	thresholdBundle_apply_of_not_subset	public
GameTheory/Auctions/Combinatorial.lean	96	M-AUCT	instance	<anonymous@96>	public
GameTheory/Auctions/Combinatorial.lean	105	M-AUCT	def	feasibleBundles	public
GameTheory/Auctions/Combinatorial.lean	108	M-AUCT	theorem	empty_mem_feasibleBundles	public
GameTheory/Auctions/Combinatorial.lean	113	M-AUCT	theorem	feasibleBundles_nonempty	public
GameTheory/Auctions/Combinatorial.lean	118	M-AUCT	theorem	feasibleBundles_mono	public
GameTheory/Auctions/Combinatorial.lean	127	M-AUCT	def	bundling	public
GameTheory/Auctions/Combinatorial.lean	157	M-AUCT	theorem	bundling_value_eq_sup	public
GameTheory/Auctions/Combinatorial.lean	164	M-AUCT	theorem	bundling_le_original	public
GameTheory/Auctions/Combinatorial.lean	174	M-AUCT	theorem	le_bundling_of_mem	public
GameTheory/Auctions/Combinatorial.lean	183	M-AUCT	theorem	bundling_eq_original_of_mem	public
GameTheory/Auctions/Combinatorial.lean	191	M-AUCT	def	IsBasedOn	public
GameTheory/Auctions/Combinatorial.lean	196	M-AUCT	theorem	bundling_isBasedOn	public
GameTheory/Auctions/Combinatorial.lean	218	M-AUCT	structure	Allocation	public
GameTheory/Auctions/Combinatorial.lean	230	M-AUCT	def	shrink	public
GameTheory/Auctions/Combinatorial.lean	250	M-AUCT	theorem	shrink_bundle_self	public
GameTheory/Auctions/Combinatorial.lean	254	M-AUCT	theorem	shrink_bundle_ne	public
GameTheory/Auctions/Combinatorial.lean	265	M-AUCT	def	residualAfterOpponents	public
GameTheory/Auctions/Combinatorial.lean	270	M-AUCT	def	giveResidualTo	public
GameTheory/Auctions/Combinatorial.lean	298	M-AUCT	theorem	giveResidualTo_bundle_self	public
GameTheory/Auctions/Combinatorial.lean	302	M-AUCT	theorem	giveResidualTo_bundle_ne	public
GameTheory/Auctions/Combinatorial.lean	308	M-AUCT	theorem	bundle_subset_residualAfterOpponents	public
GameTheory/Auctions/Combinatorial.lean	325	M-AUCT	def	emptyAllocation	public
GameTheory/Auctions/Combinatorial.lean	332	M-AUCT	instance	allocationInhabited	public
GameTheory/Auctions/Combinatorial.lean	336	M-AUCT	instance	allocationFintype	public
GameTheory/Auctions/Combinatorial.lean	364	M-AUCT	def	surplus	public
GameTheory/Auctions/Combinatorial.lean	369	M-AUCT	def	IsSurplusMaximizer	public
GameTheory/Auctions/Combinatorial.lean	373	M-AUCT	def	allocationSize	public
GameTheory/Auctions/Combinatorial.lean	376	M-AUCT	theorem	exists_surplus_maximizing_allocation	public
GameTheory/Auctions/Combinatorial.lean	391	M-AUCT	def	surplusMaximizingAllocation	public
GameTheory/Auctions/Combinatorial.lean	395	M-AUCT	theorem	surplusMaximizingAllocation_isSurplusMaximizer	public
GameTheory/Auctions/Combinatorial.lean	400	M-AUCT	theorem	surplus_shrink_eq_of_value_eq	public
GameTheory/Auctions/Combinatorial.lean	418	M-AUCT	theorem	allocationSize_shrink_lt	public
GameTheory/Auctions/Combinatorial.lean	440	M-AUCT	def	surplusMaximizers	public
GameTheory/Auctions/Combinatorial.lean	443	M-AUCT	theorem	surplusMaximizers_nonempty	public
GameTheory/Auctions/Combinatorial.lean	450	M-AUCT	def	frugalSurplusMaximizingAllocation	public
GameTheory/Auctions/Combinatorial.lean	455	M-AUCT	theorem	frugalSurplusMaximizingAllocation_isSurplusMaximizer	public
GameTheory/Auctions/Combinatorial.lean	470	M-AUCT	def	IsFrugal	public
GameTheory/Auctions/Combinatorial.lean	477	M-AUCT	theorem	frugalSurplusMaximizingAllocation_isFrugal	public
GameTheory/Auctions/Combinatorial.lean	510	M-AUCT	theorem	IsFrugal.allocated_bundle_mem_of_based	public
GameTheory/Auctions/Combinatorial.lean	549	M-AUCT	def	IsQuasiField	public
GameTheory/Auctions/Combinatorial.lean	554	M-AUCT	theorem	IsQuasiField.empty_mem	public
GameTheory/Auctions/Combinatorial.lean	559	M-AUCT	theorem	IsQuasiField.compl_mem	public
GameTheory/Auctions/Combinatorial.lean	565	M-AUCT	theorem	IsQuasiField.disjoint_union_mem	public
GameTheory/Auctions/Combinatorial.lean	572	M-AUCT	theorem	IsQuasiField.biUnion_mem_of_pairwise_disjoint	public
GameTheory/Auctions/Combinatorial.lean	602	M-AUCT	theorem	IsQuasiField.residualAfterOpponents_mem	public
GameTheory/Auctions/FirstPrice.lean	33	M-AUCT	def	maxBid	public
GameTheory/Auctions/FirstPrice.lean	38	M-AUCT	lemma	exists_maxBid	public
GameTheory/Auctions/FirstPrice.lean	44	M-AUCT	def	winner	public
GameTheory/Auctions/FirstPrice.lean	49	M-AUCT	lemma	bid_winner_eq_maxBid	public
GameTheory/Auctions/FirstPrice.lean	55	M-AUCT	lemma	bid_le_bid_winner	public
GameTheory/Auctions/FirstPrice.lean	62	M-AUCT	lemma	eq_winner_of_bid_gt	public
GameTheory/Auctions/FirstPrice.lean	70	M-AUCT	def	firstPricePayoff	public
GameTheory/Auctions/FirstPrice.lean	74	M-AUCT	lemma	firstPricePayoff_winner	public
GameTheory/Auctions/FirstPrice.lean	80	M-AUCT	lemma	firstPricePayoff_loser	public
GameTheory/Auctions/FirstPrice.lean	87	M-AUCT	def	firstPriceGame	public
GameTheory/Auctions/FirstPrice.lean	92	M-AUCT	theorem	firstPrice_no_dominant_strategy_ofEU	public
GameTheory/Auctions/FirstPrice.lean	128	M-AUCT	theorem	firstPrice_no_dominant_strategy	public
GameTheory/Auctions/Knapsack/Basic.lean	35	M-AUCT	structure	Data	public
GameTheory/Auctions/Knapsack/Basic.lean	44	M-AUCT	abbrev	BinaryAllocation	public
GameTheory/Auctions/Knapsack/Basic.lean	47	M-AUCT	def	binaryToAllocation	public
GameTheory/Auctions/Knapsack/Basic.lean	51	M-AUCT	def	binaryLoad	public
GameTheory/Auctions/Knapsack/Basic.lean	55	M-AUCT	def	binaryRespectsCapacity	public
GameTheory/Auctions/Knapsack/Basic.lean	59	M-AUCT	def	feasibleBinaryAllocations	public
GameTheory/Auctions/Knapsack/Basic.lean	66	M-AUCT	def	binarySocialWelfare	public
GameTheory/Auctions/Knapsack/Basic.lean	70	M-AUCT	theorem	zeroBinaryRespectsCapacity	public
GameTheory/Auctions/Knapsack/Basic.lean	75	M-AUCT	theorem	feasibleBinaryAllocations_nonempty	public
GameTheory/Auctions/Knapsack/Basic.lean	81	M-AUCT	theorem	exists_welfareMaximizer	public
GameTheory/Auctions/Knapsack/Basic.lean	90	M-AUCT	def	welfareMaximizer	public
GameTheory/Auctions/Knapsack/Basic.lean	95	M-AUCT	theorem	welfareMaximizer_mem_feasibleBinaryAllocations	public
GameTheory/Auctions/Knapsack/Basic.lean	101	M-AUCT	theorem	welfareMaximizer_ge	public
GameTheory/Auctions/Knapsack/Basic.lean	109	M-AUCT	def	maximalSocialWelfare	public
GameTheory/Auctions/Knapsack/Basic.lean	114	M-AUCT	theorem	welfareMaximizer_respectsCapacity	public
GameTheory/Auctions/Knapsack/Basic.lean	120	M-AUCT	theorem	binaryRespectsCapacity_of_mem_feasibleBinaryAllocations	public
GameTheory/Auctions/Knapsack/Basic.lean	129	M-AUCT	def	fractionalSocialWelfare	public
GameTheory/Auctions/Knapsack/Basic.lean	133	M-AUCT	def	fractionalFeasible	public
GameTheory/Auctions/Knapsack/Basic.lean	138	M-AUCT	def	ratio	public
GameTheory/Auctions/Knapsack/Basic.lean	143	M-AUCT	def	ratioTieKey	public
GameTheory/Auctions/Knapsack/Basic.lean	148	M-AUCT	def	sortedAgentsByRatio	public
GameTheory/Auctions/Knapsack/Basic.lean	156	M-AUCT	def	fractionalGreedyList	public
GameTheory/Auctions/Knapsack/Basic.lean	169	M-AUCT	def	fractionalGreedyAllocation	public
GameTheory/Auctions/Knapsack/Basic.lean	174	M-AUCT	theorem	binaryToAllocation_fractionalFeasible_of_binaryRespectsCapacity	public
GameTheory/Auctions/Knapsack/Basic.lean	185	M-AUCT	theorem	fractionalGreedyWelfare_ge_zeroOneWelfare_of_optimal	public
GameTheory/Auctions/Knapsack/Basic.lean	209	M-AUCT	theorem	binarySocialWelfare_update_eq_add	public
GameTheory/Auctions/Knapsack/Basic.lean	237	M-AUCT	def	welfareMaximizingAllocationRule	public
GameTheory/Auctions/Knapsack/Basic.lean	242	M-AUCT	def	welfareMaximizingPaymentRule	public
GameTheory/Auctions/Knapsack/Basic.lean	248	M-AUCT	def	welfareMaximizingMechanism	public
GameTheory/Auctions/Knapsack/Basic.lean	254	M-AUCT	theorem	welfareMaximizingAllocationRule_isMonotone	public
GameTheory/Auctions/Knapsack/Basic.lean	298	M-AUCT	theorem	welfareMaximizingMechanism_isDSIC	public
GameTheory/Auctions/Knapsack/Basic.lean	312	M-AUCT	def	natBinarySocialWelfare	public
GameTheory/Auctions/Knapsack/Basic.lean	316	M-AUCT	def	natBinaryLoad	public
GameTheory/Auctions/Knapsack/Basic.lean	321	M-AUCT	def	supportedOn	private
GameTheory/Auctions/Knapsack/Basic.lean	325	M-AUCT	theorem	eq_false_of_supportedOn_of_not_mem	private
GameTheory/Auctions/Knapsack/Basic.lean	334	M-AUCT	theorem	supportedOn_nil_iff	private
GameTheory/Auctions/Knapsack/Basic.lean	344	M-AUCT	theorem	supportedOn_tail_of_eq_false	private
GameTheory/Auctions/Knapsack/Basic.lean	355	M-AUCT	theorem	supportedOn_update_false	private
GameTheory/Auctions/Knapsack/Basic.lean	369	M-AUCT	theorem	natBinarySocialWelfare_eq_add_of_true	private
GameTheory/Auctions/Knapsack/Basic.lean	392	M-AUCT	theorem	natBinaryLoad_eq_add_of_true	private
GameTheory/Auctions/Knapsack/Basic.lean	414	M-AUCT	theorem	natBinarySocialWelfare_update_true_of_false	private
GameTheory/Auctions/Knapsack/Basic.lean	439	M-AUCT	theorem	natBinaryLoad_update_true_of_false	private
GameTheory/Auctions/Knapsack/Basic.lean	464	M-AUCT	def	dpSolveList	public
GameTheory/Auctions/Knapsack/Basic.lean	479	M-AUCT	theorem	dpSolveList_supportedOn	private
GameTheory/Auctions/Knapsack/Basic.lean	511	M-AUCT	theorem	dpSolveList_feasible	private
GameTheory/Auctions/Knapsack/Basic.lean	547	M-AUCT	theorem	dpSolveList_optimal	private
GameTheory/Auctions/Knapsack/Basic.lean	624	M-AUCT	def	dynamicProgrammingOptimalAllocation	public
GameTheory/Auctions/Knapsack/Basic.lean	629	M-AUCT	def	dynamicProgrammingOptimalValue	public
GameTheory/Auctions/Knapsack/Basic.lean	635	M-AUCT	theorem	dynamicProgrammingOptimalAllocation_feasible	public
GameTheory/Auctions/Knapsack/Basic.lean	647	M-AUCT	theorem	dynamicProgrammingOptimalAllocation_optimal	public
GameTheory/Auctions/Knapsack/Basic.lean	669	M-AUCT	def	natAuctionData	public
GameTheory/Auctions/Knapsack/Basic.lean	674	M-AUCT	def	realBidOfNat	public
GameTheory/Auctions/Knapsack/Basic.lean	679	M-AUCT	def	integralGreedyList	public
GameTheory/Auctions/Knapsack/Basic.lean	689	M-AUCT	def	integralGreedyAllocation	public
GameTheory/Auctions/Knapsack/Basic.lean	695	M-AUCT	def	integralGreedyValue	public
GameTheory/Auctions/Knapsack/Basic.lean	699	M-AUCT	def	highestBidValue	public
GameTheory/Auctions/Knapsack/Basic.lean	703	M-AUCT	theorem	le_highestBidValue	public
GameTheory/Auctions/Knapsack/Basic.lean	709	M-AUCT	theorem	fractionalSocialWelfare_realBidOfNat_binaryToAllocation	public
GameTheory/Auctions/Knapsack/Basic.lean	716	M-AUCT	def	natFractionalGreedyList	public
GameTheory/Auctions/Knapsack/Basic.lean	726	M-AUCT	def	natFractionalGreedyAllocation	public
GameTheory/Auctions/Knapsack/Basic.lean	732	M-AUCT	def	natFractionalGreedyValue	public
GameTheory/Auctions/Knapsack/Basic.lean	739	M-AUCT	def	fractionalSupportedOn	private
GameTheory/Auctions/Knapsack/Basic.lean	743	M-AUCT	theorem	eq_zero_of_fractionalSupportedOn_of_not_mem	private
GameTheory/Auctions/Knapsack/Basic.lean	751	M-AUCT	theorem	integralGreedyList_supportedOn	private
GameTheory/Auctions/Knapsack/Basic.lean	770	M-AUCT	theorem	natFractionalGreedyList_supportedOn	private
GameTheory/Auctions/Knapsack/Basic.lean	794	M-AUCT	theorem	fractionalSocialWelfare_update_one_of_zero	private
GameTheory/Auctions/Knapsack/Basic.lean	813	M-AUCT	theorem	fractionalSocialWelfare_singleton	private
GameTheory/Auctions/Knapsack/Basic.lean	827	M-AUCT	theorem	natFractionalGreedyList_le_integralGreedyList_plus_highest	private
GameTheory/Auctions/Knapsack/Basic.lean	915	M-AUCT	theorem	natFractionalGreedyValue_le_integralGreedyValue_plus_highest	private
GameTheory/Auctions/Knapsack/Basic.lean	936	M-AUCT	theorem	dynamicProgrammingOptimalAllocation_fractionalFeasible	public
GameTheory/Auctions/Knapsack/Basic.lean	955	M-AUCT	theorem	integralGreedy_halfApprox_dpOptimal	public
GameTheory/Auctions/ReserveVickrey.lean	30	M-AUCT	def	reserveVickreyClearingPrice	public
GameTheory/Auctions/ReserveVickrey.lean	37	M-AUCT	def	reserveVickreyWins	public
GameTheory/Auctions/ReserveVickrey.lean	42	M-AUCT	theorem	reserveVickreyClearingPrice_update_self	public
GameTheory/Auctions/ReserveVickrey.lean	50	M-AUCT	theorem	bid_le_maxOtherBid_of_ne	public
GameTheory/Auctions/ReserveVickrey.lean	63	M-AUCT	theorem	reserveVickreyWins_unique	public
GameTheory/Auctions/ReserveVickrey.lean	83	M-AUCT	def	reserveVickreyAllocation	public
GameTheory/Auctions/ReserveVickrey.lean	93	M-AUCT	theorem	allocation_eq_some_iff	public
GameTheory/Auctions/ReserveVickrey.lean	116	M-AUCT	theorem	allocation_eq_none_iff	public
GameTheory/Auctions/ReserveVickrey.lean	132	M-AUCT	theorem	clearingPrice_eq_max_reserve_excluding	public
GameTheory/Auctions/ReserveVickrey.lean	140	M-AUCT	theorem	clearingPrice_lt_bid_of_allocation_eq_some	public
GameTheory/Auctions/ReserveVickrey.lean	148	M-AUCT	theorem	clearingPrice_le_bid_of_allocation_eq_some	public
GameTheory/Auctions/ReserveVickrey.lean	154	M-AUCT	def	reserveVickreyValue	public
GameTheory/Auctions/ReserveVickrey.lean	161	M-AUCT	def	reserveVickreyPayment	public
GameTheory/Auctions/ReserveVickrey.lean	170	M-AUCT	theorem	payment_of_allocation_eq_some	public
GameTheory/Auctions/ReserveVickrey.lean	178	M-AUCT	theorem	payment_of_allocation_ne_some	public
GameTheory/Auctions/ReserveVickrey.lean	185	M-AUCT	theorem	payment_le_bid_of_allocation_eq_some	public
GameTheory/Auctions/ReserveVickrey.lean	193	M-AUCT	def	reserveVickreyUtility	public
GameTheory/Auctions/ReserveVickrey.lean	201	M-AUCT	theorem	utility_winner	public
GameTheory/Auctions/ReserveVickrey.lean	209	M-AUCT	theorem	utility_loser	public
GameTheory/Auctions/ReserveVickrey.lean	224	M-AUCT	theorem	reserveVickreyUtility_eq_if_wins	public
GameTheory/Auctions/ReserveVickrey.lean	241	M-AUCT	theorem	utility_nonneg	public
GameTheory/Auctions/ReserveVickrey.lean	253	M-AUCT	theorem	truthful_weakly_dominant	public
GameTheory/Auctions/ReserveVickrey.lean	276	M-AUCT	def	reserveVickreyGame	public
GameTheory/Auctions/ReserveVickrey.lean	283	M-AUCT	theorem	reserveVickreyGame_eu	public
GameTheory/Auctions/ReserveVickrey.lean	292	M-AUCT	theorem	valuation_is_dominant	public
GameTheory/Auctions/ReserveVickrey.lean	300	M-AUCT	theorem	mechanism_isDSIC	public
GameTheory/Auctions/ReserveVickrey.lean	306	M-AUCT	theorem	reserveVickrey_truthful_isNash	public
GameTheory/Auctions/VCG.lean	46	M-AUCT	structure	VCGSetup	public
GameTheory/Auctions/VCG.lean	71	M-AUCT	def	vcgPayment	public
GameTheory/Auctions/VCG.lean	76	M-AUCT	def	trueUtility	public
GameTheory/Auctions/VCG.lean	80	M-AUCT	theorem	trueUtility_eq	public
GameTheory/Auctions/VCG.lean	93	M-AUCT	theorem	vcg_truthful	public
GameTheory/Auctions/VCG.lean	124	M-AUCT	def	toInformationalGame	public
GameTheory/Auctions/VCG.lean	130	M-AUCT	def	truthfulStrategy	public
GameTheory/Auctions/VCG.lean	133	M-AUCT	theorem	toInformationalGame_play_truthful	public
GameTheory/Auctions/VCG.lean	139	M-AUCT	theorem	truthfulStrategy_isExPostEq	public
GameTheory/Auctions/Vickrey.lean	35	M-AUCT	def	vickreyPayoff	public
GameTheory/Auctions/Vickrey.lean	40	M-AUCT	theorem	vickrey_truthful_dominant	public
GameTheory/Auctions/Vickrey.lean	60	M-AUCT	def	vickreyGame	public
GameTheory/Auctions/Vickrey.lean	65	M-AUCT	theorem	vickrey_truthful_isDominant	public
GameTheory/Auctions/Vickrey.lean	73	M-AUCT	theorem	vickrey_truthful_isNash	public
GameTheory/Basic.lean	23	S-FOUND	abbrev	Payoff	public
GameTheory/Concepts/Classes/EvolutionaryStability.lean	40	D-EVOL	def	IsESS	public
GameTheory/Concepts/Classes/EvolutionaryStability.lean	47	D-EVOL	def	IsNSS	public
GameTheory/Concepts/Classes/EvolutionaryStability.lean	52	D-EVOL	theorem	IsESS.isNSS	public
GameTheory/Concepts/Classes/EvolutionaryStability.lean	60	D-EVOL	theorem	IsESS.nash_condition	public
GameTheory/Concepts/Classes/EvolutionaryStability.lean	65	D-EVOL	theorem	IsESS.stability	public
GameTheory/Concepts/Classes/EvolutionaryStability.lean	71	D-EVOL	theorem	isESS_of_strict_nash	public
GameTheory/Concepts/Classes/EvolutionaryStability.lean	81	D-EVOL	theorem	IsESS.strict_against_other_ess	public
GameTheory/Concepts/Classes/EvolutionaryStability.lean	98	D-EVOL	def	symmetricEU	public
GameTheory/Concepts/Classes/EvolutionaryStability.lean	104	D-EVOL	theorem	IsESS.isNash_symmetric	public
GameTheory/Concepts/Classes/SymmetricGame.lean	41	S-FOUND	theorem	pmfPi_const_perm_apply	public
GameTheory/Concepts/Classes/SymmetricGame.lean	61	S-FOUND	def	IsSymmetricEU	public
GameTheory/Concepts/Classes/SymmetricGame.lean	66	S-FOUND	theorem	IsSymmetricEU.apply_perm	public
GameTheory/Concepts/Classes/SymmetricGame.lean	74	S-FOUND	def	symmetricProfile	public
GameTheory/Concepts/Classes/SymmetricGame.lean	77	S-FOUND	theorem	symmetricProfile_comp	public
GameTheory/Concepts/Classes/SymmetricGame.lean	82	S-FOUND	def	profilePerm	public
GameTheory/Concepts/Classes/SymmetricGame.lean	95	S-FOUND	theorem	isSymmetricEU_eu_eq	public
GameTheory/Concepts/Classes/SymmetricGame.lean	109	S-FOUND	theorem	ofEU_mixedExtension_eu_eq_ofPureEU	public
GameTheory/Concepts/Classes/SymmetricGame.lean	141	S-FOUND	theorem	IsSymmetricEU.ofPureEU_mixed	public
GameTheory/Concepts/Classes/SymmetricGame.lean	190	S-FOUND	theorem	isSymmetricEU_nash_perm	public
GameTheory/Concepts/Classes/SymmetricGame.lean	217	S-FOUND	theorem	symmetric_mixed_nash_exists_ofPureEU	public
GameTheory/Concepts/Classes/SymmetricGame.lean	342	S-FOUND	theorem	symmetric_mixed_nash_exists	public
GameTheory/Concepts/Classes/TeamGame.lean	38	S-FOUND	theorem	IsTeamGame.eu_eq	public
GameTheory/Concepts/Classes/TeamGame.lean	47	S-FOUND	theorem	IsTeamGame.eu_eq_update	public
GameTheory/Concepts/Classes/TeamGame.lean	60	S-FOUND	theorem	IsTeamGame.nash_deviation_nonimproving	public
GameTheory/Concepts/Communication/Babbling.lean	32	D-COMM	theorem	babbling_nashFor	public
GameTheory/Concepts/Communication/Babbling.lean	50	D-COMM	theorem	babbling_nashFor	public
GameTheory/Concepts/Communication/Babbling.lean	66	D-COMM	theorem	babblingDeviationPreservingFor	public
GameTheory/Concepts/Communication/Babbling.lean	78	D-COMM	theorem	babbling_nashFor	public
GameTheory/Concepts/Communication/Babbling.lean	93	D-COMM	theorem	babbling_nashFor	public
GameTheory/Concepts/Communication/Babbling.lean	108	D-COMM	theorem	babbling_nash	public
GameTheory/Concepts/Communication/Babbling.lean	138	D-COMM	abbrev	CheapTalkExtension	public
GameTheory/Concepts/Communication/Babbling.lean	145	D-COMM	def	game	public
GameTheory/Concepts/Communication/Babbling.lean	155	D-COMM	theorem	babbling_eu	public
GameTheory/Concepts/Communication/Babbling.lean	170	D-COMM	theorem	babbling_nash	public
GameTheory/Concepts/Communication/Babbling.lean	184	D-COMM	theorem	actionProfile_isNash_of_nash	public
GameTheory/Concepts/Communication/Babbling.lean	198	D-COMM	theorem	outcomeKernel_eq_base_nash_outcomeKernel_of_nash	public
GameTheory/Concepts/Communication/Babbling.lean	209	D-COMM	theorem	exists_nash_outcomeKernel_iff	public
GameTheory/Concepts/Communication/Babbling.lean	225	D-COMM	theorem	constantSum_eu_eq_base_nash	public
GameTheory/Concepts/Communication/Babbling.lean	238	D-COMM	theorem	zeroSum_eu_eq_base_nash	public
GameTheory/Concepts/Communication/CheapTalkPublicRandomness.lean	47	D-COMM	abbrev	MessageProfile	public
GameTheory/Concepts/Communication/CheapTalkPublicRandomness.lean	50	D-COMM	instance	instFiniteGameOutcome	public
GameTheory/Concepts/Communication/CheapTalkPublicRandomness.lean	57	D-COMM	def	mixedMessageMarginal	public
GameTheory/Concepts/Communication/CheapTalkPublicRandomness.lean	63	D-COMM	def	mixedMessageLaw	public
GameTheory/Concepts/Communication/CheapTalkPublicRandomness.lean	71	D-COMM	def	conditionalCheapTalkStrategy	public
GameTheory/Concepts/Communication/CheapTalkPublicRandomness.lean	78	D-COMM	def	conditionalCheapTalkProfile	public
GameTheory/Concepts/Communication/CheapTalkPublicRandomness.lean	86	D-COMM	def	publicPlay	public
GameTheory/Concepts/Communication/CheapTalkPublicRandomness.lean	94	D-COMM	def	actionLaw	public
GameTheory/Concepts/Communication/CheapTalkPublicRandomness.lean	100	D-COMM	def	mixedActionLaw	public
GameTheory/Concepts/Communication/CheapTalkPublicRandomness.lean	107	D-COMM	def	liftActionDeviation	public
GameTheory/Concepts/Communication/CheapTalkPublicRandomness.lean	112	D-COMM	theorem	actionProfile_update_liftActionDeviation	public
GameTheory/Concepts/Communication/CheapTalkPublicRandomness.lean	141	D-COMM	theorem	correlatedEu_actionLaw_eq	public
GameTheory/Concepts/Communication/CheapTalkPublicRandomness.lean	166	D-COMM	theorem	unilateralDeviationDistribution_actionLaw	public
GameTheory/Concepts/Communication/CheapTalkPublicRandomness.lean	182	D-COMM	theorem	pmf_map_congr_on_support	private
GameTheory/Concepts/Communication/CheapTalkPublicRandomness.lean	193	D-COMM	theorem	mixedStrategyLaw_eq_message_bind_conditional	public
GameTheory/Concepts/Communication/CheapTalkPublicRandomness.lean	257	D-COMM	theorem	messageProfile_eq_of_conditionalCheapTalkProfile_ne_zero	public
GameTheory/Concepts/Communication/CheapTalkPublicRandomness.lean	293	D-COMM	theorem	actionProfile_map_conditional_eq_pmfPi_publicPlay	public
GameTheory/Concepts/Communication/CheapTalkPublicRandomness.lean	346	D-COMM	theorem	mixedActionLaw_eq_publicCorrelatedLaw	public
GameTheory/Concepts/Communication/CheapTalkPublicRandomness.lean	368	D-COMM	def	InducesPublicSignalNash	public
GameTheory/Concepts/Communication/CheapTalkPublicRandomness.lean	380	D-COMM	theorem	mixedNash_mixedActionLaw_isCorrelatedEq	public
GameTheory/Concepts/Communication/CheapTalkPublicRandomness.lean	421	D-COMM	theorem	mixedNash_mixedActionLaw_isCoarseCorrelatedEq	public
GameTheory/Concepts/Communication/CheapTalkPublicRandomness.lean	430	D-COMM	theorem	InducesPublicSignalNash.mixedActionLaw_isCorrelatedEq	public
GameTheory/Concepts/Communication/CheapTalkPublicRandomness.lean	440	D-COMM	theorem	InducesPublicSignalNash.mixedActionLaw_isCoarseCorrelatedEq	public
GameTheory/Concepts/Communication/CheapTalkPublicRandomness.lean	450	D-COMM	theorem	InducesPublicSignalNash.mixedActionLaw_payoff_isMixedNashPayoffMixture	public
GameTheory/Concepts/Communication/CheapTalkPublicRandomness.lean	465	D-COMM	theorem	mixedExtension_eu_eq_correlatedEu_mixedActionLaw_of_bounded	public
GameTheory/Concepts/Communication/CheapTalkPublicRandomness.lean	496	D-COMM	theorem	mixedExtension_eu_eq_correlatedEu_mixedActionLaw	public
GameTheory/Concepts/Communication/CheapTalkPublicRandomnessConstantSum.lean	28	D-COMM	theorem	InducesPublicSignalNash.constantSum_mixedExtension_eu_eq_base_nash	public
GameTheory/Concepts/Communication/CheapTalkPublicRandomnessConstantSum.lean	42	D-COMM	theorem	mixedNash_constantSum_mixedExtension_eu_eq_base_nash	public
GameTheory/Concepts/Communication/CheapTalkPublicRandomnessConstantSum.lean	55	D-COMM	theorem	InducesPublicSignalNash.zeroSum_mixedExtension_eu_eq_base_nash	public
GameTheory/Concepts/Communication/CheapTalkPublicRandomnessConstantSum.lean	67	D-COMM	theorem	mixedNash_zeroSum_mixedExtension_eu_eq_base_nash	public
GameTheory/Concepts/Correlation/ApproximateCorrelatedEq.lean	42	S-CORR	def	IsεCoarseCorrelatedEq	public
GameTheory/Concepts/Correlation/ApproximateCorrelatedEq.lean	48	S-CORR	def	IsεCorrelatedEq	public
GameTheory/Concepts/Correlation/ApproximateCorrelatedEq.lean	54	S-CORR	theorem	isεCoarseCorrelatedEq_iff_externalRegret_le	public
GameTheory/Concepts/Correlation/ApproximateCorrelatedEq.lean	63	S-CORR	theorem	isεCorrelatedEq_iff_swapRegret_le	public
GameTheory/Concepts/Correlation/ApproximateCorrelatedEq.lean	71	S-CORR	theorem	IsεCoarseCorrelatedEq.mono	public
GameTheory/Concepts/Correlation/ApproximateCorrelatedEq.lean	76	S-CORR	theorem	IsεCorrelatedEq.mono	public
GameTheory/Concepts/Correlation/ApproximateCorrelatedEq.lean	81	S-CORR	theorem	isCoarseCorrelatedEq_iff_isεCoarseCorrelatedEq_zero	public
GameTheory/Concepts/Correlation/ApproximateCorrelatedEq.lean	86	S-CORR	theorem	isCorrelatedEq_iff_isεCorrelatedEq_zero	public
GameTheory/Concepts/Correlation/ApproximateCorrelatedEq.lean	91	S-CORR	theorem	IsεCoarseCorrelatedEq.of_isCoarseCorrelatedEq	public
GameTheory/Concepts/Correlation/ApproximateCorrelatedEq.lean	96	S-CORR	theorem	IsεCorrelatedEq.of_isCorrelatedEq	public
GameTheory/Concepts/Correlation/ApproximateCorrelatedEq.lean	102	S-CORR	theorem	IsεCorrelatedEq.toCoarseCorrelatedEq	public
GameTheory/Concepts/Correlation/CorrelatedEqProperties.lean	33	S-CORR	theorem	IsCorrelatedEq.toCoarseCorrelatedEq	public
GameTheory/Concepts/Correlation/CorrelatedNashMixed.lean	42	S-CORR	theorem	correlatedEu_pure	public
GameTheory/Concepts/Correlation/CorrelatedNashMixed.lean	48	S-CORR	theorem	correlatedEu_eq_expect_eu_of_bounded	public
GameTheory/Concepts/Correlation/CorrelatedNashMixed.lean	57	S-CORR	theorem	correlatedEu_eq_expect_eu	public
GameTheory/Concepts/Correlation/CorrelatedNashMixed.lean	73	S-CORR	theorem	correlatedEu_constantDeviationDistribution_eq_expect_update_of_bounded	public
GameTheory/Concepts/Correlation/CorrelatedNashMixed.lean	88	S-CORR	theorem	correlatedEu_constantDeviationDistribution_eq_expect_update	public
GameTheory/Concepts/Correlation/CorrelatedNashMixed.lean	99	S-CORR	theorem	correlatedEu_unilateralDeviationDistribution_eq_expect_update_of_bounded	public
GameTheory/Concepts/Correlation/CorrelatedNashMixed.lean	116	S-CORR	theorem	correlatedEu_unilateralDeviationDistribution_eq_expect_update	public
GameTheory/Concepts/Correlation/CorrelatedNashMixed.lean	132	S-CORR	theorem	IsCorrelatedEq.conditional_obedience	public
GameTheory/Concepts/Correlation/CorrelatedNashMixed.lean	176	S-CORR	theorem	unilateralDeviationDistribution_pmfPi	public
GameTheory/Concepts/Correlation/CorrelatedNashMixed.lean	193	S-CORR	theorem	mixed_nash_isCorrelatedEq_of_bounded	public
GameTheory/Concepts/Correlation/CorrelatedNashMixed.lean	230	S-CORR	theorem	mixed_nash_isCorrelatedEq	public
GameTheory/Concepts/Correlation/CorrelatedNashMixed.lean	249	S-CORR	theorem	IsCorrelatedEq.support_avoids_dominated_relative	public
GameTheory/Concepts/Correlation/CorrelationRegimes.lean	40	S-CORR	theorem	expect_mono_of_ne_zero_bounded	public
GameTheory/Concepts/Correlation/CorrelationRegimes.lean	63	S-CORR	theorem	correlatedEu_abs_le_of_bounded	public
GameTheory/Concepts/Correlation/CorrelationRegimes.lean	102	S-CORR	theorem	correlatedEu_abs_le	public
GameTheory/Concepts/Correlation/CorrelationRegimes.lean	113	S-CORR	theorem	correlatedEu_bind_of_bounded	public
GameTheory/Concepts/Correlation/CorrelationRegimes.lean	125	S-CORR	theorem	correlatedEu_bind	public
GameTheory/Concepts/Correlation/CorrelationRegimes.lean	135	S-CORR	theorem	unilateralDeviationDistribution_bind	public
GameTheory/Concepts/Correlation/CorrelationRegimes.lean	144	S-CORR	theorem	isCorrelatedEq_bind_of_bounded	public
GameTheory/Concepts/Correlation/CorrelationRegimes.lean	165	S-CORR	theorem	isCorrelatedEq_bind	public
GameTheory/Concepts/Correlation/CorrelationRegimes.lean	180	S-CORR	def	publicCorrelatedLaw	public
GameTheory/Concepts/Correlation/CorrelationRegimes.lean	188	S-CORR	def	PublicSignalNash	public
GameTheory/Concepts/Correlation/CorrelationRegimes.lean	193	S-CORR	theorem	correlatedEu_pmfPi_eq_mixedExtension_eu_of_bounded	public
GameTheory/Concepts/Correlation/CorrelationRegimes.lean	201	S-CORR	theorem	correlatedEu_pmfPi_eq_mixedExtension_eu	public
GameTheory/Concepts/Correlation/CorrelationRegimes.lean	210	S-CORR	theorem	PublicSignalNash.isCorrelatedEq_of_bounded	public
GameTheory/Concepts/Correlation/CorrelationRegimes.lean	221	S-CORR	theorem	PublicSignalNash.isCorrelatedEq	public
GameTheory/Concepts/Correlation/CorrelationRegimes.lean	234	S-CORR	def	IsMixedNashPayoffMixture	public
GameTheory/Concepts/Correlation/CorrelationRegimes.lean	241	S-CORR	def	publicRegimePayoff	public
GameTheory/Concepts/Correlation/CorrelationRegimes.lean	246	S-CORR	theorem	PublicSignalNash.publicRegimePayoff_isMixedNashPayoffMixture	public
GameTheory/Concepts/Correlation/CorrelationRegimes.lean	253	S-CORR	theorem	correlatedEu_publicCorrelatedLaw_eq_publicRegimePayoff_of_bounded	public
GameTheory/Concepts/Correlation/CorrelationRegimes.lean	265	S-CORR	theorem	correlatedEu_publicCorrelatedLaw_eq_publicRegimePayoff	public
GameTheory/Concepts/Correlation/CorrelationRegimes.lean	276	S-CORR	theorem	PublicSignalNash.correlatedPayoff_isMixedNashPayoffMixture_of_bounded	public
GameTheory/Concepts/Correlation/CorrelationRegimes.lean	288	S-CORR	theorem	PublicSignalNash.correlatedPayoff_isMixedNashPayoffMixture	public
GameTheory/Concepts/Correlation/CorrelationSaturation.lean	72	S-CORR	theorem	strictDominant_isCoarseCorrelatedEq_iff	public
GameTheory/Concepts/Correlation/CorrelationSaturation.lean	160	S-CORR	theorem	strictDominant_isCorrelatedEq_iff	public
GameTheory/Concepts/Correlation/CorrelationSaturation.lean	174	S-CORR	def	IsSaturatedFor	public
GameTheory/Concepts/Correlation/CorrelationSaturation.lean	181	S-CORR	theorem	IsSaturatedFor.mono	public
GameTheory/Concepts/Correlation/CorrelationSaturation.lean	187	S-CORR	def	IsCorrelationSaturated	public
GameTheory/Concepts/Correlation/CorrelationSaturation.lean	193	S-CORR	def	IsCoarseCorrelationSaturated	public
GameTheory/Concepts/Correlation/CorrelationSaturation.lean	198	S-CORR	theorem	IsCoarseCorrelationSaturated.isCorrelationSaturated	public
GameTheory/Concepts/Correlation/CorrelationSaturation.lean	207	S-CORR	theorem	strictDominant_isCoarseCorrelationSaturated	public
GameTheory/Concepts/Correlation/CorrelationSaturation.lean	222	S-CORR	theorem	strictDominant_isCorrelationSaturated	public
GameTheory/Concepts/Correlation/CorrelationSaturation.lean	241	S-CORR	theorem	IsIESDSSolvable.isCorrelationSaturated	public
GameTheory/Concepts/Correlation/GameMorphism.lean	44	S-CORR	def	Morphism.realizeLaw	public
GameTheory/Concepts/Correlation/GameMorphism.lean	52	S-CORR	theorem	Morphism.correlatedEu_preserved_of_bounded	public
GameTheory/Concepts/Correlation/GameMorphism.lean	69	S-CORR	def	realize	public
GameTheory/Concepts/Correlation/GameMorphism.lean	73	S-CORR	theorem	realize_eq_toMorphism_realizeLaw	public
GameTheory/Concepts/Correlation/GameMorphism.lean	82	S-CORR	def	toUtilityStrategicEquivalence	public
GameTheory/Concepts/Correlation/GameMorphism.lean	103	S-CORR	theorem	correlatedEq_iff	public
GameTheory/Concepts/Correlation/GameMorphism.lean	144	S-CORR	theorem	coarseCorrelatedEq_iff	public
GameTheory/Concepts/Correlation/Regret.lean	45	S-CORR	def	swapRegret	public
GameTheory/Concepts/Correlation/Regret.lean	51	S-CORR	def	externalRegret	public
GameTheory/Concepts/Correlation/Regret.lean	56	S-CORR	theorem	swapRegret_id	public
GameTheory/Concepts/Correlation/Regret.lean	63	S-CORR	def	maxSwapRegret	public
GameTheory/Concepts/Correlation/Regret.lean	69	S-CORR	theorem	swapRegret_le_maxSwapRegret	public
GameTheory/Concepts/Correlation/Regret.lean	76	S-CORR	theorem	maxSwapRegret_nonneg	public
GameTheory/Concepts/Correlation/Regret.lean	85	S-CORR	def	conditionalSwapRegret	public
GameTheory/Concepts/Correlation/Regret.lean	95	S-CORR	theorem	conditionalGain_le_conditionalSwapRegret	public
GameTheory/Concepts/Correlation/Regret.lean	109	S-CORR	theorem	conditionalSwapRegret_nonneg	public
GameTheory/Concepts/Correlation/Regret.lean	145	S-CORR	theorem	pmf_supportFinset_nonempty	private
GameTheory/Concepts/Correlation/Regret.lean	156	S-CORR	def	maxConditionalSwapRegret	public
GameTheory/Concepts/Correlation/Regret.lean	163	S-CORR	theorem	conditionalSwapRegret_le_maxConditionalSwapRegret	public
GameTheory/Concepts/Correlation/Regret.lean	179	S-CORR	theorem	maxConditionalSwapRegret_nonneg	public
GameTheory/Concepts/Correlation/Regret.lean	192	S-CORR	def	maxSupportedPointwiseConditionalSwapRegret	public
GameTheory/Concepts/Correlation/Regret.lean	200	S-CORR	theorem	sum_conditionalSwapRegret_le_maxSupportedPointwiseConditionalSwapRegret	public
GameTheory/Concepts/Correlation/Regret.lean	215	S-CORR	theorem	swapRegret_eq_expect_gain	public
GameTheory/Concepts/Correlation/Regret.lean	227	S-CORR	theorem	swapRegret_eq_sum_conditionalGain	public
GameTheory/Concepts/Correlation/Regret.lean	255	S-CORR	theorem	expect_conditionalSwapRegret_eq_sum	public
GameTheory/Concepts/Correlation/Regret.lean	283	S-CORR	theorem	maxSwapRegret_le_expect_conditionalSwapRegret	public
GameTheory/Concepts/Correlation/Regret.lean	304	S-CORR	theorem	expect_conditionalSwapRegret_le_maxSwapRegret	public
GameTheory/Concepts/Correlation/Regret.lean	351	S-CORR	theorem	maxSwapRegret_eq_expect_conditionalSwapRegret	public
GameTheory/Concepts/Correlation/Regret.lean	362	S-CORR	theorem	externalRegret_eq_swapRegret_const	public
GameTheory/Concepts/Correlation/Regret.lean	371	S-CORR	theorem	isCorrelatedEq_iff_noSwapRegret	public
GameTheory/Concepts/Correlation/Regret.lean	376	S-CORR	theorem	isCoarseCorrelatedEq_iff_noExternalRegret	public
GameTheory/Concepts/Correlation/Regret.lean	381	S-CORR	theorem	noSwapRegret_imp_noExternalRegret	public
GameTheory/Concepts/Correlation/Regret.lean	409	S-CORR	def	bestUtility	public
GameTheory/Concepts/Correlation/Regret.lean	415	S-CORR	def	regret	public
GameTheory/Concepts/Correlation/Regret.lean	419	S-CORR	theorem	regret_nonneg	public
GameTheory/Concepts/Correlation/Regret.lean	425	S-CORR	theorem	regret_eq_zero_iff_best	public
GameTheory/Concepts/Correlation/Regret.lean	433	S-CORR	def	maxRegret	public
GameTheory/Concepts/Correlation/Regret.lean	438	S-CORR	def	IsMinimaxRegret	public
GameTheory/Concepts/Correlation/Regret.lean	443	S-CORR	theorem	isMinimaxRegret_of_uniformlyBest	public
GameTheory/Concepts/Correlation/SignalTiming.lean	59	S-CORR	inductive	Player	public
GameTheory/Concepts/Correlation/SignalTiming.lean	63	S-CORR	inductive	Coin	public
GameTheory/Concepts/Correlation/SignalTiming.lean	67	S-CORR	inductive	Move	public
GameTheory/Concepts/Correlation/SignalTiming.lean	71	S-CORR	inductive	Act	public
GameTheory/Concepts/Correlation/SignalTiming.lean	75	S-CORR	def	recommended	public
GameTheory/Concepts/Correlation/SignalTiming.lean	82	S-CORR	def	branchPayoff	public
GameTheory/Concepts/Correlation/SignalTiming.lean	95	S-CORR	structure	EarlyP0Strategy	public
GameTheory/Concepts/Correlation/SignalTiming.lean	102	S-CORR	structure	LateP0Strategy	public
GameTheory/Concepts/Correlation/SignalTiming.lean	108	S-CORR	abbrev	P1Strategy	public
GameTheory/Concepts/Correlation/SignalTiming.lean	111	S-CORR	abbrev	EarlyStrategy	public
GameTheory/Concepts/Correlation/SignalTiming.lean	116	S-CORR	abbrev	LateStrategy	public
GameTheory/Concepts/Correlation/SignalTiming.lean	121	S-CORR	def	avgFair	public
GameTheory/Concepts/Correlation/SignalTiming.lean	125	S-CORR	def	earlyEU	public
GameTheory/Concepts/Correlation/SignalTiming.lean	131	S-CORR	def	lateEU	public
GameTheory/Concepts/Correlation/SignalTiming.lean	136	S-CORR	def	earlySignalGame	public
GameTheory/Concepts/Correlation/SignalTiming.lean	140	S-CORR	def	lateSignalGame	public
GameTheory/Concepts/Correlation/SignalTiming.lean	143	S-CORR	instance	instFintypeEarlyStrategy	public
GameTheory/Concepts/Correlation/SignalTiming.lean	147	S-CORR	instance	instFintypeLateStrategy	public
GameTheory/Concepts/Correlation/SignalTiming.lean	151	S-CORR	instance	<anonymous@151>	public
GameTheory/Concepts/Correlation/SignalTiming.lean	154	S-CORR	instance	<anonymous@154>	public
GameTheory/Concepts/Correlation/SignalTiming.lean	157	S-CORR	instance	<anonymous@157>	public
GameTheory/Concepts/Correlation/SignalTiming.lean	160	S-CORR	instance	<anonymous@160>	public
GameTheory/Concepts/Correlation/SignalTiming.lean	163	S-CORR	theorem	eu_earlySignalGame	public
GameTheory/Concepts/Correlation/SignalTiming.lean	167	S-CORR	theorem	eu_lateSignalGame	public
GameTheory/Concepts/Correlation/SignalTiming.lean	173	S-CORR	def	lateCoordinateProfile	public
GameTheory/Concepts/Correlation/SignalTiming.lean	178	S-CORR	theorem	late_coordinate_isNash	public
GameTheory/Concepts/Correlation/SignalTiming.lean	199	S-CORR	theorem	lateEU_coordinate_p1	public
GameTheory/Concepts/Correlation/SignalTiming.lean	204	S-CORR	theorem	late_nash_p1_three	public
GameTheory/Concepts/Correlation/SignalTiming.lean	212	S-CORR	def	forceOutAtT	public
GameTheory/Concepts/Correlation/SignalTiming.lean	219	S-CORR	theorem	early_nash_move_T_eq_out	public
GameTheory/Concepts/Correlation/SignalTiming.lean	238	S-CORR	theorem	branchPayoff_out	public
GameTheory/Concepts/Correlation/SignalTiming.lean	242	S-CORR	theorem	branchPayoff_H_p1_le	public
GameTheory/Concepts/Correlation/SignalTiming.lean	250	S-CORR	theorem	branchPayoff_T_sum_le	public
GameTheory/Concepts/Correlation/SignalTiming.lean	258	S-CORR	theorem	branchPayoff_HH_p0_le	public
GameTheory/Concepts/Correlation/SignalTiming.lean	264	S-CORR	theorem	branchPayoff_T_p0_le	public
GameTheory/Concepts/Correlation/SignalTiming.lean	271	S-CORR	theorem	branchPayoff_T_p1_le	public
GameTheory/Concepts/Correlation/SignalTiming.lean	279	S-CORR	theorem	branchPayoff_T_cce_bound	public
GameTheory/Concepts/Correlation/SignalTiming.lean	289	S-CORR	theorem	branchPayoff_H_cce_bound	public
GameTheory/Concepts/Correlation/SignalTiming.lean	296	S-CORR	theorem	early_nash_p1_cap	public
GameTheory/Concepts/Correlation/SignalTiming.lean	306	S-CORR	theorem	branchPayoff_H_p0_le	public
GameTheory/Concepts/Correlation/SignalTiming.lean	314	S-CORR	def	earlyCapProfile	public
GameTheory/Concepts/Correlation/SignalTiming.lean	319	S-CORR	theorem	earlyCapProfile_p0	public
GameTheory/Concepts/Correlation/SignalTiming.lean	322	S-CORR	theorem	earlyCapProfile_p1	public
GameTheory/Concepts/Correlation/SignalTiming.lean	328	S-CORR	theorem	early_coordinate_isNash	public
GameTheory/Concepts/Correlation/SignalTiming.lean	347	S-CORR	theorem	early_nash_p1_cap_tight	public
GameTheory/Concepts/Correlation/SignalTiming.lean	355	S-CORR	theorem	correlatedEu_earlySignalGame	public
GameTheory/Concepts/Correlation/SignalTiming.lean	359	S-CORR	theorem	correlatedEu_lateSignalGame	public
GameTheory/Concepts/Correlation/SignalTiming.lean	366	S-CORR	theorem	correlatedEu_unilat_early	public
GameTheory/Concepts/Correlation/SignalTiming.lean	376	S-CORR	theorem	correlatedEu_const_early	public
GameTheory/Concepts/Correlation/SignalTiming.lean	386	S-CORR	theorem	late_not_covered_by_early_nash	public
GameTheory/Concepts/Correlation/SignalTiming.lean	397	S-CORR	theorem	late_correlated_p1_three	public
GameTheory/Concepts/Correlation/SignalTiming.lean	407	S-CORR	theorem	early_p1_le_pointwise	public
GameTheory/Concepts/Correlation/SignalTiming.lean	425	S-CORR	theorem	early_correlated_p1_cap	public
GameTheory/Concepts/Correlation/SignalTiming.lean	447	S-CORR	theorem	early_correlated_p1_cap_tight	public
GameTheory/Concepts/Correlation/SignalTiming.lean	457	S-CORR	theorem	late_not_covered_by_early_correlated	public
GameTheory/Concepts/Correlation/SignalTiming.lean	476	S-CORR	def	dmPayoff	public
GameTheory/Concepts/Correlation/SignalTiming.lean	483	S-CORR	def	earlyDMValue	public
GameTheory/Concepts/Correlation/SignalTiming.lean	488	S-CORR	def	lateDMValue	public
GameTheory/Concepts/Correlation/SignalTiming.lean	494	S-CORR	theorem	single_agent_early_ge_late	public
GameTheory/Concepts/Correlation/SignalTiming.lean	507	S-CORR	def	earlyA	public
GameTheory/Concepts/Correlation/SignalTiming.lean	513	S-CORR	def	earlyB	public
GameTheory/Concepts/Correlation/SignalTiming.lean	519	S-CORR	def	earlyCCEWitness	public
GameTheory/Concepts/Correlation/SignalTiming.lean	522	S-CORR	theorem	expect_earlyCCEWitness	public
GameTheory/Concepts/Correlation/SignalTiming.lean	531	S-CORR	theorem	earlyA_p1	public
GameTheory/Concepts/Correlation/SignalTiming.lean	534	S-CORR	theorem	earlyB_p1	public
GameTheory/Concepts/Correlation/SignalTiming.lean	538	S-CORR	theorem	earlyA_p0	public
GameTheory/Concepts/Correlation/SignalTiming.lean	541	S-CORR	theorem	earlyB_p0	public
GameTheory/Concepts/Correlation/SignalTiming.lean	544	S-CORR	theorem	earlyCCE_p1_value	public
GameTheory/Concepts/Correlation/SignalTiming.lean	552	S-CORR	theorem	earlyCCEWitness_isCCE	public
GameTheory/Concepts/Correlation/SignalTiming.lean	574	S-CORR	def	deviateInHOutT	public
GameTheory/Concepts/Correlation/SignalTiming.lean	582	S-CORR	theorem	early_p1_le_pointwise_cce	public
GameTheory/Concepts/Correlation/SignalTiming.lean	597	S-CORR	theorem	early_coarseCorrelated_p1_cap	public
GameTheory/Concepts/Correlation/SignalTiming.lean	618	S-CORR	theorem	late_coarseCorrelated_p1_three	public
GameTheory/Concepts/Correlation/SignalTiming.lean	629	S-CORR	theorem	late_not_covered_by_early_coarseCorrelated	public
GameTheory/Concepts/Correlation/SignalTiming.lean	640	S-CORR	theorem	earlyCCE_p1_value_gt_cap	public
GameTheory/Concepts/Correlation/SignalTiming.lean	651	S-CORR	theorem	early_correlatedPayoffSet_ssub_coarse	public
GameTheory/Concepts/Correlation/Tests.lean	42	S-CORR	theorem	defect_isStrictDominant	public
GameTheory/Concepts/Correlation/Tests.lean	50	S-CORR	theorem	all_defect_isStrictDominant	private
GameTheory/Concepts/Correlation/ValueOfCorrelation.lean	59	S-CORR	def	correlatedSocialWelfare	public
GameTheory/Concepts/Correlation/ValueOfCorrelation.lean	64	S-CORR	theorem	correlatedSocialWelfare_pure	public
GameTheory/Concepts/Correlation/ValueOfCorrelation.lean	75	S-CORR	theorem	correlatedSocialWelfare_le	public
GameTheory/Concepts/Correlation/ValueOfCorrelation.lean	85	S-CORR	theorem	correlatedSocialWelfare_bddAbove	public
GameTheory/Concepts/Correlation/ValueOfCorrelation.lean	91	S-CORR	theorem	coarseCorrelatedSocialWelfare_bddAbove	public
GameTheory/Concepts/Correlation/ValueOfCorrelation.lean	100	S-CORR	def	bestCorrelatedWelfare	public
GameTheory/Concepts/Correlation/ValueOfCorrelation.lean	106	S-CORR	def	bestCoarseCorrelatedWelfare	public
GameTheory/Concepts/Correlation/ValueOfCorrelation.lean	118	S-CORR	theorem	bestNashWelfare_le_bestCorrelatedWelfare	public
GameTheory/Concepts/Correlation/ValueOfCorrelation.lean	137	S-CORR	theorem	bestCorrelatedWelfare_le_bestCoarseCorrelatedWelfare	public
GameTheory/Concepts/Correlation/ValueOfCorrelation.lean	150	S-CORR	theorem	bestNashWelfare_le_bestCoarseCorrelatedWelfare	public
GameTheory/Concepts/Correlation/ValueOfCorrelation.lean	159	S-CORR	def	correlationWelfareGap	public
GameTheory/Concepts/Correlation/ValueOfCorrelation.lean	165	S-CORR	def	coarseCorrelationWelfareGap	public
GameTheory/Concepts/Correlation/ValueOfCorrelation.lean	169	S-CORR	theorem	correlationWelfareGap_nonneg	public
GameTheory/Concepts/Correlation/ValueOfCorrelation.lean	175	S-CORR	theorem	coarseCorrelationWelfareGap_nonneg	public
GameTheory/Concepts/Correlation/ValueOfCorrelation.lean	182	S-CORR	theorem	correlationWelfareGap_le_coarse	public
GameTheory/Concepts/Correlation/ValueOfCorrelation.lean	199	S-CORR	theorem	socialWelfare_bddAbove	public
GameTheory/Concepts/Correlation/ValueOfCorrelation.lean	212	S-CORR	theorem	correlatedSocialWelfare_eq_expect	public
GameTheory/Concepts/Correlation/ValueOfCorrelation.lean	220	S-CORR	theorem	correlatedSocialWelfare_le_optimalWelfare	public
GameTheory/Concepts/Correlation/ValueOfCorrelation.lean	231	S-CORR	theorem	bestCorrelatedWelfare_le_optimalWelfare	public
GameTheory/Concepts/Correlation/ValueOfCorrelation.lean	239	S-CORR	theorem	bestCoarseCorrelatedWelfare_le_optimalWelfare	public
GameTheory/Concepts/Correlation/ValueOfCorrelation.lean	256	S-CORR	theorem	IsTeamGame.correlationWelfareGap_eq_zero	public
GameTheory/Concepts/Correlation/ValueOfCorrelation.lean	269	S-CORR	theorem	IsTeamGame.coarseCorrelationWelfareGap_eq_zero	public
GameTheory/Concepts/Dominance/DominanceNash.lean	33	S-DOM	theorem	not_in_nash_of_not_best_response	public
GameTheory/Concepts/Dominance/DominanceNash.lean	46	S-DOM	theorem	StrictlyDominates.not_nash	public
GameTheory/Concepts/Dominance/DominanceNash.lean	58	S-DOM	theorem	IsStrictDominant.unique_best_response	public
GameTheory/Concepts/Dominance/DominanceRelations.lean	42	S-DOM	theorem	WeaklyDominatesReflexive.refl	public
GameTheory/Concepts/Dominance/DominanceRelations.lean	49	S-DOM	theorem	WeaklyDominatesReflexive.trans	public
GameTheory/Concepts/Dominance/DominanceRelations.lean	59	S-DOM	instance	WeaklyDominatesReflexive.instIsPreorder	public
GameTheory/Concepts/Dominance/DominanceRelations.lean	69	S-DOM	def	WeaklyDominatesWithStrictWitness	public
GameTheory/Concepts/Dominance/DominanceRelations.lean	76	S-DOM	theorem	WeaklyDominatesWithStrictWitness.toWeaklyDominatesReflexive	public
GameTheory/Concepts/Dominance/DominanceRelations.lean	82	S-DOM	theorem	WeaklyDominatesWithStrictWitness.strict_witness	public
GameTheory/Concepts/Dominance/DominanceRelations.lean	90	S-DOM	theorem	WeaklyDominatesWithStrictWitness.irrefl	public
GameTheory/Concepts/Dominance/DominanceRelations.lean	96	S-DOM	theorem	WeaklyDominatesWithStrictWitness.ne	public
GameTheory/Concepts/Dominance/DominanceRelations.lean	102	S-DOM	theorem	WeaklyDominatesWithStrictWitness.trans	public
GameTheory/Concepts/Dominance/DominanceRelations.lean	113	S-DOM	theorem	WeaklyDominatesWithStrictWitness.asymm	public
GameTheory/Concepts/Dominance/DominanceRelations.lean	122	S-DOM	instance	WeaklyDominatesWithStrictWitness.instIsStrictOrder	public
GameTheory/Concepts/Dominance/DominanceRelations.lean	130	S-DOM	theorem	StrictlyDominates.toWeaklyDominatesReflexive	public
GameTheory/Concepts/Dominance/DominanceRelations.lean	138	S-DOM	theorem	StrictlyDominates.trans	public
GameTheory/Concepts/Dominance/DominanceRelations.lean	148	S-DOM	theorem	StrictlyDominates.irrefl_of_nonempty	public
GameTheory/Concepts/Dominance/DominanceRelations.lean	156	S-DOM	theorem	StrictlyDominates.asymm_of_nonempty	public
GameTheory/Concepts/Dominance/DominanceRelations.lean	165	S-DOM	theorem	StrictlyDominates.toWeaklyDominatesWithStrictWitness	public
GameTheory/Concepts/Dominance/DominanceRelations.lean	174	S-DOM	instance	StrictlyDominates.instIsStrictOrder	public
GameTheory/Concepts/Dominance/DominanceRelations.lean	180	S-DOM	theorem	IsDominant.weaklyDominatesReflexive	public
GameTheory/Concepts/Dominance/DominanceSolvability.lean	63	S-DOM	def	IsDominantStrategySolvable	public
GameTheory/Concepts/Dominance/DominanceSolvability.lean	68	S-DOM	def	IsDominantStrategySolvable.dominantProfile	public
GameTheory/Concepts/Dominance/DominanceSolvability.lean	73	S-DOM	theorem	IsDominantStrategySolvable.isNash	public
GameTheory/Concepts/Dominance/DominanceSolvability.lean	84	S-DOM	theorem	IsDominantStrategySolvable.nash_unique	public
GameTheory/Concepts/Dominance/DominanceSolvability.lean	96	S-DOM	theorem	IsDominantStrategySolvable.exists_unique_nash	public
GameTheory/Concepts/Dominance/DominanceSolvability.lean	108	S-DOM	def	SurvivesStrictDominance	public
GameTheory/Concepts/Dominance/DominanceSolvability.lean	118	S-DOM	def	IsIESDSSolvable	public
GameTheory/Concepts/Dominance/DominanceSolvability.lean	129	S-DOM	theorem	IsCorrelatedEq.support_subset_survives	public
GameTheory/Concepts/Dominance/DominanceSolvability.lean	151	S-DOM	theorem	IsIESDSSolvable.correlatedEq_eq_pure	public
GameTheory/Concepts/Dominance/DominanceSolvable.lean	40	S-DOM	theorem	StrictlyDominates.not_best_response	public
GameTheory/Concepts/Dominance/DominanceSolvable.lean	54	S-DOM	def	StrictlyDominatedByMixed	public
GameTheory/Concepts/Dominance/DominanceSolvable.lean	64	S-DOM	theorem	StrictlyDominatedByMixed.not_best_response	public
GameTheory/Concepts/Dominance/DominanceSolvable.lean	82	S-DOM	theorem	StrictlyDominates.toStrictlyDominatedByMixed	public
GameTheory/Concepts/Dominance/DominanceSolvable.lean	89	S-DOM	theorem	WeaklyDominatesReflexive.best_response_of_best_response	public
GameTheory/Concepts/Dominance/DominanceSolvable.lean	102	S-DOM	theorem	nash_never_strictly_dominated	public
GameTheory/Concepts/Dominance/DominanceSolvable.lean	113	S-DOM	theorem	IsDominant.isBestResponse	public
GameTheory/Concepts/Dominance/GameMorphism.lean	29	S-DOM	theorem	isDominantStrategySolvable_iff	public
GameTheory/Concepts/Dominance/GameMorphism.lean	42	S-DOM	theorem	survivesStrictDominance_iff	public
GameTheory/Concepts/Dominance/GameMorphism.lean	85	S-DOM	theorem	isIESDSSolvable_iff	public
GameTheory/Concepts/Dominance/GameMorphism.lean	108	S-DOM	theorem	survivesPure_iff	public
GameTheory/Concepts/Dominance/GameMorphism.lean	150	S-DOM	theorem	isPureRationalizable_iff	public
GameTheory/Concepts/Dominance/GameMorphism.lean	160	S-DOM	theorem	survives_iff	public
GameTheory/Concepts/Dominance/GameMorphism.lean	227	S-DOM	theorem	isRationalizable_iff	public
GameTheory/Concepts/Dominance/Rationalizability.lean	71	S-DOM	def	Survives	public
GameTheory/Concepts/Dominance/Rationalizability.lean	82	S-DOM	theorem	Survives.prev	public
GameTheory/Concepts/Dominance/Rationalizability.lean	87	S-DOM	theorem	Survives.mono	public
GameTheory/Concepts/Dominance/Rationalizability.lean	96	S-DOM	def	IsRationalizable	public
GameTheory/Concepts/Dominance/Rationalizability.lean	102	S-DOM	theorem	IsNash.survives	public
GameTheory/Concepts/Dominance/Rationalizability.lean	121	S-DOM	theorem	IsNash.isRationalizable	public
GameTheory/Concepts/Dominance/Rationalizability.lean	127	S-DOM	theorem	dominantProfile_survives	public
GameTheory/Concepts/Dominance/Rationalizability.lean	134	S-DOM	theorem	IsDominant.isRationalizable	public
GameTheory/Concepts/Dominance/Rationalizability.lean	152	S-DOM	theorem	IsRationalizable.not_globally_dominated	public
GameTheory/Concepts/Dominance/Rationalizability.lean	165	S-DOM	theorem	IsStrictDominant.not_rationalizable_of_ne	public
GameTheory/Concepts/Dominance/Rationalizability.lean	181	S-DOM	def	SurvivesPure	public
GameTheory/Concepts/Dominance/Rationalizability.lean	190	S-DOM	theorem	SurvivesPure.prev	public
GameTheory/Concepts/Dominance/Rationalizability.lean	195	S-DOM	theorem	SurvivesPure.mono	public
GameTheory/Concepts/Dominance/Rationalizability.lean	204	S-DOM	def	IsPureRationalizable	public
GameTheory/Concepts/Dominance/Rationalizability.lean	208	S-DOM	theorem	IsNash.survivesPure	public
GameTheory/Concepts/Dominance/Rationalizability.lean	223	S-DOM	theorem	IsNash.isPureRationalizable	public
GameTheory/Concepts/Dominance/Rationalizability.lean	229	S-DOM	theorem	dominantProfile_survivesPure	public
GameTheory/Concepts/Dominance/Rationalizability.lean	236	S-DOM	theorem	IsDominant.isPureRationalizable	public
GameTheory/Concepts/Dominance/StrictDominance.lean	31	S-DOM	theorem	IsStrictDominant.toDominant	public
GameTheory/Concepts/Dominance/StrictDominance.lean	40	S-DOM	theorem	strictly_dominant_is_nash	public
GameTheory/Concepts/Dominance/StrictDominance.lean	46	S-DOM	theorem	strictly_dominant_unique_nash	public
GameTheory/Concepts/Dominance/Tests.lean	19	S-DOM	def	oneGame	public
GameTheory/Concepts/Dominance/Undominated.lean	32	S-DOM	def	IsUndominated	public
GameTheory/Concepts/Dominance/Undominated.lean	36	S-DOM	def	undominatedProfiles	public
GameTheory/Concepts/Dominance/Undominated.lean	41	S-DOM	def	UtilityEquivalent	public
GameTheory/Concepts/Dominance/Undominated.lean	47	S-DOM	theorem	UtilityEquivalent.refl	public
GameTheory/Concepts/Dominance/Undominated.lean	52	S-DOM	theorem	UtilityEquivalent.symm	public
GameTheory/Concepts/Dominance/Undominated.lean	58	S-DOM	theorem	UtilityEquivalent.trans	public
GameTheory/Concepts/Dominance/Undominated.lean	66	S-DOM	theorem	WeaklyDominatesWithStrictWitness.congr_dominated_utilityEquivalent	public
GameTheory/Concepts/Dominance/Undominated.lean	92	S-DOM	theorem	UtilityEquivalent.isUndominated_iff	public
GameTheory/Concepts/Dominance/Undominated.lean	104	S-DOM	theorem	IsUndominated.not_dominated	public
GameTheory/Concepts/Dominance/Undominated.lean	111	S-DOM	theorem	IsDominant.isUndominated	public
GameTheory/Concepts/Dominance/Undominated.lean	120	S-DOM	theorem	isUndominated_iff_utilityEquivalent_of_forall_weaklyDominatesReflexive	public
GameTheory/Concepts/Dominance/Undominated.lean	147	S-DOM	theorem	undominated_set_eq_utilityEquivalent_of_forall_weaklyDominatesReflexive	public
GameTheory/Concepts/Dominance/Undominated.lean	159	S-DOM	theorem	undominatedProfiles_eq_utilityEquivalentClass_of_forall_weaklyDominatesReflexive	public
GameTheory/Concepts/Dominance/Undominated.lean	178	S-DOM	theorem	undominatedProfiles_eq_singleton_iff_utilityEquivalent_eq	public
GameTheory/Concepts/Dominance/Undominated.lean	214	S-DOM	theorem	mem_undominatedProfiles	public
GameTheory/Concepts/Dominance/Undominated.lean	220	S-DOM	theorem	undominatedProfiles_utilityEquivalent_iff	public
GameTheory/Concepts/Dominance/Undominated.lean	232	S-DOM	theorem	exists_undominated_or_dominator	public
GameTheory/Concepts/Dominance/Undominated.lean	247	S-DOM	theorem	exists_undominated_dominator	public
GameTheory/Concepts/Dominance/Undominated.lean	262	S-DOM	theorem	exists_undominated_strategy	public
GameTheory/Concepts/Dominance/Undominated.lean	271	S-DOM	theorem	undominatedProfiles_nonempty	public
GameTheory/Concepts/Dominance/Undominated.lean	287	S-DOM	abbrev	Strategy	public
GameTheory/Concepts/Dominance/Undominated.lean	290	S-DOM	abbrev	target	public
GameTheory/Concepts/Dominance/Undominated.lean	294	S-DOM	def	Dominates	public
GameTheory/Concepts/Dominance/Undominated.lean	299	S-DOM	def	IsMaximal	public
GameTheory/Concepts/Dominance/Undominated.lean	302	S-DOM	theorem	dominates_trans	public
GameTheory/Concepts/Dominance/Undominated.lean	323	S-DOM	theorem	dominates_irrefl	public
GameTheory/Concepts/Dominance/Undominated.lean	327	S-DOM	theorem	isMaximal_iff_eq_target	public
GameTheory/Concepts/Dominance/Undominated.lean	341	S-DOM	theorem	zero_dominated	public
GameTheory/Concepts/Dominance/Undominated.lean	347	S-DOM	theorem	zero_dominated_without_maximal_dominator	public
GameTheory/Concepts/Dominance/Undominated.lean	356	S-DOM	theorem	finite_ascent_conclusion_fails	public
GameTheory/Concepts/Dominance/Undominated.lean	371	S-DOM	abbrev	OpenUnitRat	public
GameTheory/Concepts/Dominance/Undominated.lean	375	S-DOM	abbrev	PlayerOneStrategy	public
GameTheory/Concepts/Dominance/Undominated.lean	378	S-DOM	abbrev	PlayerTwoStrategy	public
GameTheory/Concepts/Dominance/Undominated.lean	381	S-DOM	def	Strategy	public
GameTheory/Concepts/Dominance/Undominated.lean	386	S-DOM	abbrev	z1	public
GameTheory/Concepts/Dominance/Undominated.lean	389	S-DOM	abbrev	z2	public
GameTheory/Concepts/Dominance/Undominated.lean	392	S-DOM	abbrev	x2	public
GameTheory/Concepts/Dominance/Undominated.lean	395	S-DOM	def	profile	public
GameTheory/Concepts/Dominance/Undominated.lean	400	S-DOM	theorem	profile_zero	public
GameTheory/Concepts/Dominance/Undominated.lean	403	S-DOM	theorem	profile_one	public
GameTheory/Concepts/Dominance/Undominated.lean	408	S-DOM	def	payoff	public
GameTheory/Concepts/Dominance/Undominated.lean	418	S-DOM	abbrev	game	public
GameTheory/Concepts/Dominance/Undominated.lean	421	S-DOM	theorem	game_eu	public
GameTheory/Concepts/Dominance/Undominated.lean	427	S-DOM	def	midpointToOne	public
GameTheory/Concepts/Dominance/Undominated.lean	431	S-DOM	theorem	lt_midpointToOne	public
GameTheory/Concepts/Dominance/Undominated.lean	438	S-DOM	theorem	some_weaklyDominatesWithStrictWitness_of_lt	public
GameTheory/Concepts/Dominance/Undominated.lean	449	S-DOM	theorem	some_is_dominated	public
GameTheory/Concepts/Dominance/Undominated.lean	456	S-DOM	theorem	target_isUndominated	public
GameTheory/Concepts/Dominance/Undominated.lean	472	S-DOM	theorem	isUndominated_iff_eq_target	public
GameTheory/Concepts/Dominance/Undominated.lean	486	S-DOM	theorem	playerOne_undominated_set_eq_singleton	public
GameTheory/Concepts/Dominance/Undominated.lean	493	S-DOM	def	threeFour	public
GameTheory/Concepts/Dominance/Undominated.lean	497	S-DOM	def	sevenEighths	public
GameTheory/Concepts/Dominance/Undominated.lean	500	S-DOM	theorem	threeFour_dominated	public
GameTheory/Concepts/Dominance/Undominated.lean	508	S-DOM	theorem	target_not_weaklyDominatesReflexive_threeFour	public
GameTheory/Concepts/Dominance/Undominated.lean	515	S-DOM	theorem	target_not_dominant	public
GameTheory/Concepts/Dominance/Undominated.lean	524	S-DOM	theorem	threeFour_no_undominated_dominator	public
GameTheory/Concepts/Dominance/Undominated.lean	535	S-DOM	theorem	finite_ascent_conclusion_fails	public
GameTheory/Concepts/Equilibrium/ApproximateNash.lean	43	S-EQ	def	IsεNash	public
GameTheory/Concepts/Equilibrium/ApproximateNash.lean	49	S-EQ	def	IsεBestResponse	public
GameTheory/Concepts/Equilibrium/ApproximateNash.lean	55	S-EQ	theorem	IsεNash.of_isNash	public
GameTheory/Concepts/Equilibrium/ApproximateNash.lean	62	S-EQ	theorem	isNash_iff_isεNash_zero	public
GameTheory/Concepts/Equilibrium/ApproximateNash.lean	71	S-EQ	theorem	IsεNash.mono	public
GameTheory/Concepts/Equilibrium/ApproximateNash.lean	78	S-EQ	theorem	isεNash_iff_εBestResponse	public
GameTheory/Concepts/Equilibrium/ApproximateNash.lean	92	S-EQ	theorem	IsStrictNash.isεNash	public
GameTheory/Concepts/Equilibrium/ApproximateNashGameMorphism.lean	25	S-EQ	theorem	isεNash_iff	public
GameTheory/Concepts/Equilibrium/ApproximateNashGameMorphism.lean	35	S-EQ	theorem	isεBestResponse_iff	public
GameTheory/Concepts/Equilibrium/FlowDecomposition.lean	66	S-EQ	theorem	mem_nonstrategicSpace_iff_dependsOnlyOnOthers	public
GameTheory/Concepts/Equilibrium/FlowDecomposition.lean	84	S-EQ	theorem	ofPureEU_addNonstrategic	public
GameTheory/Concepts/Equilibrium/FlowDecomposition.lean	92	S-EQ	theorem	isNash_iff_of_game_eq	private
GameTheory/Concepts/Equilibrium/FlowDecomposition.lean	97	S-EQ	theorem	isCorrelatedEq_iff_of_game_eq	private
GameTheory/Concepts/Equilibrium/FlowDecomposition.lean	102	S-EQ	theorem	isCoarseCorrelatedEq_iff_of_game_eq	private
GameTheory/Concepts/Equilibrium/FlowDecomposition.lean	114	S-EQ	theorem	isNash_of_flowEquiv	public
GameTheory/Concepts/Equilibrium/FlowDecomposition.lean	131	S-EQ	theorem	isCorrelatedEq_of_flowEquiv	public
GameTheory/Concepts/Equilibrium/FlowDecomposition.lean	148	S-EQ	theorem	isCoarseCorrelatedEq_of_flowEquiv	public
GameTheory/Concepts/Equilibrium/FlowDecomposition.lean	176	S-EQ	theorem	isNash_ofPureEU_dropNonstrategic	public
GameTheory/Concepts/Equilibrium/FlowDecomposition.lean	183	S-EQ	theorem	isCorrelatedEq_ofPureEU_dropNonstrategic	public
GameTheory/Concepts/Equilibrium/FlowDecomposition.lean	192	S-EQ	theorem	isCoarseCorrelatedEq_ofPureEU_dropNonstrategic	public
GameTheory/Concepts/Equilibrium/FlowDecomposition.lean	212	S-EQ	def	coalitionGain	public
GameTheory/Concepts/Equilibrium/FlowDecomposition.lean	219	S-EQ	theorem	coalitionGain_singleton	public
GameTheory/Concepts/Equilibrium/FlowDecomposition.lean	245	S-EQ	theorem	unilateralFlow_ne_determines_coalitionGain	public
GameTheory/Concepts/Equilibrium/FlowInvariance.lean	44	S-EQ	def	addNonstrategic	public
GameTheory/Concepts/Equilibrium/FlowInvariance.lean	50	S-EQ	theorem	addNonstrategic_Strategy	public
GameTheory/Concepts/Equilibrium/FlowInvariance.lean	53	S-EQ	theorem	addNonstrategic_Outcome	public
GameTheory/Concepts/Equilibrium/FlowInvariance.lean	56	S-EQ	theorem	addNonstrategic_outcomeKernel	public
GameTheory/Concepts/Equilibrium/FlowInvariance.lean	59	S-EQ	theorem	addNonstrategic_utility	public
GameTheory/Concepts/Equilibrium/FlowInvariance.lean	63	S-EQ	theorem	addNonstrategic_toGameForm	public
GameTheory/Concepts/Equilibrium/FlowInvariance.lean	71	S-EQ	def	NonstrategicForUnilateral	public
GameTheory/Concepts/Equilibrium/FlowInvariance.lean	89	S-EQ	def	ExpectSummable	public
GameTheory/Concepts/Equilibrium/FlowInvariance.lean	95	S-EQ	theorem	ExpectSummable.of_finite	public
GameTheory/Concepts/Equilibrium/FlowInvariance.lean	105	S-EQ	theorem	ExpectSummable.of_bounded	public
GameTheory/Concepts/Equilibrium/FlowInvariance.lean	115	S-EQ	theorem	addNonstrategic_prefSimulates_euPref	public
GameTheory/Concepts/Equilibrium/FlowInvariance.lean	138	S-EQ	theorem	addNonstrategic_prefSimulates_euPref_flip	public
GameTheory/Concepts/Equilibrium/FlowInvariance.lean	162	S-EQ	theorem	isNash_addNonstrategic_iff	public
GameTheory/Concepts/Equilibrium/FlowInvariance.lean	179	S-EQ	theorem	isCoarseCorrelatedEq_addNonstrategic_iff	public
GameTheory/Concepts/Equilibrium/FlowInvariance.lean	197	S-EQ	theorem	isCorrelatedEq_addNonstrategic_iff	public
GameTheory/Concepts/Equilibrium/FlowInvariance.lean	223	S-EQ	def	DependsOnlyOnOthers	public
GameTheory/Concepts/Equilibrium/FlowInvariance.lean	229	S-EQ	theorem	ofPureEU_correlatedOutcome	public
GameTheory/Concepts/Equilibrium/FlowInvariance.lean	238	S-EQ	theorem	nonstrategic_expect_of_agree_off	public
GameTheory/Concepts/Equilibrium/FlowInvariance.lean	255	S-EQ	theorem	ofPureEU_nonstrategic_constant	public
GameTheory/Concepts/Equilibrium/FlowInvariance.lean	269	S-EQ	theorem	ofPureEU_nonstrategic_recommendation	public
GameTheory/Concepts/Equilibrium/FlowInvariance.lean	282	S-EQ	theorem	eu_addNonstrategic_ofPureEU	public
GameTheory/Concepts/Equilibrium/FlowInvariance.lean	306	S-EQ	def	G₀	public
GameTheory/Concepts/Equilibrium/FlowInvariance.lean	311	S-EQ	def	w	public
GameTheory/Concepts/Equilibrium/FlowInvariance.lean	315	S-EQ	def	G₁	public
GameTheory/Concepts/Equilibrium/FlowInvariance.lean	317	S-EQ	theorem	w_dependsOnlyOnOthers	public
GameTheory/Concepts/Equilibrium/FlowInvariance.lean	325	S-EQ	theorem	isNash_iff	public
GameTheory/Concepts/Equilibrium/FlowInvariance.lean	334	S-EQ	theorem	g0_isStrongNash	public
GameTheory/Concepts/Equilibrium/FlowInvariance.lean	341	S-EQ	theorem	g1_not_isStrongNash	public
GameTheory/Concepts/Equilibrium/GameFormSolutionConcepts.lean	24	S-EQ	class	PrefPreorder	public
GameTheory/Concepts/Equilibrium/GameFormSolutionConcepts.lean	42	S-EQ	def	NoProfitableDeviationFor	public
GameTheory/Concepts/Equilibrium/GameFormSolutionConcepts.lean	50	S-EQ	def	NoProfitableProfileDeviationFor	public
GameTheory/Concepts/Equilibrium/GameFormSolutionConcepts.lean	57	S-EQ	theorem	noProfitableDeviationFor_iff	public
GameTheory/Concepts/Equilibrium/GameFormSolutionConcepts.lean	64	S-EQ	theorem	noProfitableProfileDeviationFor_iff	public
GameTheory/Concepts/Equilibrium/GameFormSolutionConcepts.lean	77	S-EQ	def	recommendationDeviationFamily	public
GameTheory/Concepts/Equilibrium/GameFormSolutionConcepts.lean	81	S-EQ	theorem	recommendationDeviationFamily_deviate	public
GameTheory/Concepts/Equilibrium/GameFormSolutionConcepts.lean	86	S-EQ	def	constantDeviationProfileFamily	public
GameTheory/Concepts/Equilibrium/GameFormSolutionConcepts.lean	90	S-EQ	theorem	constantDeviationProfileFamily_deviate	public
GameTheory/Concepts/Equilibrium/GameFormSolutionConcepts.lean	95	S-EQ	theorem	correlatedOutcome_constDeviateDistributionFn_pure	public
GameTheory/Concepts/Equilibrium/GameFormSolutionConcepts.lean	107	S-EQ	def	constantToCoalitionHom	public
GameTheory/Concepts/Equilibrium/GameFormSolutionConcepts.lean	133	S-EQ	def	IsNashFor	public
GameTheory/Concepts/Equilibrium/GameFormSolutionConcepts.lean	140	S-EQ	theorem	isNashFor_iff	public
GameTheory/Concepts/Equilibrium/GameFormSolutionConcepts.lean	157	S-EQ	def	IsDominantFor	public
GameTheory/Concepts/Equilibrium/GameFormSolutionConcepts.lean	166	S-EQ	def	IsBestResponseFor	public
GameTheory/Concepts/Equilibrium/GameFormSolutionConcepts.lean	176	S-EQ	def	WeaklyDominatesReflexiveFor	public
GameTheory/Concepts/Equilibrium/GameFormSolutionConcepts.lean	185	S-EQ	def	StrictlyDominatesFor	public
GameTheory/Concepts/Equilibrium/GameFormSolutionConcepts.lean	195	S-EQ	def	IsStrictNashFor	public
GameTheory/Concepts/Equilibrium/GameFormSolutionConcepts.lean	203	S-EQ	def	IsStrictDominantFor	public
GameTheory/Concepts/Equilibrium/GameFormSolutionConcepts.lean	212	S-EQ	def	ParetoDominatesFor	public
GameTheory/Concepts/Equilibrium/GameFormSolutionConcepts.lean	219	S-EQ	def	IsParetoEfficientFor	public
GameTheory/Concepts/Equilibrium/GameFormSolutionConcepts.lean	226	S-EQ	def	IsCorrelatedEqFor	public
GameTheory/Concepts/Equilibrium/GameFormSolutionConcepts.lean	231	S-EQ	theorem	isCorrelatedEqFor_iff	public
GameTheory/Concepts/Equilibrium/GameFormSolutionConcepts.lean	248	S-EQ	def	IsCoarseCorrelatedEqFor	public
GameTheory/Concepts/Equilibrium/GameFormSolutionConcepts.lean	253	S-EQ	theorem	isCoarseCorrelatedEqFor_iff	public
GameTheory/Concepts/Equilibrium/GameFormSolutionConcepts.lean	270	S-EQ	theorem	dominant_is_nash_for	public
GameTheory/Concepts/Equilibrium/GameFormSolutionConcepts.lean	281	S-EQ	theorem	isNashFor_iff_bestResponseFor	public
GameTheory/Concepts/Equilibrium/GameFormSolutionConcepts.lean	292	S-EQ	theorem	IsDominantFor.isBestResponseFor	public
GameTheory/Concepts/Equilibrium/GameFormSolutionConcepts.lean	302	S-EQ	theorem	IsNashFor.mono	public
GameTheory/Concepts/Equilibrium/GameFormSolutionConcepts.lean	311	S-EQ	theorem	IsDominantFor.mono	public
GameTheory/Concepts/Equilibrium/GameFormSolutionConcepts.lean	320	S-EQ	theorem	WeaklyDominatesReflexiveFor.refl	public
GameTheory/Concepts/Equilibrium/GameFormSolutionConcepts.lean	328	S-EQ	theorem	WeaklyDominatesReflexiveFor.trans	public
GameTheory/Concepts/Equilibrium/GameFormSolutionConcepts.lean	338	S-EQ	theorem	StrictlyDominatesFor.toWeaklyDominatesReflexiveFor	public
GameTheory/Concepts/Equilibrium/GameFormSolutionConcepts.lean	348	S-EQ	theorem	IsDominantFor.weaklyDominatesReflexiveFor	public
GameTheory/Concepts/Equilibrium/GameFormSolutionConcepts.lean	357	S-EQ	theorem	IsStrictNashFor.isNashFor	public
GameTheory/Concepts/Equilibrium/GameFormSolutionConcepts.lean	380	S-EQ	theorem	ParetoDominatesFor.irrefl	public
GameTheory/Concepts/Equilibrium/GameFormSolutionConcepts.lean	388	S-EQ	theorem	ParetoDominatesFor.asymm	public
GameTheory/Concepts/Equilibrium/GameFormSolutionConcepts.lean	402	S-EQ	theorem	IsCorrelatedEqFor.toCoarseCorrelatedEqFor	public
GameTheory/Concepts/Equilibrium/NashCorrelatedEq.lean	39	S-EQ	theorem	nash_pure_isCorrelatedEq	public
GameTheory/Concepts/Equilibrium/NashCorrelatedEq.lean	50	S-EQ	theorem	nash_pure_isCoarseCorrelatedEq	public
GameTheory/Concepts/Equilibrium/NashPareto.lean	31	S-EQ	theorem	ParetoDominates.not_paretoEfficient	public
GameTheory/Concepts/Equilibrium/NashPareto.lean	36	S-EQ	theorem	ParetoDominates.socialWelfare_lt	public
GameTheory/Concepts/Equilibrium/NashPareto.lean	43	S-EQ	theorem	ParetoDominatesFor.not_paretoEfficientFor	public
GameTheory/Concepts/Equilibrium/NashPareto.lean	53	S-EQ	theorem	ParetoDominatesFor.trans	public
GameTheory/Concepts/Equilibrium/NashPareto.lean	68	S-EQ	theorem	ParetoDominates.trans	public
GameTheory/Concepts/Equilibrium/NashProperties.lean	34	S-EQ	theorem	isNash_iff_no_improving	public
GameTheory/Concepts/Equilibrium/NashProperties.lean	48	S-EQ	theorem	isNash_iff_no_improving_unilateralDeviation	public
GameTheory/Concepts/Equilibrium/NashProperties.lean	68	S-EQ	theorem	isNash_update_bestResponse	public
GameTheory/Concepts/Equilibrium/SecureEquilibrium.lean	41	S-EQ	def	lawEU	public
GameTheory/Concepts/Equilibrium/SecureEquilibrium.lean	50	S-EQ	def	SecurelyProfitableLawDeviation	public
GameTheory/Concepts/Equilibrium/SecureEquilibrium.lean	60	S-EQ	def	securePref	public
GameTheory/Concepts/Equilibrium/SecureEquilibrium.lean	66	S-EQ	def	IsSecureEq	public
GameTheory/Concepts/Equilibrium/SecureEquilibrium.lean	70	S-EQ	theorem	isSecureEq_iff_no_securelyProfitableDeviation	public
GameTheory/Concepts/Equilibrium/SecureEquilibrium.lean	83	S-EQ	theorem	IsSecureEq.isNash	public
GameTheory/Concepts/Equilibrium/SolutionConcepts.lean	36	S-EQ	def	KernelGame.ofEU	public
GameTheory/Concepts/Equilibrium/SolutionConcepts.lean	46	S-EQ	theorem	KernelGame.eu_ofEU	public
GameTheory/Concepts/Equilibrium/SolutionConcepts.lean	54	S-EQ	theorem	KernelGame.ofEU_Strategy	public
GameTheory/Concepts/Equilibrium/SolutionConcepts.lean	68	S-EQ	def	KernelGame.IsNash	public
GameTheory/Concepts/Equilibrium/SolutionConcepts.lean	75	S-EQ	def	KernelGame.IsDominant	public
GameTheory/Concepts/Equilibrium/SolutionConcepts.lean	81	S-EQ	theorem	KernelGame.dominant_is_nash	public
GameTheory/Concepts/Equilibrium/SolutionConcepts.lean	93	S-EQ	def	KernelGame.IsNashFor	public
GameTheory/Concepts/Equilibrium/SolutionConcepts.lean	99	S-EQ	def	KernelGame.IsDominantFor	public
GameTheory/Concepts/Equilibrium/SolutionConcepts.lean	106	S-EQ	theorem	KernelGame.dominant_is_nash_for	public
GameTheory/Concepts/Equilibrium/SolutionConcepts.lean	114	S-EQ	def	KernelGame.euPref	public
GameTheory/Concepts/Equilibrium/SolutionConcepts.lean	120	S-EQ	def	KernelGame.euStrictPref	public
GameTheory/Concepts/Equilibrium/SolutionConcepts.lean	130	S-EQ	theorem	KernelGame.IsNash_iff_IsNashFor_eu	public
GameTheory/Concepts/Equilibrium/SolutionConcepts.lean	141	S-EQ	theorem	KernelGame.IsDominant_iff_IsDominantFor_eu	public
GameTheory/Concepts/Equilibrium/SolutionConcepts.lean	154	S-EQ	def	IsBestResponse	public
GameTheory/Concepts/Equilibrium/SolutionConcepts.lean	159	S-EQ	def	IsBestResponseFor	public
GameTheory/Concepts/Equilibrium/SolutionConcepts.lean	165	S-EQ	theorem	IsBestResponse_iff_IsBestResponseFor_eu	public
GameTheory/Concepts/Equilibrium/SolutionConcepts.lean	176	S-EQ	def	IsStrictNash	public
GameTheory/Concepts/Equilibrium/SolutionConcepts.lean	182	S-EQ	def	IsStrictDominant	public
GameTheory/Concepts/Equilibrium/SolutionConcepts.lean	187	S-EQ	def	IsStrictNashFor	public
GameTheory/Concepts/Equilibrium/SolutionConcepts.lean	193	S-EQ	def	IsStrictDominantFor	public
GameTheory/Concepts/Equilibrium/SolutionConcepts.lean	199	S-EQ	theorem	IsStrictNash_iff_IsStrictNashFor_eu	public
GameTheory/Concepts/Equilibrium/SolutionConcepts.lean	204	S-EQ	theorem	IsStrictDominant_iff_IsStrictDominantFor_eu	public
GameTheory/Concepts/Equilibrium/SolutionConcepts.lean	216	S-EQ	def	WeaklyDominatesReflexive	public
GameTheory/Concepts/Equilibrium/SolutionConcepts.lean	223	S-EQ	def	StrictlyDominates	public
GameTheory/Concepts/Equilibrium/SolutionConcepts.lean	230	S-EQ	def	WeaklyDominatesReflexiveFor	public
GameTheory/Concepts/Equilibrium/SolutionConcepts.lean	236	S-EQ	def	StrictlyDominatesFor	public
GameTheory/Concepts/Equilibrium/SolutionConcepts.lean	243	S-EQ	theorem	WeaklyDominatesReflexive_iff_WeaklyDominatesReflexiveFor_eu	public
GameTheory/Concepts/Equilibrium/SolutionConcepts.lean	251	S-EQ	theorem	StrictlyDominates_iff_StrictlyDominatesFor_eu	public
GameTheory/Concepts/Equilibrium/SolutionConcepts.lean	261	S-EQ	def	correlatedEu	public
GameTheory/Concepts/Equilibrium/SolutionConcepts.lean	266	S-EQ	def	IsCorrelatedEq	public
GameTheory/Concepts/Equilibrium/SolutionConcepts.lean	273	S-EQ	def	IsCoarseCorrelatedEq	public
GameTheory/Concepts/Equilibrium/SolutionConcepts.lean	284	S-EQ	def	nashPayoffSet	public
GameTheory/Concepts/Equilibrium/SolutionConcepts.lean	288	S-EQ	def	correlatedPayoffSet	public
GameTheory/Concepts/Equilibrium/SolutionConcepts.lean	293	S-EQ	def	coarseCorrelatedPayoffSet	public
GameTheory/Concepts/Equilibrium/SolutionConcepts.lean	297	S-EQ	def	IsCorrelatedEqFor	public
GameTheory/Concepts/Equilibrium/SolutionConcepts.lean	303	S-EQ	def	IsCoarseCorrelatedEqFor	public
GameTheory/Concepts/Equilibrium/SolutionConcepts.lean	309	S-EQ	theorem	IsCorrelatedEq_iff_IsCorrelatedEqFor_eu	public
GameTheory/Concepts/Equilibrium/SolutionConcepts.lean	332	S-EQ	theorem	IsCoarseCorrelatedEq_iff_IsCoarseCorrelatedEqFor_eu	public
GameTheory/Concepts/Equilibrium/StrictNashProperties.lean	31	S-EQ	theorem	strictNash_of_strictDominant	public
GameTheory/Concepts/Equilibrium/StrictNashProperties.lean	40	S-EQ	theorem	IsStrictNash.isNash	public
GameTheory/Concepts/Equilibrium/StrictNashProperties.lean	50	S-EQ	theorem	IsStrictNash.isBestResponse_unique	public
GameTheory/Concepts/Equilibrium/StrongNash.lean	45	S-EQ	def	coalitionDeviation	public
GameTheory/Concepts/Equilibrium/StrongNash.lean	49	S-EQ	theorem	coalitionDeviation_of_mem	public
GameTheory/Concepts/Equilibrium/StrongNash.lean	54	S-EQ	theorem	coalitionDeviation_of_not_mem	public
GameTheory/Concepts/Equilibrium/StrongNash.lean	59	S-EQ	theorem	coalitionDeviation_empty	public
GameTheory/Concepts/Equilibrium/StrongNash.lean	63	S-EQ	theorem	coalitionDeviation_univ	public
GameTheory/Concepts/Equilibrium/StrongNash.lean	69	S-EQ	theorem	coalitionDeviation_singleton	public
GameTheory/Concepts/Equilibrium/StrongNash.lean	79	S-EQ	theorem	coalitionDeviation_eq_overrideCoalition	public
GameTheory/Concepts/Equilibrium/StrongNash.lean	92	S-EQ	def	IsStrongNash	public
GameTheory/Concepts/Equilibrium/StrongNash.lean	99	S-EQ	theorem	isStrongNash_iff_no_profitableCoalitionDeviation	public
GameTheory/Concepts/Equilibrium/StrongNash.lean	117	S-EQ	theorem	isStrongNash_iff_isDeviationEqFor	public
GameTheory/Concepts/Equilibrium/StrongNash.lean	148	S-EQ	theorem	isNash	public
GameTheory/Concepts/Equilibrium/StrongNash.lean	170	S-EQ	theorem	isParetoEfficient	public
GameTheory/Concepts/Existence/NashExistence.lean	34	S-EXIST	theorem	nash_of_all_have_dominant	public
GameTheory/Concepts/Existence/NashExistence.lean	43	S-EXIST	theorem	exact_potential_nash_exists	public
GameTheory/Concepts/Existence/NashExistence.lean	60	S-EXIST	theorem	ofEU_nash_of_dominant	public
GameTheory/Concepts/Existence/NashExistenceMixed.lean	51	S-EXIST	def	pospart	public
GameTheory/Concepts/Existence/NashExistenceMixed.lean	53	S-EXIST	theorem	pospart_nonneg	public
GameTheory/Concepts/Existence/NashExistenceMixed.lean	55	S-EXIST	theorem	pospart_eq_zero_iff	public
GameTheory/Concepts/Existence/NashExistenceMixed.lean	58	S-EXIST	theorem	pospart_mul_self	public
GameTheory/Concepts/Existence/NashExistenceMixed.lean	66	S-EXIST	theorem	continuous_pospart	public
GameTheory/Concepts/Existence/NashExistenceMixed.lean	81	S-EXIST	def	gainSum	public
GameTheory/Concepts/Existence/NashExistenceMixed.lean	85	S-EXIST	theorem	gainSum_nonneg	public
GameTheory/Concepts/Existence/NashExistenceMixed.lean	93	S-EXIST	theorem	nash_fp_is_nash_of_bounded	public
GameTheory/Concepts/Existence/NashExistenceMixed.lean	121	S-EXIST	theorem	nash_fp_is_nash	public
GameTheory/Concepts/Existence/NashExistenceMixed.lean	143	S-EXIST	def	realToPmf	public
GameTheory/Concepts/Existence/NashExistenceMixed.lean	148	S-EXIST	theorem	realToPmf_apply	public
GameTheory/Concepts/Existence/NashExistenceMixed.lean	152	S-EXIST	theorem	realToPmf_toReal	public
GameTheory/Concepts/Existence/NashExistenceMixed.lean	171	S-EXIST	def	profileFromWeights	public
GameTheory/Concepts/Existence/NashExistenceMixed.lean	179	S-EXIST	def	nashMap	public
GameTheory/Concepts/Existence/NashExistenceMixed.lean	192	S-EXIST	theorem	nashMap_nonneg	public
GameTheory/Concepts/Existence/NashExistenceMixed.lean	205	S-EXIST	theorem	nashMap_sum_one	public
GameTheory/Concepts/Existence/NashExistenceMixed.lean	226	S-EXIST	theorem	nashMap_fp_identity	public
GameTheory/Concepts/Existence/NashExistenceMixed.lean	260	S-EXIST	def	profileFromMixedSimplex	public
GameTheory/Concepts/Existence/NashExistenceMixed.lean	273	S-EXIST	def	mixedGainOnMixedSimplex	public
GameTheory/Concepts/Existence/NashExistenceMixed.lean	279	S-EXIST	def	gainSumOnMixedSimplex	public
GameTheory/Concepts/Existence/NashExistenceMixed.lean	284	S-EXIST	def	nashMapOnMixedSimplex	public
GameTheory/Concepts/Existence/NashExistenceMixed.lean	300	S-EXIST	theorem	gainSumOnMixedSimplex_nonneg	public
GameTheory/Concepts/Existence/NashExistenceMixed.lean	305	S-EXIST	theorem	nashMapOnMixedSimplex_apply	public
GameTheory/Concepts/Existence/NashExistenceMixed.lean	317	S-EXIST	theorem	continuous_mixedGainOnMixedSimplex_of_continuous_mixedEu	public
GameTheory/Concepts/Existence/NashExistenceMixed.lean	332	S-EXIST	theorem	nashMap_weightFixedPoint_of_mixedSimplexFixedPoint	public
GameTheory/Concepts/Existence/NashExistenceMixed.lean	362	S-EXIST	theorem	continuous_mixedExtension_eu_profileFromMixedSimplex_of_bounded	public
GameTheory/Concepts/Existence/NashExistenceMixed.lean	396	S-EXIST	theorem	continuous_mixedExtension_eu_update_profileFromMixedSimplex_of_bounded	public
GameTheory/Concepts/Existence/NashExistenceMixed.lean	449	S-EXIST	theorem	continuous_mixedExtension_eu_profileFromMixedSimplex	public
GameTheory/Concepts/Existence/NashExistenceMixed.lean	458	S-EXIST	theorem	continuous_mixedExtension_eu_update_profileFromMixedSimplex	public
GameTheory/Concepts/Existence/NashExistenceMixed.lean	473	S-EXIST	theorem	continuous_nashMapOnMixedSimplex_of_continuous_mixedGainOnMixedSimplex	public
GameTheory/Concepts/Existence/NashExistenceMixed.lean	512	S-EXIST	theorem	nashMap_weightFixedPoint_of_nashMapOnMixedSimplex_approx	public
GameTheory/Concepts/Existence/NashExistenceMixed.lean	528	S-EXIST	theorem	continuous_nashMapOnMixedSimplex_of_continuous_mixedEu	public
GameTheory/Concepts/Existence/NashExistenceMixed.lean	541	S-EXIST	theorem	continuous_nashMapOnMixedSimplex_of_bounded	public
GameTheory/Concepts/Existence/NashExistenceMixed.lean	554	S-EXIST	theorem	continuous_nashMapOnMixedSimplex	public
GameTheory/Concepts/Existence/NashExistenceMixed.lean	565	S-EXIST	theorem	continuous_nashMapOnMixedSimplex_of_continuous_mixedEu_deviation	public
GameTheory/Concepts/Existence/NashExistenceMixed.lean	578	S-EXIST	theorem	nashMap_weightFixedPoint_of_nashMapOnMixedSimplex_approxOnly	public
GameTheory/Concepts/Existence/NashExistenceMixed.lean	593	S-EXIST	theorem	mixed_nash_exists_of_nashMapOnMixedSimplex_fixed_point_of_bounded	public
GameTheory/Concepts/Existence/NashExistenceMixed.lean	618	S-EXIST	theorem	mixed_nash_exists_of_nashMapOnMixedSimplex_fixed_point	public
GameTheory/Concepts/Existence/NashExistenceMixed.lean	631	S-EXIST	theorem	mixed_nash_exists_of_nashMapOnMixedSimplex_approx_of_bounded	public
GameTheory/Concepts/Existence/NashExistenceMixed.lean	642	S-EXIST	theorem	mixed_nash_exists_of_nashMapOnMixedSimplex_approx	public
GameTheory/Concepts/Existence/NashExistenceMixed.lean	656	S-EXIST	theorem	mixed_nash_exists_of_nashMapOnMixedSimplex_approxOnly_of_bounded	public
GameTheory/Concepts/Existence/NashExistenceMixed.lean	665	S-EXIST	theorem	mixed_nash_exists_of_nashMapOnMixedSimplex_approxOnly	public
GameTheory/Concepts/Existence/NashExistenceMixed.lean	685	S-EXIST	theorem	mixed_nash_exists_of_bounded	public
GameTheory/Concepts/Existence/NashExistenceMixed.lean	699	S-EXIST	theorem	mixed_nash_exists	public
GameTheory/Concepts/Existence/ProductSimplexBrouwer.lean	37	S-EXIST	abbrev	MixedSimplex	public
GameTheory/Concepts/Existence/ProductSimplexBrouwer.lean	46	S-EXIST	instance	instCompactSpaceMixedSimplex	public
GameTheory/Concepts/Existence/ProductSimplexBrouwer.lean	58	S-EXIST	theorem	exists_fixedPoint_of_approx_on_compact	public
GameTheory/Concepts/Existence/ProductSimplexBrouwer.lean	97	S-EXIST	theorem	exists_fixedPoint_of_approx_on_mixedSimplex	public
GameTheory/Concepts/Existence/ProductSimplexBrouwer.lean	120	S-EXIST	def	mixedSimplexAsSet	public
GameTheory/Concepts/Existence/ProductSimplexBrouwer.lean	124	S-EXIST	theorem	convex_mixedSimplexAsSet	public
GameTheory/Concepts/Existence/ProductSimplexBrouwer.lean	128	S-EXIST	theorem	isCompact_mixedSimplexAsSet	public
GameTheory/Concepts/Existence/ProductSimplexBrouwer.lean	132	S-EXIST	theorem	nonempty_mixedSimplexAsSet	public
GameTheory/Concepts/Existence/ProductSimplexBrouwer.lean	143	S-EXIST	def	toMixedSet	public
GameTheory/Concepts/Existence/ProductSimplexBrouwer.lean	147	S-EXIST	def	fromMixedSet	public
GameTheory/Concepts/Existence/ProductSimplexBrouwer.lean	150	S-EXIST	theorem	fromMixedSet_toMixedSet	public
GameTheory/Concepts/Existence/ProductSimplexBrouwer.lean	154	S-EXIST	theorem	toMixedSet_fromMixedSet	public
GameTheory/Concepts/Existence/ProductSimplexBrouwer.lean	158	S-EXIST	theorem	continuous_toMixedSet	public
GameTheory/Concepts/Existence/ProductSimplexBrouwer.lean	163	S-EXIST	theorem	continuous_fromMixedSet	public
GameTheory/Concepts/Existence/ProductSimplexBrouwer.lean	171	S-EXIST	def	mixedSimplexHomeomorph	public
GameTheory/Concepts/Existence/ProductSimplexBrouwer.lean	184	S-EXIST	theorem	brouwer_mixedSimplex	public
GameTheory/Concepts/Foundations/BestResponse.lean	30	S-FOUND	theorem	isNash_iff_bestResponse	public
GameTheory/Concepts/Foundations/BestResponse.lean	43	S-FOUND	theorem	isNashFor_iff_bestResponseFor	public
GameTheory/Concepts/Foundations/BestResponse.lean	50	S-FOUND	theorem	isBestResponse_iff_noConstantDeviationGain	public
GameTheory/Concepts/Foundations/BestResponseDynamics.lean	43	S-FOUND	structure	ImprovingDeviation	public
GameTheory/Concepts/Foundations/BestResponseDynamics.lean	49	S-FOUND	theorem	no_improving_deviation_iff_nash	public
GameTheory/Concepts/Foundations/BestResponseDynamics.lean	66	S-FOUND	def	ImprovingStep	public
GameTheory/Concepts/Foundations/BestResponseDynamics.lean	72	S-FOUND	theorem	improvingStep_iff	public
GameTheory/Concepts/Foundations/BestResponseDynamics.lean	83	S-FOUND	theorem	not_isNash_iff_exists_improvingStep	public
GameTheory/Concepts/Foundations/BestResponseDynamics.lean	96	S-FOUND	theorem	strictNash_deviation_lt	public
GameTheory/Concepts/Foundations/BestResponseDynamics.lean	104	S-FOUND	theorem	strictNash_absorbing	public
GameTheory/Concepts/Foundations/BestResponseDynamics.lean	116	S-FOUND	theorem	εNash_bounded_improvement	public
GameTheory/Concepts/Foundations/Convergence.lean	23	S-FOUND	def	FullSupport	public
GameTheory/Concepts/Foundations/Convergence.lean	26	S-FOUND	theorem	FullSupport.apply	public
GameTheory/Concepts/Foundations/Convergence.lean	37	S-FOUND	def	FunctionConvergesPointwise	public
GameTheory/Concepts/Foundations/Convergence.lean	43	S-FOUND	def	PMFConvergesPointwise	public
GameTheory/Concepts/Foundations/Convergence.lean	48	S-FOUND	def	ProfileConvergesWith	public
GameTheory/Concepts/Foundations/Convergence.lean	53	S-FOUND	theorem	PMFConvergesPointwise.apply	public
GameTheory/Concepts/Foundations/Convergence.lean	58	S-FOUND	theorem	ProfileConvergesWith.apply	public
GameTheory/Concepts/Foundations/Deviation.lean	25	S-FOUND	abbrev	Deviation	public
GameTheory/Concepts/Foundations/Deviation.lean	28	S-FOUND	def	unilateralDeviation	public
GameTheory/Concepts/Foundations/Deviation.lean	34	S-FOUND	def	constantDeviation	public
GameTheory/Concepts/Foundations/Deviation.lean	40	S-FOUND	def	euAfterDeviation	public
GameTheory/Concepts/Foundations/Deviation.lean	45	S-FOUND	def	deviationDistribution	public
GameTheory/Concepts/Foundations/Deviation.lean	50	S-FOUND	def	unilateralDeviationDistribution	public
GameTheory/Concepts/Foundations/Deviation.lean	57	S-FOUND	def	constantDeviationDistribution	public
GameTheory/Concepts/Foundations/Deviation.lean	62	S-FOUND	theorem	deviationDistribution_apply	public
GameTheory/Concepts/Foundations/Deviation.lean	66	S-FOUND	theorem	deviationDistribution_id	public
GameTheory/Concepts/Foundations/Deviation.lean	75	S-FOUND	theorem	constantDeviationDistribution_pure	public
GameTheory/Concepts/Foundations/Deviation.lean	82	S-FOUND	theorem	unilateralDeviationDistribution_pure	public
GameTheory/Concepts/Foundations/Deviation.lean	89	S-FOUND	theorem	unilateralDeviationDistribution_id	public
GameTheory/Concepts/Foundations/EUProperties.lean	33	S-FOUND	theorem	eu_eq_expect	public
GameTheory/Concepts/Foundations/EUProperties.lean	37	S-FOUND	theorem	eu_eq_sum	public
GameTheory/Concepts/Foundations/EUProperties.lean	43	S-FOUND	theorem	eu_pure_outcome	public
GameTheory/Concepts/Foundations/EUProperties.lean	49	S-FOUND	theorem	eu_nonneg_of_utility_nonneg	public
GameTheory/Concepts/Foundations/GameMorphism.lean	35	S-FOUND	theorem	map_profile_update	private
GameTheory/Concepts/Foundations/GameMorphism.lean	45	S-FOUND	theorem	EUMorphism.nash_of_nash	public
GameTheory/Concepts/Foundations/GameMorphism.lean	65	S-FOUND	def	profileEquiv	public
GameTheory/Concepts/Foundations/GameMorphism.lean	68	S-FOUND	theorem	profileEquiv_apply	public
GameTheory/Concepts/Foundations/GameMorphism.lean	71	S-FOUND	theorem	profileEquiv_symm_apply	public
GameTheory/Concepts/Foundations/GameMorphism.lean	76	S-FOUND	theorem	eu_profileEquiv	public
GameTheory/Concepts/Foundations/GameMorphism.lean	81	S-FOUND	theorem	profileEquiv_id	public
GameTheory/Concepts/Foundations/GameMorphism.lean	87	S-FOUND	theorem	profileEquiv_symm	public
GameTheory/Concepts/Foundations/GameMorphism.lean	93	S-FOUND	theorem	profileEquiv_comp	public
GameTheory/Concepts/Foundations/GameMorphism.lean	102	S-FOUND	theorem	profileEquiv_update	public
GameTheory/Concepts/Foundations/GameMorphism.lean	113	S-FOUND	theorem	profileEquiv_symm_update	public
GameTheory/Concepts/Foundations/GameMorphism.lean	125	S-FOUND	def	profileFunctionEquiv	public
GameTheory/Concepts/Foundations/GameMorphism.lean	130	S-FOUND	theorem	profileFunctionEquiv_apply	public
GameTheory/Concepts/Foundations/GameMorphism.lean	134	S-FOUND	theorem	profileFunctionEquiv_apply_profileEquiv	public
GameTheory/Concepts/Foundations/GameMorphism.lean	139	S-FOUND	theorem	profileFunctionEquiv_apply_update	public
GameTheory/Concepts/Foundations/GameMorphism.lean	147	S-FOUND	theorem	profileFunctionEquiv_id	public
GameTheory/Concepts/Foundations/GameMorphism.lean	153	S-FOUND	theorem	profileFunctionEquiv_symm	public
GameTheory/Concepts/Foundations/GameMorphism.lean	163	S-FOUND	theorem	profileFunctionEquiv_comp	public
GameTheory/Concepts/Foundations/GameMorphism.lean	176	S-FOUND	def	strategyPMFEquiv	public
GameTheory/Concepts/Foundations/GameMorphism.lean	180	S-FOUND	theorem	strategyPMFEquiv_apply	public
GameTheory/Concepts/Foundations/GameMorphism.lean	184	S-FOUND	theorem	strategyPMFEquiv_symm_apply	public
GameTheory/Concepts/Foundations/GameMorphism.lean	188	S-FOUND	theorem	strategyPMFEquiv_id	public
GameTheory/Concepts/Foundations/GameMorphism.lean	193	S-FOUND	theorem	strategyPMFEquiv_symm	public
GameTheory/Concepts/Foundations/GameMorphism.lean	197	S-FOUND	theorem	strategyPMFEquiv_comp	public
GameTheory/Concepts/Foundations/GameMorphism.lean	213	S-FOUND	theorem	eu_update_preserved	public
GameTheory/Concepts/Foundations/GameMorphism.lean	224	S-FOUND	theorem	isBestResponse_iff	public
GameTheory/Concepts/Foundations/GameMorphism.lean	238	S-FOUND	theorem	nash_iff	public
GameTheory/Concepts/Foundations/GameMorphism.lean	249	S-FOUND	def	nashProfileEquiv	public
GameTheory/Concepts/Foundations/GameMorphism.lean	261	S-FOUND	theorem	exists_isNash_iff	public
GameTheory/Concepts/Foundations/GameMorphism.lean	275	S-FOUND	theorem	dominant_iff	public
GameTheory/Concepts/Foundations/GameMorphism.lean	288	S-FOUND	theorem	weaklyDominatesReflexive_iff	public
GameTheory/Concepts/Foundations/GameMorphism.lean	302	S-FOUND	theorem	strictlyDominates_iff	public
GameTheory/Concepts/Foundations/GameMorphism.lean	315	S-FOUND	theorem	isStrictNash_iff	public
GameTheory/Concepts/Foundations/GameMorphism.lean	331	S-FOUND	theorem	isStrictDominant_iff	public
GameTheory/Concepts/Foundations/GameProperties.lean	26	S-FOUND	def	ParetoDominatesFor	public
GameTheory/Concepts/Foundations/GameProperties.lean	32	S-FOUND	def	IsParetoEfficientFor	public
GameTheory/Concepts/Foundations/GameProperties.lean	38	S-FOUND	theorem	ParetoDominates_iff_ParetoDominatesFor_eu	public
GameTheory/Concepts/Foundations/InertExtension.lean	33	S-FOUND	def	ProjectsDeviationFamily	public
GameTheory/Concepts/Foundations/InertExtension.lean	42	S-FOUND	def	LiftsDeviationFamily	public
GameTheory/Concepts/Foundations/InertExtension.lean	54	S-FOUND	theorem	prefSimulates_of_projects	public
GameTheory/Concepts/Foundations/InertExtension.lean	72	S-FOUND	theorem	prefSimulates_of_lifts	public
GameTheory/Concepts/Foundations/InertExtension.lean	90	S-FOUND	theorem	isDeviationEqFor_of_projected_isDeviationEqFor	public
GameTheory/Concepts/Foundations/InertExtension.lean	102	S-FOUND	theorem	projected_isDeviationEqFor_of_isDeviationEqFor	public
GameTheory/Concepts/Foundations/InertExtension.lean	115	S-FOUND	theorem	isDeviationEqFor_iff	public
GameTheory/Concepts/Foundations/InertExtension.lean	133	S-FOUND	theorem	projects_constantDeviationProfileFamily	public
GameTheory/Concepts/Foundations/InertExtension.lean	148	S-FOUND	theorem	lifts_constantDeviationProfileFamily	public
GameTheory/Concepts/Foundations/InertExtension.lean	165	S-FOUND	theorem	coarseCorrelatedEqFor_of_projected_coarseCorrelatedEqFor	public
GameTheory/Concepts/Foundations/InertExtension.lean	174	S-FOUND	theorem	projected_coarseCorrelatedEqFor_of_coarseCorrelatedEqFor	public
GameTheory/Concepts/Foundations/InertExtension.lean	183	S-FOUND	theorem	coarseCorrelatedEqFor_iff	public
GameTheory/Concepts/Foundations/InertExtension.lean	196	S-FOUND	theorem	lifts_recommendationDeviationFamily	public
GameTheory/Concepts/Foundations/InertExtension.lean	219	S-FOUND	theorem	projected_correlatedEqFor_of_correlatedEqFor	public
GameTheory/Concepts/Foundations/InertExtension.lean	228	S-FOUND	theorem	bestResponseFor_of_projected_bestResponseFor	public
GameTheory/Concepts/Foundations/InertExtension.lean	246	S-FOUND	theorem	isNashFor_of_projected_isNashFor	public
GameTheory/Concepts/Foundations/InertExtension.lean	265	S-FOUND	theorem	projected_isNashFor_of_isNashFor	public
GameTheory/Concepts/Foundations/InertExtension.lean	284	S-FOUND	theorem	isNashFor_iff	public
GameTheory/Concepts/Foundations/InertExtension.lean	294	S-FOUND	theorem	isNashFor_embedProfile	public
GameTheory/Concepts/Foundations/InertExtension.lean	303	S-FOUND	theorem	dominantFor_of_projected_dominantFor	public
GameTheory/Concepts/Foundations/InertExtension.lean	321	S-FOUND	theorem	weaklyDominatesReflexiveFor_of_projected_weaklyDominatesReflexiveFor	public
GameTheory/Concepts/Foundations/InertExtension.lean	359	S-FOUND	theorem	nash_of_projected_nash	public
GameTheory/Concepts/Foundations/InertExtension.lean	369	S-FOUND	theorem	projected_nash_of_nash	public
GameTheory/Concepts/Foundations/InertExtension.lean	379	S-FOUND	theorem	nash_iff	public
GameTheory/Concepts/Foundations/InertExtension.lean	387	S-FOUND	theorem	nash_embedProfile	public
GameTheory/Concepts/Foundations/InertExtension.lean	393	S-FOUND	theorem	babbling_nash	public
GameTheory/Concepts/Foundations/OfEUProperties.lean	33	S-FOUND	theorem	ofEU_isNash_iff	public
GameTheory/Concepts/Foundations/OfEUProperties.lean	43	S-FOUND	theorem	ofEU_isDominant_iff	public
GameTheory/Concepts/Foundations/OfEUProperties.lean	54	S-FOUND	theorem	ofEU_isBestResponse_iff	public
GameTheory/Concepts/Foundations/OfEUProperties.lean	66	S-FOUND	theorem	ofEU_isStrictNash_iff	public
GameTheory/Concepts/Foundations/OfEUProperties.lean	76	S-FOUND	theorem	ofEU_socialWelfare_eq	public
GameTheory/Concepts/Foundations/PrefPreorderProperties.lean	31	S-FOUND	instance	euPref_isPrefPreorder	public
GameTheory/Concepts/Foundations/PrefPreorderProperties.lean	37	S-FOUND	theorem	IsDominantFor.isBestResponseFor	public
GameTheory/Concepts/Foundations/PrefPreorderProperties.lean	47	S-FOUND	theorem	IsNashFor.mono	public
GameTheory/Concepts/Foundations/PrefPreorderProperties.lean	56	S-FOUND	theorem	IsDominantFor.mono	public
GameTheory/Concepts/Foundations/StrategicEquivalence.lean	33	S-FOUND	structure	StrategicEquivalence	public
GameTheory/Concepts/Foundations/StrategicEquivalence.lean	46	S-FOUND	def	realize	public
GameTheory/Concepts/Foundations/StrategicEquivalence.lean	50	S-FOUND	def	realizeSymm	public
GameTheory/Concepts/Foundations/StrategicEquivalence.lean	53	S-FOUND	theorem	realizeSymm_realize	public
GameTheory/Concepts/Foundations/StrategicEquivalence.lean	57	S-FOUND	theorem	realize_realizeSymm	public
GameTheory/Concepts/Foundations/StrategicEquivalence.lean	61	S-FOUND	theorem	law_eq_realize	public
GameTheory/Concepts/Foundations/StrategicEquivalence.lean	65	S-FOUND	theorem	law_eq_realizeSymm	public
GameTheory/Concepts/Foundations/StrategicEquivalence.lean	74	S-FOUND	theorem	realize_update	public
GameTheory/Concepts/Foundations/StrategicEquivalence.lean	83	S-FOUND	theorem	realizeSymm_update	public
GameTheory/Concepts/Foundations/StrategicEquivalence.lean	94	S-FOUND	theorem	law_update_realizeSymm	public
GameTheory/Concepts/Foundations/StrategicEquivalence.lean	107	S-FOUND	theorem	law_update_realize	public
GameTheory/Concepts/Foundations/StrategicEquivalence.lean	119	S-FOUND	def	toNashDeviationBisimulation	public
GameTheory/Concepts/Foundations/StrategicEquivalence.lean	134	S-FOUND	theorem	rel_realize	public
GameTheory/Concepts/Foundations/StrategicEquivalence.lean	139	S-FOUND	theorem	nash_iff	public
GameTheory/Concepts/Foundations/StrategicEquivalence.lean	147	S-FOUND	def	symm	public
GameTheory/Concepts/Foundations/StrategicEquivalence.lean	155	S-FOUND	def	toCoarseCorrelatedSimulation	public
GameTheory/Concepts/Foundations/StrategicEquivalence.lean	165	S-FOUND	def	toCorrelatedSimulation	public
GameTheory/Concepts/Foundations/StrategicEquivalence.lean	177	S-FOUND	theorem	target_coarseCorrelatedEq	public
GameTheory/Concepts/Foundations/StrategicEquivalence.lean	185	S-FOUND	theorem	target_correlatedEq	public
GameTheory/Concepts/Foundations/UtilityInvariance.lean	33	S-FOUND	theorem	ofEU_nash_affine	public
GameTheory/Concepts/Foundations/UtilityInvariance.lean	52	S-FOUND	theorem	ofEU_isDominant_affine	public
GameTheory/Concepts/Foundations/UtilityInvariance.lean	73	S-FOUND	theorem	ofEU_nash_shift	public
GameTheory/Concepts/Foundations/UtilityInvariance.lean	83	S-FOUND	theorem	ofEU_nash_scale	public
GameTheory/Concepts/Foundations/VNM/AxiomIndependence.lean	23	S-FOUND	def	lottery3	private
GameTheory/Concepts/Foundations/VNM/AxiomIndependence.lean	40	S-FOUND	theorem	probOf_lottery3_zero	private
GameTheory/Concepts/Foundations/VNM/AxiomIndependence.lean	46	S-FOUND	theorem	probOf_lottery3_one	private
GameTheory/Concepts/Foundations/VNM/AxiomIndependence.lean	54	S-FOUND	def	pref	private
GameTheory/Concepts/Foundations/VNM/AxiomIndependence.lean	58	S-FOUND	theorem	not_complete	private
GameTheory/Concepts/Foundations/VNM/AxiomIndependence.lean	64	S-FOUND	theorem	transitive	private
GameTheory/Concepts/Foundations/VNM/AxiomIndependence.lean	68	S-FOUND	theorem	independent	private
GameTheory/Concepts/Foundations/VNM/AxiomIndependence.lean	78	S-FOUND	theorem	continuous	private
GameTheory/Concepts/Foundations/VNM/AxiomIndependence.lean	122	S-FOUND	theorem	completeness_independent	public
GameTheory/Concepts/Foundations/VNM/AxiomIndependence.lean	132	S-FOUND	def	pref	private
GameTheory/Concepts/Foundations/VNM/AxiomIndependence.lean	137	S-FOUND	theorem	complete	private
GameTheory/Concepts/Foundations/VNM/AxiomIndependence.lean	147	S-FOUND	theorem	transitive	private
GameTheory/Concepts/Foundations/VNM/AxiomIndependence.lean	157	S-FOUND	theorem	independent	private
GameTheory/Concepts/Foundations/VNM/AxiomIndependence.lean	171	S-FOUND	theorem	not_continuous	private
GameTheory/Concepts/Foundations/VNM/AxiomIndependence.lean	197	S-FOUND	theorem	continuity_independent	public
GameTheory/Concepts/Foundations/VNM/AxiomIndependence.lean	207	S-FOUND	def	pref	private
GameTheory/Concepts/Foundations/VNM/AxiomIndependence.lean	210	S-FOUND	theorem	complete	private
GameTheory/Concepts/Foundations/VNM/AxiomIndependence.lean	217	S-FOUND	theorem	transitive	private
GameTheory/Concepts/Foundations/VNM/AxiomIndependence.lean	226	S-FOUND	theorem	not_independent	private
GameTheory/Concepts/Foundations/VNM/AxiomIndependence.lean	246	S-FOUND	theorem	continuous	private
GameTheory/Concepts/Foundations/VNM/AxiomIndependence.lean	268	S-FOUND	theorem	independence_independent	public
GameTheory/Concepts/Foundations/VNM/AxiomIndependence.lean	278	S-FOUND	def	pref	private
GameTheory/Concepts/Foundations/VNM/AxiomIndependence.lean	282	S-FOUND	theorem	complete	private
GameTheory/Concepts/Foundations/VNM/AxiomIndependence.lean	289	S-FOUND	theorem	not_transitive	private
GameTheory/Concepts/Foundations/VNM/AxiomIndependence.lean	312	S-FOUND	theorem	independent	private
GameTheory/Concepts/Foundations/VNM/AxiomIndependence.lean	326	S-FOUND	theorem	continuous	private
GameTheory/Concepts/Foundations/VNM/AxiomIndependence.lean	383	S-FOUND	theorem	transitivity_independent	public
GameTheory/Concepts/Foundations/VNM/AxiomIndependence.lean	395	S-FOUND	theorem	completeness_independent	public
GameTheory/Concepts/Foundations/VNM/AxiomIndependence.lean	403	S-FOUND	theorem	continuity_independent	public
GameTheory/Concepts/Foundations/VNM/AxiomIndependence.lean	411	S-FOUND	theorem	independence_independent	public
GameTheory/Concepts/Foundations/VNM/AxiomIndependence.lean	419	S-FOUND	theorem	transitivity_independent	public
GameTheory/Concepts/Foundations/VNM/AxiomIndependence.lean	427	S-FOUND	theorem	axioms_independent	public
GameTheory/Concepts/Foundations/VNM/Basic.lean	34	S-FOUND	abbrev	Lottery	public
GameTheory/Concepts/Foundations/VNM/Basic.lean	37	S-FOUND	def	expectedValue	public
GameTheory/Concepts/Foundations/VNM/Basic.lean	40	S-FOUND	theorem	expectedValue_pure	public
GameTheory/Concepts/Foundations/VNM/Basic.lean	45	S-FOUND	theorem	expectedValue_eq_sum	public
GameTheory/Concepts/Foundations/VNM/Basic.lean	50	S-FOUND	theorem	expectedValue_mono	public
GameTheory/Concepts/Foundations/VNM/Basic.lean	56	S-FOUND	theorem	expectedValue_add	public
GameTheory/Concepts/Foundations/VNM/Basic.lean	62	S-FOUND	theorem	expectedValue_const_mul	public
GameTheory/Concepts/Foundations/VNM/Basic.lean	67	S-FOUND	theorem	expectedValue_const	public
GameTheory/Concepts/Foundations/VNM/Basic.lean	72	S-FOUND	theorem	expectedValue_affine	public
GameTheory/Concepts/Foundations/VNM/Basic.lean	79	S-FOUND	theorem	expectedValue_sub	public
GameTheory/Concepts/Foundations/VNM/Basic.lean	85	S-FOUND	theorem	expectedValue_one_sub	public
GameTheory/Concepts/Foundations/VNM/Basic.lean	91	S-FOUND	theorem	expectedValue_bind	public
GameTheory/Concepts/Foundations/VNM/Basic.lean	97	S-FOUND	def	mix	public
GameTheory/Concepts/Foundations/VNM/Basic.lean	111	S-FOUND	theorem	expectedValue_binaryMix	public
GameTheory/Concepts/Foundations/VNM/Basic.lean	123	S-FOUND	theorem	expectedValue_mix	public
GameTheory/Concepts/Foundations/VNM/Basic.lean	132	S-FOUND	def	IsLinearLotteryFunctional	public
GameTheory/Concepts/Foundations/VNM/Basic.lean	137	S-FOUND	theorem	expectedValue_isLinearLotteryFunctional	public
GameTheory/Concepts/Foundations/VNM/Basic.lean	145	S-FOUND	theorem	sureThingPrinciple	public
GameTheory/Concepts/Foundations/VNM/Basic.lean	159	S-FOUND	def	strict	public
GameTheory/Concepts/Foundations/VNM/Basic.lean	164	S-FOUND	def	indiff	public
GameTheory/Concepts/Foundations/VNM/Basic.lean	169	S-FOUND	def	Completeness	public
GameTheory/Concepts/Foundations/VNM/Basic.lean	173	S-FOUND	def	Transitivity	public
GameTheory/Concepts/Foundations/VNM/Basic.lean	178	S-FOUND	def	Independence	public
GameTheory/Concepts/Foundations/VNM/Basic.lean	185	S-FOUND	def	Continuity	public
GameTheory/Concepts/Foundations/VNM/Basic.lean	194	S-FOUND	def	RepresentsExpectedUtility	public
GameTheory/Concepts/Foundations/VNM/Basic.lean	199	S-FOUND	theorem	RepresentsExpectedUtility.completeness	public
GameTheory/Concepts/Foundations/VNM/Basic.lean	209	S-FOUND	theorem	RepresentsExpectedUtility.transitivity	public
GameTheory/Concepts/Foundations/VNM/Basic.lean	217	S-FOUND	theorem	RepresentsExpectedUtility.independence	public
GameTheory/Concepts/Foundations/VNM/Basic.lean	234	S-FOUND	theorem	RepresentsExpectedUtility.continuity	public
GameTheory/Concepts/Foundations/VNM/Basic.lean	277	S-FOUND	theorem	RepresentsExpectedUtility.vnmAxioms	public
GameTheory/Concepts/Foundations/VNM/Basic.lean	284	S-FOUND	def	probOf	public
GameTheory/Concepts/Foundations/VNM/Basic.lean	287	S-FOUND	theorem	probOf_pure_self	public
GameTheory/Concepts/Foundations/VNM/Basic.lean	292	S-FOUND	theorem	probOf_pure_ne	public
GameTheory/Concepts/Foundations/VNM/Basic.lean	300	S-FOUND	theorem	expectedValue_indicator	public
GameTheory/Concepts/Foundations/VNM/Basic.lean	313	S-FOUND	theorem	probOf_mix	public
GameTheory/Concepts/Foundations/VNM/Basic.lean	324	S-FOUND	theorem	probOf_bind	public
GameTheory/Concepts/Foundations/VNM/Basic.lean	333	S-FOUND	def	standardLottery	public
GameTheory/Concepts/Foundations/VNM/Basic.lean	337	S-FOUND	theorem	standardLottery_apply_best	public
GameTheory/Concepts/Foundations/VNM/Basic.lean	344	S-FOUND	theorem	standardLottery_apply_worst	public
GameTheory/Concepts/Foundations/VNM/Basic.lean	351	S-FOUND	theorem	standardLottery_apply_ne	public
GameTheory/Concepts/Foundations/VNM/Basic.lean	360	S-FOUND	theorem	mix_self	public
GameTheory/Concepts/Foundations/VNM/Basic.lean	371	S-FOUND	theorem	mix_zero	public
GameTheory/Concepts/Foundations/VNM/Basic.lean	381	S-FOUND	theorem	mix_one	public
GameTheory/Concepts/Foundations/VNM/Basic.lean	391	S-FOUND	theorem	mix_swap	public
GameTheory/Concepts/Foundations/VNM/Basic.lean	404	S-FOUND	theorem	standardLottery_one	public
GameTheory/Concepts/Foundations/VNM/Basic.lean	423	S-FOUND	theorem	standardLottery_zero	public
GameTheory/Concepts/Foundations/VNM/Basic.lean	443	S-FOUND	theorem	standardLottery_eq_mix_best_standard	public
GameTheory/Concepts/Foundations/VNM/Basic.lean	492	S-FOUND	theorem	standardLottery_eq_mix_best_standard_of_le	public
GameTheory/Concepts/Foundations/VNM/Basic.lean	507	S-FOUND	theorem	standardLottery_order_of_independence	public
GameTheory/Concepts/Foundations/VNM/Basic.lean	676	S-FOUND	theorem	bind_bool_eq_mix	public
GameTheory/Concepts/Foundations/VNM/Basic.lean	704	S-FOUND	theorem	bool_compoundIndifference_of_independence	public
GameTheory/Concepts/Foundations/VNM/Basic.lean	785	S-FOUND	theorem	expectedValue_nonneg_of_nonneg	public
GameTheory/Concepts/Foundations/VNM/Basic.lean	793	S-FOUND	theorem	expectedValue_le_one_of_le_one	public
GameTheory/Concepts/Foundations/VNM/Basic.lean	801	S-FOUND	theorem	bind_standardLottery_eq_standard_expectedValue	public
GameTheory/Concepts/Foundations/VNM/Basic.lean	841	S-FOUND	def	CompoundIndifference	public
GameTheory/Concepts/Foundations/VNM/Basic.lean	848	S-FOUND	theorem	compoundIndifference_of_independence	public
GameTheory/Concepts/Foundations/VNM/Basic.lean	1021	S-FOUND	theorem	representsExpectedUtility_of_standardLottery_certaintyEquivalents	public
GameTheory/Concepts/Foundations/VNM/Basic.lean	1073	S-FOUND	theorem	exists_representsExpectedUtility_of_compoundIndifference_and_standardLottery_order	public
GameTheory/Concepts/Foundations/VNM/Basic.lean	1147	S-FOUND	theorem	exists_representsExpectedUtility_of_vnmAxioms_of_compoundIndifference	public
GameTheory/Concepts/Foundations/VNM/Basic.lean	1164	S-FOUND	theorem	exists_representsExpectedUtility_of_vnmAxioms	public
GameTheory/Concepts/Foundations/VNM/Basic.lean	1178	S-FOUND	theorem	vnmAxioms_iff_exists_representsExpectedUtility	public
GameTheory/Concepts/Foundations/VNM/Basic.lean	1190	S-FOUND	theorem	strict_mix_common_iff_of_independence	public
GameTheory/Concepts/Foundations/VNM/Basic.lean	1208	S-FOUND	def	IsAffineUtility	public
GameTheory/Concepts/Foundations/VNM/Basic.lean	1213	S-FOUND	def	IsRiskNeutral	public
GameTheory/Concepts/Foundations/VNM/Basic.lean	1218	S-FOUND	theorem	IsAffineUtility.isRiskNeutral	public
GameTheory/Concepts/Foundations/VNM/Basic.lean	1226	S-FOUND	theorem	IsRiskNeutral.isAffine	public
GameTheory/Concepts/Knowledge/ApproximateCommonKnowledge.lean	41	D-KNOW	def	IsPositivePrior	public
GameTheory/Concepts/Knowledge/ApproximateCommonKnowledge.lean	45	D-KNOW	def	IsProbabilityThreshold	public
GameTheory/Concepts/Knowledge/ApproximateCommonKnowledge.lean	48	D-KNOW	def	eventMass	private
GameTheory/Concepts/Knowledge/ApproximateCommonKnowledge.lean	51	D-KNOW	theorem	eventMass_decomp_cells	private
GameTheory/Concepts/Knowledge/ApproximateCommonKnowledge.lean	62	D-KNOW	theorem	eventMass_mono	private
GameTheory/Concepts/Knowledge/ApproximateCommonKnowledge.lean	69	D-KNOW	theorem	eventMass_nonneg	private
GameTheory/Concepts/Knowledge/ApproximateCommonKnowledge.lean	75	D-KNOW	theorem	eventMass_pos_of_nonempty	private
GameTheory/Concepts/Knowledge/ApproximateCommonKnowledge.lean	81	D-KNOW	theorem	eventMass_inter_add_sdiff	private
GameTheory/Concepts/Knowledge/ApproximateCommonKnowledge.lean	102	D-KNOW	def	PBelief	public
GameTheory/Concepts/Knowledge/ApproximateCommonKnowledge.lean	107	D-KNOW	theorem	mem_PBelief_iff	public
GameTheory/Concepts/Knowledge/ApproximateCommonKnowledge.lean	113	D-KNOW	theorem	PBelief_mono_threshold	public
GameTheory/Concepts/Knowledge/ApproximateCommonKnowledge.lean	120	D-KNOW	theorem	PBelief_mono_event	private
GameTheory/Concepts/Knowledge/ApproximateCommonKnowledge.lean	136	D-KNOW	theorem	PBelief_cell_inter_nonempty	private
GameTheory/Concepts/Knowledge/ApproximateCommonKnowledge.lean	153	D-KNOW	theorem	posterior_eq_of_mem_PBelief_const	private
GameTheory/Concepts/Knowledge/ApproximateCommonKnowledge.lean	163	D-KNOW	theorem	PBelief_of_PBelief_subset_PBelief	private
GameTheory/Concepts/Knowledge/ApproximateCommonKnowledge.lean	176	D-KNOW	def	mutualPBelief	public
GameTheory/Concepts/Knowledge/ApproximateCommonKnowledge.lean	182	D-KNOW	theorem	mem_mutualPBelief_iff	public
GameTheory/Concepts/Knowledge/ApproximateCommonKnowledge.lean	189	D-KNOW	theorem	mutualPBelief_mono_threshold	public
GameTheory/Concepts/Knowledge/ApproximateCommonKnowledge.lean	200	D-KNOW	def	IsPEvident	public
GameTheory/Concepts/Knowledge/ApproximateCommonKnowledge.lean	205	D-KNOW	theorem	IsPEvident.mono_threshold	public
GameTheory/Concepts/Knowledge/ApproximateCommonKnowledge.lean	214	D-KNOW	def	CommonPBeliefAt	public
GameTheory/Concepts/Knowledge/ApproximateCommonKnowledge.lean	221	D-KNOW	def	CommonPBelief	public
GameTheory/Concepts/Knowledge/ApproximateCommonKnowledge.lean	227	D-KNOW	theorem	mem_CommonPBelief_iff	public
GameTheory/Concepts/Knowledge/ApproximateCommonKnowledge.lean	234	D-KNOW	theorem	CommonPBeliefAt.implies_mutualPBelief	public
GameTheory/Concepts/Knowledge/ApproximateCommonKnowledge.lean	242	D-KNOW	theorem	CommonPBeliefAt.mono_threshold	public
GameTheory/Concepts/Knowledge/ApproximateCommonKnowledge.lean	251	D-KNOW	lemma	commonPBelief_atom_real_arith	private
GameTheory/Concepts/Knowledge/ApproximateCommonKnowledge.lean	260	D-KNOW	theorem	commonPBelief_atom_bound	private
GameTheory/Concepts/Knowledge/ApproximateCommonKnowledge.lean	347	D-KNOW	theorem	commonPBelief_core_bound	private
GameTheory/Concepts/Knowledge/ApproximateCommonKnowledge.lean	432	D-KNOW	theorem	commonPBelief_posterior_reports_close	public
GameTheory/Concepts/Knowledge/ApproximateCommonKnowledge.lean	499	D-KNOW	theorem	posterior_eq_one_of_cell_subset	public
GameTheory/Concepts/Knowledge/ApproximateCommonKnowledge.lean	508	D-KNOW	theorem	IsSelfEvident.isPEvident	public
GameTheory/Concepts/Knowledge/ApproximateCommonKnowledge.lean	520	D-KNOW	theorem	CommonKnowledgeAt.commonPBeliefAt	public
GameTheory/Concepts/Knowledge/CommonKnowledge.lean	39	D-KNOW	structure	InfoPartition	public
GameTheory/Concepts/Knowledge/CommonKnowledge.lean	48	D-KNOW	def	posterior	public
GameTheory/Concepts/Knowledge/CommonKnowledge.lean	53	D-KNOW	theorem	posterior_eq_of_same_cell	public
GameTheory/Concepts/Knowledge/CommonKnowledge.lean	60	D-KNOW	theorem	agree_to_disagree	public
GameTheory/Concepts/Knowledge/CommonKnowledge.lean	67	D-KNOW	def	IsSelfEvident	public
GameTheory/Concepts/Knowledge/CommonKnowledge.lean	71	D-KNOW	theorem	posterior_self_evident	public
GameTheory/Concepts/Knowledge/CommonKnowledge.lean	81	D-KNOW	theorem	cell_disjoint_of_not_in_self_evident	public
GameTheory/Concepts/Knowledge/CommonKnowledge.lean	93	D-KNOW	theorem	posterior_zero_outside_self_evident	public
GameTheory/Concepts/Knowledge/CommonKnowledge.lean	114	D-KNOW	def	Knows	public
GameTheory/Concepts/Knowledge/CommonKnowledge.lean	118	D-KNOW	theorem	mem_Knows_iff	public
GameTheory/Concepts/Knowledge/CommonKnowledge.lean	123	D-KNOW	theorem	Knows_subset	public
GameTheory/Concepts/Knowledge/CommonKnowledge.lean	131	D-KNOW	theorem	Knows_idem	public
GameTheory/Concepts/Knowledge/CommonKnowledge.lean	145	D-KNOW	theorem	Knows_not_Knows	public
GameTheory/Concepts/Knowledge/CommonKnowledge.lean	160	D-KNOW	theorem	Knows_mono	public
GameTheory/Concepts/Knowledge/CommonKnowledge.lean	167	D-KNOW	theorem	Knows_inter	public
GameTheory/Concepts/Knowledge/CommonKnowledge.lean	173	D-KNOW	theorem	isSelfEvident_iff_subset_Knows	public
GameTheory/Concepts/Knowledge/CommonKnowledge.lean	186	D-KNOW	theorem	isSelfEvident_iff_Knows_eq	public
GameTheory/Concepts/Knowledge/CommonKnowledge.lean	195	D-KNOW	def	mutualKnowledge	public
GameTheory/Concepts/Knowledge/CommonKnowledge.lean	200	D-KNOW	theorem	mem_mutualKnowledge_iff	public
GameTheory/Concepts/Knowledge/CommonKnowledge.lean	206	D-KNOW	theorem	mutualKnowledge_subset	public
GameTheory/Concepts/Knowledge/CommonKnowledge.lean	218	D-KNOW	def	CommonKnowledgeAt	public
GameTheory/Concepts/Knowledge/CommonKnowledge.lean	223	D-KNOW	def	CommonKnowledge	public
GameTheory/Concepts/Knowledge/CommonKnowledge.lean	229	D-KNOW	theorem	mem_CommonKnowledge_iff	public
GameTheory/Concepts/Knowledge/CommonKnowledge.lean	238	D-KNOW	theorem	CommonKnowledgeAt.implies_mem	public
GameTheory/Concepts/Knowledge/CommonKnowledge.lean	245	D-KNOW	theorem	CommonKnowledgeAt.implies_Knows	public
GameTheory/Concepts/Knowledge/CommonKnowledge.lean	256	D-KNOW	theorem	CommonKnowledgeAt.idem	public
GameTheory/Concepts/Knowledge/CommonKnowledge.lean	280	D-KNOW	theorem	cells_disjoint	public
GameTheory/Concepts/Knowledge/CommonKnowledge.lean	292	D-KNOW	theorem	selfEvident_eq_biUnion_cells	public
GameTheory/Concepts/Knowledge/CommonKnowledge.lean	306	D-KNOW	theorem	selfEvident_sum_decomp	public
GameTheory/Concepts/Knowledge/CommonKnowledge.lean	329	D-KNOW	theorem	aumann_full_agreement	public
GameTheory/Concepts/Learning/Approachability.lean	39	D-LEARN	theorem	sq_infDist_avg_le	public
GameTheory/Concepts/Learning/Approachability.lean	89	D-LEARN	theorem	infDist_avg_tendsto_zero	public
GameTheory/Concepts/Learning/Approachability.lean	116	D-LEARN	def	avgVec	public
GameTheory/Concepts/Learning/Approachability.lean	122	D-LEARN	theorem	avgVec_succ	public
GameTheory/Concepts/Learning/Approachability.lean	132	D-LEARN	theorem	avgVec_norm_le	public
GameTheory/Concepts/Learning/Approachability.lean	161	D-LEARN	theorem	blackwell_approaches	public
GameTheory/Concepts/Learning/ApproachabilityRegret.lean	37	D-LEARN	def	nonposOrthant	public
GameTheory/Concepts/Learning/ApproachabilityRegret.lean	39	D-LEARN	theorem	mem_nonposOrthant	public
GameTheory/Concepts/Learning/ApproachabilityRegret.lean	42	D-LEARN	theorem	nonposOrthant_nonempty	public
GameTheory/Concepts/Learning/ApproachabilityRegret.lean	45	D-LEARN	theorem	isClosed_nonposOrthant	public
GameTheory/Concepts/Learning/ApproachabilityRegret.lean	57	D-LEARN	def	orthantProj	public
GameTheory/Concepts/Learning/ApproachabilityRegret.lean	60	D-LEARN	theorem	orthantProj_ofLp	public
GameTheory/Concepts/Learning/ApproachabilityRegret.lean	63	D-LEARN	theorem	orthantProj_mem	public
GameTheory/Concepts/Learning/ApproachabilityRegret.lean	67	D-LEARN	theorem	sub_orthantProj_ofLp	public
GameTheory/Concepts/Learning/ApproachabilityRegret.lean	77	D-LEARN	theorem	norm_sq_eq_sum	public
GameTheory/Concepts/Learning/ApproachabilityRegret.lean	83	D-LEARN	theorem	infDist_eq_norm_sub_orthantProj	public
GameTheory/Concepts/Learning/ApproachabilityRegret.lean	102	D-LEARN	theorem	norm_orthantProj_le	public
GameTheory/Concepts/Learning/ApproachabilityRegret.lean	120	D-LEARN	def	regretPayoff	public
GameTheory/Concepts/Learning/ApproachabilityRegret.lean	124	D-LEARN	theorem	regretPayoff_ofLp	public
GameTheory/Concepts/Learning/ApproachabilityRegret.lean	131	D-LEARN	def	regretMatch	public
GameTheory/Concepts/Learning/ApproachabilityRegret.lean	143	D-LEARN	theorem	expect_regretMatch_pos	public
GameTheory/Concepts/Learning/ApproachabilityRegret.lean	155	D-LEARN	theorem	regretMatch_steering	public
GameTheory/Concepts/Learning/ApproachabilityRegret.lean	190	D-LEARN	theorem	regretMatch_approaches	public
GameTheory/Concepts/Learning/FictitiousPlay.lean	44	D-LEARN	def	empiricalMarginal	public
GameTheory/Concepts/Learning/FictitiousPlay.lean	52	D-LEARN	theorem	empiricalMarginal_apply_toReal	public
GameTheory/Concepts/Learning/FictitiousPlay.lean	95	D-LEARN	theorem	empiricalMarginal_apply_toReal_range	public
GameTheory/Concepts/Learning/FictitiousPlay.lean	115	D-LEARN	theorem	empiricalMarginal_succ_apply_toReal	public
GameTheory/Concepts/Learning/FictitiousPlay.lean	172	D-LEARN	theorem	empiricalMarginal_succ_expect	public
GameTheory/Concepts/Learning/FictitiousPlay.lean	194	D-LEARN	def	belief	public
GameTheory/Concepts/Learning/FictitiousPlay.lean	201	D-LEARN	def	IsFictitiousPlay	public
GameTheory/Concepts/Learning/FictitiousPlay.lean	211	D-LEARN	theorem	frequently_play_eq_of_belief_converges	public
GameTheory/Concepts/Learning/FictitiousPlay.lean	262	D-LEARN	theorem	isFictitiousPlay_limit_isNash	public
GameTheory/Concepts/Learning/FictitiousPlayPotential.lean	34	D-LEARN	def	fictitiousPlayPlayedGain	public
GameTheory/Concepts/Learning/FictitiousPlayPotential.lean	41	D-LEARN	def	fictitiousPlayWeightedPlayedGain	public
GameTheory/Concepts/Learning/FictitiousPlayPotential.lean	50	D-LEARN	theorem	IsFictitiousPlay.playedGain_nonneg	public
GameTheory/Concepts/Learning/FictitiousPlayPotential.lean	72	D-LEARN	theorem	IsFictitiousPlay.fictitiousPlayPlayedGain_nonneg	public
GameTheory/Concepts/Learning/FictitiousPlayPotential.lean	82	D-LEARN	theorem	IsFictitiousPlay.mixedImprovement_le_weightedPlayedGain	public
GameTheory/Concepts/Learning/FictitiousPlayPotential.lean	116	D-LEARN	theorem	mixedExtension_eu_update_empiricalMarginal_succ	public
GameTheory/Concepts/Learning/FictitiousPlayPotential.lean	136	D-LEARN	theorem	mixedExtension_eu_update_empiricalMarginal_succ_sub	public
GameTheory/Concepts/Learning/FictitiousPlayPotential.lean	160	D-LEARN	theorem	mixedExtension_eu_belief_update_empiricalMarginal_succ_sub	public
GameTheory/Concepts/Learning/FictitiousPlayPotential.lean	186	D-LEARN	theorem	IsTeamGame.mixedExtension_eu_belief_update_empiricalMarginal_succ_sub	public
GameTheory/Concepts/Learning/FictitiousPlayPotential.lean	215	D-LEARN	theorem	mixedPotential_update_empiricalMarginal_succ	public
GameTheory/Concepts/Learning/FictitiousPlayPotential.lean	235	D-LEARN	theorem	mixedPotential_update_empiricalMarginal_succ_sub	public
GameTheory/Concepts/Learning/FictitiousPlayPotential.lean	256	D-LEARN	def	mixedPotentialPureGain	public
GameTheory/Concepts/Learning/FictitiousPlayPotential.lean	266	D-LEARN	theorem	mixedPotential_update_empiricalMarginal_succ_sub_of_eq	public
GameTheory/Concepts/Learning/FictitiousPlayPotential.lean	290	D-LEARN	theorem	IsExactPotential.mixedPotential_belief_update_empiricalMarginal_succ_sub	public
GameTheory/Concepts/Learning/FictitiousPlayPotential.lean	343	D-LEARN	theorem	IsExactPotential.mixedPotentialPureGain_eq_mixedGain	public
GameTheory/Concepts/Learning/FictitiousPlayPotential.lean	354	D-LEARN	theorem	mixedPotential_abs_le_of_abs_bound	public
GameTheory/Concepts/Learning/FictitiousPlayPotential.lean	384	D-LEARN	theorem	exists_profile_abs_bound	public
GameTheory/Concepts/Learning/FictitiousPlayPotential.lean	397	D-LEARN	theorem	mixedPotential_update_empiricalMarginal_succ_abs_sub_le	public
GameTheory/Concepts/Learning/FictitiousPlayPotential.lean	442	D-LEARN	theorem	mixedPotential_pureGain_update_empiricalMarginal_succ_abs_sub_le	public
GameTheory/Concepts/Learning/FictitiousPlayPotential.lean	525	D-LEARN	theorem	mixedPotentialPureGain_update_empiricalMarginal_succ_self_abs_sub_le	public
GameTheory/Concepts/Learning/FictitiousPlayPotential.lean	561	D-LEARN	theorem	mixedPotentialPureGain_update_empiricalMarginal_succ_abs_sub_le	public
GameTheory/Concepts/Learning/FictitiousPlayPotential.lean	588	D-LEARN	theorem	mixedPotentialPureGain_foldl_update_empiricalMarginal_succ_abs_sub_le	public
GameTheory/Concepts/Learning/FictitiousPlayPotential.lean	655	D-LEARN	theorem	mixedPotential_foldl_update_empiricalMarginal_succ_sub_ge	public
GameTheory/Concepts/Learning/FictitiousPlayPotential.lean	810	D-LEARN	theorem	foldl_update_empiricalMarginal_succ_eq_belief_succ	public
GameTheory/Concepts/Learning/FictitiousPlayPotential.lean	828	D-LEARN	theorem	mixedPotentialPureGain_belief_succ_abs_sub_le	public
GameTheory/Concepts/Learning/FictitiousPlayPotential.lean	850	D-LEARN	theorem	IsExactPotential.mixedGain_belief_succ_abs_sub_le	public
GameTheory/Concepts/Learning/FictitiousPlayPotential.lean	866	D-LEARN	theorem	IsExactPotential.fictitiousPlayPlayedGain_succ_abs_sub_le	public
GameTheory/Concepts/Learning/FictitiousPlayPotential.lean	926	D-LEARN	theorem	IsExactPotential.mixedPotential_belief_succ_sub_ge	public
GameTheory/Concepts/Learning/FictitiousPlayPotential.lean	964	D-LEARN	theorem	IsExactPotential.summable_one_div_mul_fictitiousPlayPlayedGain	public
GameTheory/Concepts/Learning/FictitiousPlayPotential.lean	1034	D-LEARN	theorem	frequently_lt_of_summable_one_div_mul	public
GameTheory/Concepts/Learning/FictitiousPlayPotential.lean	1082	D-LEARN	theorem	tendsto_zero_of_summable_one_div_mul_of_succ_abs_sub_le	public
GameTheory/Concepts/Learning/FictitiousPlayPotential.lean	1250	D-LEARN	theorem	IsExactPotential.frequently_fictitiousPlayPlayedGain_lt	public
GameTheory/Concepts/Learning/FictitiousPlayPotential.lean	1264	D-LEARN	theorem	IsExactPotential.fictitiousPlayPlayedGain_tendsto_zero	public
GameTheory/Concepts/Learning/FictitiousPlayPotential.lean	1289	D-LEARN	theorem	IsFictitiousPlay.fictitiousPlayWeightedPlayedGain_nonneg	public
GameTheory/Concepts/Learning/FictitiousPlayPotential.lean	1300	D-LEARN	theorem	IsFictitiousPlay.fictitiousPlayWeightedPlayedGain_le_cardSum_mul_playedGain	public
GameTheory/Concepts/Learning/FictitiousPlayPotential.lean	1327	D-LEARN	theorem	IsExactPotential.fictitiousPlayWeightedPlayedGain_tendsto_zero	public
GameTheory/Concepts/Learning/FictitiousPlayPotential.lean	1350	D-LEARN	theorem	IsExactPotential.mixedImprovement_belief_tendsto_zero_of_abs_bound	public
GameTheory/Concepts/Learning/FictitiousPlayPotential.lean	1367	D-LEARN	theorem	IsExactPotential.mixedImprovement_belief_tendsto_zero	public
GameTheory/Concepts/Learning/FictitiousPlayPotential.lean	1380	D-LEARN	theorem	IsExactPotential.eventually_isεNash_of_isFictitiousPlay_of_abs_bound	public
GameTheory/Concepts/Learning/FictitiousPlayPotential.lean	1395	D-LEARN	theorem	IsExactPotential.eventually_isεNash_of_isFictitiousPlay	public
GameTheory/Concepts/Learning/FictitiousPlayPotential.lean	1408	D-LEARN	theorem	IsFictitiousPlay.eventually_isεNash_of_weightedPlayedGain_tendsto_zero	public
GameTheory/Concepts/Learning/FictitiousPlayPotential.lean	1424	D-LEARN	theorem	IsWeightedExactPotential.isFictitiousPlay_iff_finitePotentialTeamGame	public
GameTheory/Concepts/Learning/FictitiousPlayPotential.lean	1471	D-LEARN	theorem	IsExactPotential.isFictitiousPlay_iff_finitePotentialTeamGame	public
GameTheory/Concepts/Learning/FictitiousPlayPotential.lean	1482	D-LEARN	theorem	IsWeightedExactPotential.isεNash_of_finitePotentialTeamGame_isεNash	public
GameTheory/Concepts/Learning/FictitiousPlayPotential.lean	1535	D-LEARN	theorem	IsWeightedExactPotential.eventually_isεNash_of_isFictitiousPlay	public
GameTheory/Concepts/Learning/MWSelfPlay.lean	51	D-LEARN	def	mwScore	public
GameTheory/Concepts/Learning/MWSelfPlay.lean	58	D-LEARN	def	mwProfile	public
GameTheory/Concepts/Learning/MWSelfPlay.lean	63	D-LEARN	theorem	mwScore_eq_cumGain	public
GameTheory/Concepts/Learning/MWSelfPlay.lean	76	D-LEARN	theorem	mwProfile_eq_mwDist	public
GameTheory/Concepts/Learning/MWSelfPlay.lean	91	D-LEARN	theorem	mwSelfPlay_timeAverage_isεCCE	public
GameTheory/Concepts/Learning/MWSelfPlay.lean	137	D-LEARN	theorem	exists_mwSelfPlay_isεCCE	public
GameTheory/Concepts/Learning/MWSelfPlay.lean	153	D-LEARN	theorem	mwSelfPlay_exists_isεCCE_of_pos	public
GameTheory/Concepts/Learning/NoRegretToCCE.lean	46	D-LEARN	theorem	expect_uniformOfFintype_fin	public
GameTheory/Concepts/Learning/NoRegretToCCE.lean	57	D-LEARN	theorem	externalRegret_eq_expect	public
GameTheory/Concepts/Learning/NoRegretToCCE.lean	65	D-LEARN	def	timeAverage	public
GameTheory/Concepts/Learning/NoRegretToCCE.lean	69	D-LEARN	theorem	externalRegret_timeAverage	public
GameTheory/Concepts/Learning/NoRegretToCCE.lean	84	D-LEARN	theorem	timeAverage_isεCCE_of_regret_le	public
GameTheory/Concepts/Learning/SelfPlay.lean	47	D-LEARN	theorem	externalRegret_pmfPi	public
GameTheory/Concepts/Learning/SelfPlay.lean	63	D-LEARN	def	normGain	public
GameTheory/Concepts/Learning/SelfPlay.lean	69	D-LEARN	theorem	expect_eu_update	public
GameTheory/Concepts/Learning/SelfPlay.lean	78	D-LEARN	theorem	normGain_mem_Icc	public
GameTheory/Concepts/Learning/SelfPlay.lean	96	D-LEARN	theorem	expect_normGain	public
GameTheory/Concepts/Learning/SelfPlay.lean	107	D-LEARN	theorem	eu_deviation_eq_W_mul_normGain	public
GameTheory/Concepts/Learning/SelfPlay.lean	122	D-LEARN	theorem	selfPlay_timeAverage_isεCCE	public
GameTheory/Concepts/Learning/Tests.lean	57	D-LEARN	def	coordinationGame	public
GameTheory/Concepts/Mixed/BinaryMixed.lean	40	S-MIX	structure	BinaryActionLabels	public
GameTheory/Concepts/Mixed/BinaryMixed.lean	49	S-MIX	def	playerOf	public
GameTheory/Concepts/Mixed/BinaryMixed.lean	52	S-MIX	theorem	player_playerOf	public
GameTheory/Concepts/Mixed/BinaryMixed.lean	56	S-MIX	theorem	playerOf_inj	public
GameTheory/Concepts/Mixed/BinaryMixed.lean	64	S-MIX	theorem	playerOf_true_ne_false	public
GameTheory/Concepts/Mixed/BinaryMixed.lean	69	S-MIX	def	action	public
GameTheory/Concepts/Mixed/BinaryMixed.lean	74	S-MIX	def	profile	public
GameTheory/Concepts/Mixed/BinaryMixed.lean	77	S-MIX	theorem	profile_truePlayer	public
GameTheory/Concepts/Mixed/BinaryMixed.lean	81	S-MIX	theorem	profile_falsePlayer	public
GameTheory/Concepts/Mixed/BinaryMixed.lean	85	S-MIX	theorem	action_left_inverse	public
GameTheory/Concepts/Mixed/BinaryMixed.lean	89	S-MIX	theorem	action_right_inverse	public
GameTheory/Concepts/Mixed/BinaryMixed.lean	93	S-MIX	theorem	action_inj	public
GameTheory/Concepts/Mixed/BinaryMixed.lean	103	S-MIX	def	fintypePlayer	public
GameTheory/Concepts/Mixed/BinaryMixed.lean	107	S-MIX	def	decidableEqPlayer	public
GameTheory/Concepts/Mixed/BinaryMixed.lean	110	S-MIX	def	fintypeStrategy	public
GameTheory/Concepts/Mixed/BinaryMixed.lean	114	S-MIX	theorem	nonemptyStrategy	public
GameTheory/Concepts/Mixed/BinaryMixed.lean	118	S-MIX	def	decidableEqStrategy	public
GameTheory/Concepts/Mixed/BinaryMixed.lean	122	S-MIX	def	profileBoolEquiv	public
GameTheory/Concepts/Mixed/BinaryMixed.lean	125	S-MIX	theorem	profileBoolEquiv_apply_apply	public
GameTheory/Concepts/Mixed/BinaryMixed.lean	129	S-MIX	theorem	profileBoolEquiv_symm_apply	public
GameTheory/Concepts/Mixed/BinaryMixed.lean	133	S-MIX	theorem	profile_const_true	public
GameTheory/Concepts/Mixed/BinaryMixed.lean	138	S-MIX	theorem	profile_const_false	public
GameTheory/Concepts/Mixed/BinaryMixed.lean	143	S-MIX	theorem	profile_self	public
GameTheory/Concepts/Mixed/BinaryMixed.lean	148	S-MIX	theorem	profile_not	public
GameTheory/Concepts/Mixed/BinaryMixed.lean	154	S-MIX	theorem	action_eq_true_or_false	public
GameTheory/Concepts/Mixed/BinaryMixed.lean	165	S-MIX	def	probTrue	public
GameTheory/Concepts/Mixed/BinaryMixed.lean	168	S-MIX	theorem	probTrue_nonneg	public
GameTheory/Concepts/Mixed/BinaryMixed.lean	172	S-MIX	theorem	probTrue_le_one	public
GameTheory/Concepts/Mixed/BinaryMixed.lean	179	S-MIX	theorem	prob_false_toReal	public
GameTheory/Concepts/Mixed/BinaryMixed.lean	198	S-MIX	def	uniformMixedProfile	public
GameTheory/Concepts/Mixed/BinaryMixed.lean	203	S-MIX	theorem	probTrue_labeledUniformMixedProfile	public
GameTheory/Concepts/Mixed/BinaryMixed.lean	216	S-MIX	theorem	probTrue_uniformMixedProfile	public
GameTheory/Concepts/Mixed/BinaryMixed.lean	231	S-MIX	theorem	prod_weight_eq	private
GameTheory/Concepts/Mixed/BinaryMixed.lean	249	S-MIX	theorem	prod_profile_weight_eq	private
GameTheory/Concepts/Mixed/BinaryMixed.lean	263	S-MIX	theorem	mixedExtension_eu_binary_of_bounded	public
GameTheory/Concepts/Mixed/BinaryMixed.lean	310	S-MIX	theorem	mixedExtension_eu_binary	public
GameTheory/Concepts/Mixed/BinaryMixed.lean	323	S-MIX	def	boolProfileHH	private
GameTheory/Concepts/Mixed/BinaryMixed.lean	324	S-MIX	def	boolProfileHT	private
GameTheory/Concepts/Mixed/BinaryMixed.lean	325	S-MIX	def	boolProfileTH	private
GameTheory/Concepts/Mixed/BinaryMixed.lean	326	S-MIX	def	boolProfileTT	private
GameTheory/Concepts/Mixed/BinaryMixed.lean	328	S-MIX	lemma	boolProfileHH_ne_HT	private
GameTheory/Concepts/Mixed/BinaryMixed.lean	333	S-MIX	lemma	boolProfileHH_ne_TH	private
GameTheory/Concepts/Mixed/BinaryMixed.lean	338	S-MIX	lemma	boolProfileHH_ne_TT	private
GameTheory/Concepts/Mixed/BinaryMixed.lean	343	S-MIX	lemma	boolProfileHT_ne_TH	private
GameTheory/Concepts/Mixed/BinaryMixed.lean	348	S-MIX	lemma	boolProfileHT_ne_TT	private
GameTheory/Concepts/Mixed/BinaryMixed.lean	353	S-MIX	lemma	boolProfileTH_ne_TT	private
GameTheory/Concepts/Mixed/BinaryMixed.lean	358	S-MIX	lemma	boolProfile_univ	private
GameTheory/Concepts/Mixed/BinaryMixed.lean	379	S-MIX	structure	MatchingPenniesLike	public
GameTheory/Concepts/Mixed/BinaryMixed.lean	389	S-MIX	def	IsMatchingPenniesLike	public
GameTheory/Concepts/Mixed/BinaryMixed.lean	397	S-MIX	theorem	isMatchingPenniesLike	public
GameTheory/Concepts/Mixed/BinaryMixed.lean	400	S-MIX	theorem	mixedEu_true_formula_of_bounded	public
GameTheory/Concepts/Mixed/BinaryMixed.lean	414	S-MIX	theorem	mixedEu_false_formula_of_bounded	public
GameTheory/Concepts/Mixed/BinaryMixed.lean	428	S-MIX	theorem	mixedEu_true_formula	public
GameTheory/Concepts/Mixed/BinaryMixed.lean	437	S-MIX	theorem	mixedEu_false_formula	public
GameTheory/Concepts/Mixed/BinaryMixed.lean	446	S-MIX	theorem	deviationGain_true_true_formula_of_bounded	public
GameTheory/Concepts/Mixed/BinaryMixed.lean	477	S-MIX	theorem	deviationGain_true_false_formula_of_bounded	public
GameTheory/Concepts/Mixed/BinaryMixed.lean	508	S-MIX	theorem	deviationGain_false_true_formula_of_bounded	public
GameTheory/Concepts/Mixed/BinaryMixed.lean	539	S-MIX	theorem	deviationGain_false_false_formula_of_bounded	public
GameTheory/Concepts/Mixed/BinaryMixed.lean	570	S-MIX	theorem	mixedGain_true_true_formula	public
GameTheory/Concepts/Mixed/BinaryMixed.lean	580	S-MIX	theorem	mixedGain_true_false_formula	public
GameTheory/Concepts/Mixed/BinaryMixed.lean	590	S-MIX	theorem	mixedGain_false_true_formula	public
GameTheory/Concepts/Mixed/BinaryMixed.lean	600	S-MIX	theorem	mixedGain_false_false_formula	public
GameTheory/Concepts/Mixed/BinaryMixed.lean	613	S-MIX	theorem	mixed_nash_iff_half_of_bounded	public
GameTheory/Concepts/Mixed/BinaryMixed.lean	669	S-MIX	theorem	mixed_nash_iff_half	public
GameTheory/Concepts/Mixed/BinaryMixed.lean	682	S-MIX	theorem	uniformMixed_balanced	public
GameTheory/Concepts/Mixed/BinaryMixed.lean	722	S-MIX	theorem	uniformMixedProfile_isNash	public
GameTheory/Concepts/Mixed/BinaryMixed.lean	735	S-MIX	theorem	labeledUniformMixedProfile_isNash	public
GameTheory/Concepts/Mixed/BinaryMixed.lean	752	S-MIX	theorem	mixed_nash_iff_half_of_bounded	public
GameTheory/Concepts/Mixed/BinaryMixed.lean	765	S-MIX	theorem	mixed_nash_iff_half	public
GameTheory/Concepts/Mixed/BinaryMixed.lean	775	S-MIX	theorem	uniformMixed_balanced	public
GameTheory/Concepts/Mixed/BinaryMixed.lean	786	S-MIX	theorem	uniformMixedProfile_isNash	public
GameTheory/Concepts/Mixed/BinaryMixed.lean	797	S-MIX	theorem	labeledUniformMixedProfile_isNash	public
GameTheory/Concepts/Mixed/GameMorphism.lean	29	S-MIX	def	Morphism.mixedExtension	public
GameTheory/Concepts/Mixed/GameMorphism.lean	40	S-MIX	theorem	Morphism.mixedExtension_stratMap	public
GameTheory/Concepts/Mixed/GameMorphism.lean	46	S-MIX	theorem	Morphism.mixedExtension_id	public
GameTheory/Concepts/Mixed/GameMorphism.lean	52	S-MIX	theorem	Morphism.mixedExtension_comp	public
GameTheory/Concepts/Mixed/GameMorphism.lean	62	S-MIX	def	GameIsomorphism.mixedExtension	public
GameTheory/Concepts/Mixed/GameMorphism.lean	70	S-MIX	theorem	GameIsomorphism.mixedExtension_stratEquiv_apply	public
GameTheory/Concepts/Mixed/GameMorphism.lean	76	S-MIX	theorem	GameIsomorphism.mixedExtension_id	public
GameTheory/Concepts/Mixed/GameMorphism.lean	83	S-MIX	theorem	GameIsomorphism.mixedExtension_comp	public
GameTheory/Concepts/Mixed/GameMorphism.lean	92	S-MIX	theorem	GameIsomorphism.mixedExtension_symm	public
GameTheory/Concepts/Mixed/GameMorphism.lean	102	S-MIX	theorem	GameIsomorphism.mixedExtension_isNash_iff	public
GameTheory/Concepts/Mixed/GameMorphism.lean	112	S-MIX	theorem	GameIsomorphism.mixedExtension_exists_isNash_iff	public
GameTheory/Concepts/Mixed/MixedDominance.lean	32	S-MIX	theorem	WeaklyDominatesReflexive.pure_to_mixedExtension	public
GameTheory/Concepts/Mixed/MixedDominance.lean	60	S-MIX	theorem	WeaklyDominatesWithStrictWitness.pure_to_mixedExtension	public
GameTheory/Concepts/Mixed/MixedDominance.lean	79	S-MIX	theorem	StrictlyDominates.pure_to_mixedExtension	public
GameTheory/Concepts/Mixed/MixedDominance.lean	110	S-MIX	theorem	IsDominant.pure_to_mixedExtension	public
GameTheory/Concepts/Mixed/MixedDominance.lean	139	S-MIX	theorem	forall_weaklyDominatesWithStrictWitness_pure_to_mixedExtension	public
GameTheory/Concepts/Mixed/MixedDominance.lean	204	S-MIX	theorem	IsStrictDominant.pure_to_mixedExtension	public
GameTheory/Concepts/Mixed/MixedExtension.lean	39	S-MIX	theorem	mixedExtension_udist	public
GameTheory/Concepts/Mixed/MixedExtension.lean	58	S-MIX	theorem	mixedExtension_eu_of_bounded	public
GameTheory/Concepts/Mixed/MixedExtension.lean	71	S-MIX	theorem	mixedExtension_eu	public
GameTheory/Concepts/Mixed/MixedExtension.lean	81	S-MIX	def	pureMixedProfile	public
GameTheory/Concepts/Mixed/MixedExtension.lean	86	S-MIX	theorem	pureMixedProfile_apply	public
GameTheory/Concepts/Mixed/MixedExtension.lean	93	S-MIX	theorem	pureMixedProfile_update	public
GameTheory/Concepts/Mixed/MixedExtension.lean	105	S-MIX	theorem	mixedExtension_eu_pureMixedProfile	public
GameTheory/Concepts/Mixed/MixedExtension.lean	118	S-MIX	theorem	mixedExtension_eu_update_of_bounded	public
GameTheory/Concepts/Mixed/MixedExtension.lean	137	S-MIX	theorem	mixedExtension_eu_update	public
GameTheory/Concepts/Mixed/MixedExtension.lean	158	S-MIX	theorem	weighted_gain_sum_zero_of_bounded	public
GameTheory/Concepts/Mixed/MixedExtension.lean	194	S-MIX	theorem	isNash_iff_gains_nonpos_of_bounded	public
GameTheory/Concepts/Mixed/MixedExtension.lean	248	S-MIX	def	mixedGain	public
GameTheory/Concepts/Mixed/MixedExtension.lean	255	S-MIX	theorem	weighted_gain_sum_zero	public
GameTheory/Concepts/Mixed/MixedExtension.lean	264	S-MIX	theorem	isNash_iff_gains_nonpos	public
GameTheory/Concepts/Mixed/MixedExtension.lean	278	S-MIX	theorem	IsNash.pureMixedProfile_isNash	public
GameTheory/Concepts/Mixed/MixedExtension.lean	291	S-MIX	theorem	pureMixedProfile_isNash_iff	public
GameTheory/Concepts/Mixed/MixedExtension.lean	322	S-MIX	theorem	mixedExtension_eu_tendsto_of_forall_pmfConvergesPointwise	public
GameTheory/Concepts/Mixed/MixedExtension.lean	360	S-MIX	theorem	mixedExtension_eu_tendsto_of_profileConvergesPointwise	public
GameTheory/Concepts/Mixed/MixedExtension.lean	373	S-MIX	theorem	mixedExtension_eu_update_pure_tendsto_of_forall_pmfConvergesPointwise	public
GameTheory/Concepts/Mixed/MixedExtension.lean	395	S-MIX	theorem	mixedGain_tendsto_of_forall_pmfConvergesPointwise	public
GameTheory/Concepts/Mixed/MixedExtension.lean	422	S-MIX	def	uniformMixedProfile	public
GameTheory/Concepts/Mixed/MixedExtension.lean	430	S-MIX	def	IsUniformMixedBalanced	public
GameTheory/Concepts/Mixed/MixedExtension.lean	438	S-MIX	theorem	IsUniformMixedBalanced.uniformMixedProfile_isNash_of_bounded	public
GameTheory/Concepts/Mixed/MixedExtension.lean	449	S-MIX	theorem	isUniformMixedBalanced_iff_mixedGain_eq_zero	public
GameTheory/Concepts/Mixed/MixedExtension.lean	458	S-MIX	theorem	IsUniformMixedBalanced.uniformMixedProfile_isNash	public
GameTheory/Concepts/Mixed/MixedImprovement.lean	31	S-MIX	theorem	max_zero_eq_zero_iff	private
GameTheory/Concepts/Mixed/MixedImprovement.lean	39	S-MIX	def	mixedImprovement	public
GameTheory/Concepts/Mixed/MixedImprovement.lean	44	S-MIX	theorem	mixedImprovement_nonneg	public
GameTheory/Concepts/Mixed/MixedImprovement.lean	52	S-MIX	theorem	mixedGain_pospart_le_mixedImprovement	public
GameTheory/Concepts/Mixed/MixedImprovement.lean	72	S-MIX	theorem	mixedGain_le_mixedImprovement	public
GameTheory/Concepts/Mixed/MixedImprovement.lean	78	S-MIX	theorem	mixedGain_le_of_mixedImprovement_le	public
GameTheory/Concepts/Mixed/MixedImprovement.lean	85	S-MIX	theorem	mixedImprovement_eq_zero_iff_gains_nonpos	public
GameTheory/Concepts/Mixed/MixedImprovement.lean	103	S-MIX	theorem	mixedImprovement_eq_zero_iff_isNash	public
GameTheory/Concepts/Mixed/MixedImprovement.lean	109	S-MIX	theorem	isNash_iff_mixedImprovement_eq_zero	public
GameTheory/Concepts/Mixed/MixedImprovement.lean	118	S-MIX	theorem	isεNash_of_mixedImprovement_le	public
GameTheory/Concepts/Mixed/MixedImprovement.lean	140	S-MIX	theorem	eventually_isεNash_of_mixedImprovement_tendsto_zero	public
GameTheory/Concepts/Mixed/MixedSupport.lean	38	S-MIX	theorem	mixedNash_support_gain_zero	public
GameTheory/Concepts/Mixed/MixedSupport.lean	91	S-MIX	theorem	mixedNash_support_eu_eq	public
GameTheory/Concepts/Mixed/MixedSupport.lean	110	S-MIX	theorem	mixedNash_support_gain_zero_of_bounded	public
GameTheory/Concepts/Mixed/MixedSupport.lean	170	S-MIX	theorem	mixedNash_support_eu_eq_of_bounded	public
GameTheory/Concepts/Mixed/SequentialAssessment.lean	37	S-MIX	structure	AssessmentForm	public
GameTheory/Concepts/Mixed/SequentialAssessment.lean	51	S-MIX	abbrev	Profile	public
GameTheory/Concepts/Mixed/SequentialAssessment.lean	54	S-MIX	structure	Assessment	public
GameTheory/Concepts/Mixed/SequentialAssessment.lean	59	S-MIX	def	infoMass	public
GameTheory/Concepts/Mixed/SequentialAssessment.lean	66	S-MIX	def	IsOnPath	public
GameTheory/Concepts/Mixed/SequentialAssessment.lean	71	S-MIX	def	BeliefSupportedAt	public
GameTheory/Concepts/Mixed/SequentialAssessment.lean	75	S-MIX	def	BeliefsSupported	public
GameTheory/Concepts/Mixed/SequentialAssessment.lean	80	S-MIX	def	BayesRuleAt	public
GameTheory/Concepts/Mixed/SequentialAssessment.lean	88	S-MIX	def	BayesConsistentOnPath	public
GameTheory/Concepts/Mixed/SequentialAssessment.lean	97	S-MIX	def	BayesConsistentEverywhere	public
GameTheory/Concepts/Mixed/SequentialAssessment.lean	103	S-MIX	def	WeaklyConsistentAssessment	public
GameTheory/Concepts/Mixed/SequentialAssessment.lean	109	S-MIX	def	FullyConsistentAssessment	public
GameTheory/Concepts/Mixed/SequentialAssessment.lean	122	S-MIX	def	IsLimitConsistentAssessment	public
GameTheory/Concepts/Mixed/SequentialAssessment.lean	132	S-MIX	def	AssessmentConvergesPointwiseWith	public
GameTheory/Concepts/Mixed/SequentialAssessment.lean	143	S-MIX	def	IsPointwiseLimitConsistentAssessment	public
GameTheory/Concepts/Mixed/SequentialAssessment.lean	158	S-MIX	structure	AssessmentDeviationFamily	public
GameTheory/Concepts/Mixed/SequentialAssessment.lean	167	S-MIX	def	Subfamily	public
GameTheory/Concepts/Mixed/SequentialAssessment.lean	171	S-MIX	theorem	Subfamily.refl	public
GameTheory/Concepts/Mixed/SequentialAssessment.lean	175	S-MIX	theorem	Subfamily.trans	public
GameTheory/Concepts/Mixed/SequentialAssessment.lean	187	S-MIX	def	SequentiallyRationalAtForFamily	public
GameTheory/Concepts/Mixed/SequentialAssessment.lean	198	S-MIX	def	SequentiallyRationalForFamily	public
GameTheory/Concepts/Mixed/SequentialAssessment.lean	206	S-MIX	theorem	sequentiallyRationalForFamily_mono	public
GameTheory/Concepts/Mixed/SequentialAssessment.lean	218	S-MIX	theorem	sequentiallyRationalAtForFamily_mono	public
GameTheory/Concepts/Mixed/SequentialAssessment.lean	229	S-MIX	theorem	BeliefsSupported.at	public
GameTheory/Concepts/Mixed/SequentialAssessment.lean	234	S-MIX	theorem	WeaklyConsistentAssessment.beliefsSupported	public
GameTheory/Concepts/Mixed/SequentialAssessment.lean	239	S-MIX	theorem	WeaklyConsistentAssessment.bayesConsistentOnPath	public
GameTheory/Concepts/Mixed/SequentialAssessment.lean	244	S-MIX	theorem	FullyConsistentAssessment.beliefsSupported	public
GameTheory/Concepts/Mixed/SequentialAssessment.lean	249	S-MIX	theorem	FullyConsistentAssessment.bayesConsistentEverywhere	public
GameTheory/Concepts/Mixed/SequentialAssessment.lean	254	S-MIX	theorem	FullyConsistentAssessment.weaklyConsistent	public
GameTheory/Concepts/Mixed/SequentialAssessment.lean	262	S-MIX	theorem	IsLimitConsistentAssessment.exists_sequence	public
GameTheory/Concepts/Mixed/SequentialAssessment.lean	271	S-MIX	theorem	AssessmentConvergesPointwiseWith.strategy	public
GameTheory/Concepts/Mixed/SequentialAssessment.lean	279	S-MIX	theorem	AssessmentConvergesPointwiseWith.beliefs	public
GameTheory/Concepts/Mixed/SequentialAssessment.lean	287	S-MIX	theorem	isPointwiseLimitConsistentAssessment_iff	public
GameTheory/Concepts/Mixed/SequentialAssessment.lean	305	S-MIX	def	fullStrategyDeviationFamily	public
GameTheory/Concepts/Mixed/SequentialAssessment.lean	315	S-MIX	def	SequentiallyRationalAtFor	public
GameTheory/Concepts/Mixed/SequentialAssessment.lean	321	S-MIX	def	SequentiallyRationalFor	public
GameTheory/Concepts/Mixed/SequentialAssessment.lean	326	S-MIX	theorem	sequentiallyRationalAtFor_iff	public
GameTheory/Concepts/Mixed/SequentialAssessment.lean	336	S-MIX	theorem	sequentiallyRationalFor_iff	public
GameTheory/Concepts/Mixed/SequentialAssessment.lean	345	S-MIX	def	IsPerfectBayesianEqForFamily	public
GameTheory/Concepts/Mixed/SequentialAssessment.lean	352	S-MIX	def	IsPerfectBayesianEqFor	public
GameTheory/Concepts/Mixed/SequentialAssessment.lean	359	S-MIX	def	IsSequentialEqWithConsistencyFor	public
GameTheory/Concepts/Mixed/SequentialAssessment.lean	367	S-MIX	def	IsSequentialEqWithConsistencyForFamily	public
GameTheory/Concepts/Mixed/SequentialAssessment.lean	376	S-MIX	def	IsSequentialEqWithLimitConsistencyForFamily	public
GameTheory/Concepts/Mixed/SequentialAssessment.lean	389	S-MIX	def	IsSequentialEqFor	public
GameTheory/Concepts/Mixed/SequentialAssessment.lean	395	S-MIX	def	euOutcomePref	public
GameTheory/Concepts/Mixed/SequentialAssessment.lean	401	S-MIX	def	IsPerfectBayesianEq	public
GameTheory/Concepts/Mixed/SequentialAssessment.lean	406	S-MIX	def	IsSequentialEq	public
GameTheory/Concepts/Mixed/SequentialAssessment.lean	411	S-MIX	theorem	isPerfectBayesianEqForFamily_iff	public
GameTheory/Concepts/Mixed/SequentialAssessment.lean	420	S-MIX	theorem	isSequentialEqWithConsistencyForFamily_iff	public
GameTheory/Concepts/Mixed/SequentialAssessment.lean	429	S-MIX	theorem	isPerfectBayesianEqFor_iff	public
GameTheory/Concepts/Mixed/SequentialAssessment.lean	436	S-MIX	theorem	isSequentialEqFor_iff	public
GameTheory/Concepts/Mixed/SequentialAssessment.lean	443	S-MIX	theorem	IsPerfectBayesianEqFor.sequentiallyRational	public
GameTheory/Concepts/Mixed/SequentialAssessment.lean	449	S-MIX	theorem	IsPerfectBayesianEqFor.weaklyConsistent	public
GameTheory/Concepts/Mixed/SequentialAssessment.lean	455	S-MIX	theorem	IsPerfectBayesianEqFor.beliefsSupported	public
GameTheory/Concepts/Mixed/SequentialAssessment.lean	461	S-MIX	theorem	IsPerfectBayesianEqFor.bayesConsistentOnPath	public
GameTheory/Concepts/Mixed/SequentialAssessment.lean	468	S-MIX	theorem	IsPerfectBayesianEqForFamily.sequentiallyRational	public
GameTheory/Concepts/Mixed/SequentialAssessment.lean	476	S-MIX	theorem	IsPerfectBayesianEqForFamily.weaklyConsistent	public
GameTheory/Concepts/Mixed/TremblingHand.lean	35	S-MIX	abbrev	MixedProfile	public
GameTheory/Concepts/Mixed/TremblingHand.lean	46	S-MIX	abbrev	Perturbation	public
GameTheory/Concepts/Mixed/TremblingHand.lean	51	S-MIX	def	FullyMixed	public
GameTheory/Concepts/Mixed/TremblingHand.lean	56	S-MIX	def	ConvergesPointwise	public
GameTheory/Concepts/Mixed/TremblingHand.lean	60	S-MIX	def	StrategyRespectsPerturbation	public
GameTheory/Concepts/Mixed/TremblingHand.lean	65	S-MIX	def	RespectsPerturbation	public
GameTheory/Concepts/Mixed/TremblingHand.lean	69	S-MIX	def	Perturbation.Positive	public
GameTheory/Concepts/Mixed/TremblingHand.lean	73	S-MIX	def	Perturbation.ConvergesToZero	public
GameTheory/Concepts/Mixed/TremblingHand.lean	78	S-MIX	theorem	FullyMixed.apply	public
GameTheory/Concepts/Mixed/TremblingHand.lean	83	S-MIX	theorem	ConvergesPointwise.apply	public
GameTheory/Concepts/Mixed/TremblingHand.lean	88	S-MIX	theorem	RespectsPerturbation.apply	public
GameTheory/Concepts/Mixed/TremblingHand.lean	93	S-MIX	theorem	Perturbation.Positive.fullyMixed_of_respects	public
GameTheory/Concepts/Mixed/TremblingHand.lean	111	S-MIX	def	IsLimitOfFullyMixedEqFor	public
GameTheory/Concepts/Mixed/TremblingHand.lean	120	S-MIX	def	IsLimitOfFullyMixedNash	public
GameTheory/Concepts/Mixed/TremblingHand.lean	126	S-MIX	def	IsLimitOfFullyMixedεNash	public
GameTheory/Concepts/Mixed/TremblingHand.lean	136	S-MIX	def	IsPerturbedEqFor	public
GameTheory/Concepts/Mixed/TremblingHand.lean	148	S-MIX	def	IsPerturbedEq	public
GameTheory/Concepts/Mixed/TremblingHand.lean	156	S-MIX	def	IsTremblingHandPerfectFor	public
GameTheory/Concepts/Mixed/TremblingHand.lean	166	S-MIX	def	IsTremblingHandPerfect	public
GameTheory/Concepts/Mixed/TremblingHand.lean	169	S-MIX	theorem	isLimitOfFullyMixedEqFor_iff	public
GameTheory/Concepts/Mixed/TremblingHand.lean	178	S-MIX	theorem	isLimitOfFullyMixedNash_iff	public
GameTheory/Concepts/Mixed/TremblingHand.lean	194	S-MIX	theorem	isLimitOfFullyMixedεNash_iff	public
GameTheory/Concepts/Mixed/TremblingHand.lean	203	S-MIX	theorem	isPerturbedEqFor_iff	public
GameTheory/Concepts/Mixed/TremblingHand.lean	216	S-MIX	theorem	IsPerturbedEqFor.fullyMixed	public
GameTheory/Concepts/Mixed/TremblingHand.lean	224	S-MIX	theorem	isTremblingHandPerfectFor_iff	public
GameTheory/Concepts/Mixed/TremblingHand.lean	235	S-MIX	theorem	isTremblingHandPerfect_iff	public
GameTheory/Concepts/Potential/Decomposition.lean	53	S-POT	def	gamifyPotential	public
GameTheory/Concepts/Potential/Decomposition.lean	56	S-POT	lemma	gamifyPotential_apply	public
GameTheory/Concepts/Potential/Decomposition.lean	59	S-POT	lemma	flow_gamifyPotential	public
GameTheory/Concepts/Potential/Decomposition.lean	64	S-POT	lemma	flowLinear_gamifyPotential	public
GameTheory/Concepts/Potential/Decomposition.lean	72	S-POT	lemma	grad_mem_range_flowLinear	public
GameTheory/Concepts/Potential/Decomposition.lean	78	S-POT	theorem	eq_of_add_eq_of_disjoint	public
GameTheory/Concepts/Potential/Decomposition.lean	94	S-POT	theorem	flowEquiv_iff_sub_nonstrategic	public
GameTheory/Concepts/Potential/Decomposition.lean	100	S-POT	theorem	isExactPotential_ofPureEU_iff	public
GameTheory/Concepts/Potential/Decomposition.lean	113	S-POT	theorem	gamifyPotential_isExactPotential	public
GameTheory/Concepts/Potential/Decomposition.lean	121	S-POT	theorem	flowLinear_eq_grad_iff	public
GameTheory/Concepts/Potential/Decomposition.lean	145	S-POT	def	PotentialComponentSpace	public
GameTheory/Concepts/Potential/Decomposition.lean	150	S-POT	def	PotentialGameSpace	public
GameTheory/Concepts/Potential/Decomposition.lean	153	S-POT	theorem	mem_potentialComponentSpace_iff	public
GameTheory/Concepts/Potential/Decomposition.lean	160	S-POT	theorem	normalize_of_mem_normalizedSpace	public
GameTheory/Concepts/Potential/Decomposition.lean	166	S-POT	theorem	normalize_of_mem_nonstrategicSpace	public
GameTheory/Concepts/Potential/Decomposition.lean	185	S-POT	def	HarmonicComponentSpace	public
GameTheory/Concepts/Potential/Decomposition.lean	190	S-POT	def	HarmonicGameSpace	public
GameTheory/Concepts/Potential/Decomposition.lean	193	S-POT	theorem	mem_harmonicComponentSpace_iff	public
GameTheory/Concepts/Potential/Decomposition.lean	201	S-POT	theorem	normalizedSpace_flowLinear_inj	public
GameTheory/Concepts/Potential/Decomposition.lean	215	S-POT	theorem	potentialComponent_sup_harmonicComponent	public
GameTheory/Concepts/Potential/Decomposition.lean	253	S-POT	theorem	potentialComponent_disjoint_harmonicComponent	public
GameTheory/Concepts/Potential/Decomposition.lean	274	S-POT	theorem	potentialComponent_sup_harmonicComponent_sup_nonstrategic	public
GameTheory/Concepts/Potential/Decomposition.lean	283	S-POT	theorem	decomposition	public
GameTheory/Concepts/Potential/Decomposition.lean	314	S-POT	theorem	isHarmonic_iff_mem_harmonicGameSpace	public
GameTheory/Concepts/Potential/Decomposition.lean	330	S-POT	theorem	mem_potentialGameSpace_iff_flowLinear_mem_range_grad	public
GameTheory/Concepts/Potential/Decomposition.lean	350	S-POT	theorem	mem_potentialGameSpace_iff_isExactPotential	public
GameTheory/Concepts/Potential/Decomposition.lean	362	S-POT	theorem	potentialGameSpace_inf_harmonicGameSpace	public
GameTheory/Concepts/Potential/Decomposition.lean	401	S-POT	def	coordPot	public
GameTheory/Concepts/Potential/Flow.lean	51	S-POT	def	flow	public
GameTheory/Concepts/Potential/Flow.lean	59	S-POT	structure	GameEdge	public
GameTheory/Concepts/Potential/Flow.lean	70	S-POT	def	edgeSrc	public
GameTheory/Concepts/Potential/Flow.lean	74	S-POT	def	edgeTgt	public
GameTheory/Concepts/Potential/Flow.lean	78	S-POT	def	edgeRev	public
GameTheory/Concepts/Potential/Flow.lean	86	S-POT	def	edgeEquivSigma	public
GameTheory/Concepts/Potential/Flow.lean	93	S-POT	instance	<anonymous@93>	public
GameTheory/Concepts/Potential/Flow.lean	97	S-POT	lemma	edgeSrc_edgeRev	public
GameTheory/Concepts/Potential/Flow.lean	99	S-POT	lemma	edgeTgt_edgeRev	public
GameTheory/Concepts/Potential/Flow.lean	102	S-POT	theorem	edgeRev_involutive	public
GameTheory/Concepts/Potential/Flow.lean	111	S-POT	def	flowLinear	public
GameTheory/Concepts/Potential/Flow.lean	117	S-POT	lemma	flowLinear_apply	public
GameTheory/Concepts/Potential/Flow.lean	122	S-POT	theorem	flowLinear_mem_alternatingFlow	public
GameTheory/Concepts/Potential/Flow.lean	134	S-POT	def	NonstrategicSpace	public
GameTheory/Concepts/Potential/Flow.lean	140	S-POT	theorem	mem_nonstrategicSpace_iff_flowLinear_eq_zero	public
GameTheory/Concepts/Potential/Flow.lean	159	S-POT	def	Adjacent	public
GameTheory/Concepts/Potential/Flow.lean	166	S-POT	theorem	adjacent_triangle_same_player	public
GameTheory/Concepts/Potential/Flow.lean	191	S-POT	theorem	flow_curl_free	public
GameTheory/Concepts/Potential/Flow.lean	205	S-POT	def	NormalizedSpace	public
GameTheory/Concepts/Potential/Flow.lean	215	S-POT	def	normalize	public
GameTheory/Concepts/Potential/Flow.lean	224	S-POT	lemma	normalize_apply	public
GameTheory/Concepts/Potential/Flow.lean	228	S-POT	theorem	normalize_mem_normalizedSpace	public
GameTheory/Concepts/Potential/Flow.lean	237	S-POT	theorem	sub_normalize_mem_nonstrategicSpace	public
GameTheory/Concepts/Potential/Flow.lean	242	S-POT	theorem	flowLinear_normalize	public
GameTheory/Concepts/Potential/Flow.lean	249	S-POT	theorem	normalizedSpace_isCompl_nonstrategicSpace	public
GameTheory/Concepts/Potential/Flow.lean	270	S-POT	def	flowNormalizedEquiv	public
GameTheory/Concepts/Potential/Flow.lean	297	S-POT	def	exGame	public
GameTheory/Concepts/Potential/GameMorphism.lean	27	S-POT	theorem	isExactPotential_iff	public
GameTheory/Concepts/Potential/GameMorphism.lean	41	S-POT	theorem	isWeightedExactPotential_iff	public
GameTheory/Concepts/Potential/GameMorphism.lean	58	S-POT	theorem	isOrdinalPotential_iff	public
GameTheory/Concepts/Potential/Harmonic.lean	47	S-POT	theorem	flow_self	public
GameTheory/Concepts/Potential/Harmonic.lean	57	S-POT	def	gameDiv	public
GameTheory/Concepts/Potential/Harmonic.lean	61	S-POT	def	IsHarmonic	public
GameTheory/Concepts/Potential/Harmonic.lean	66	S-POT	theorem	sum_edgeSrc_flowLinear	public
GameTheory/Concepts/Potential/Harmonic.lean	101	S-POT	theorem	sum_edgeTgt_flowLinear	public
GameTheory/Concepts/Potential/Harmonic.lean	116	S-POT	theorem	gameDiv_apply	public
GameTheory/Concepts/Potential/Harmonic.lean	128	S-POT	theorem	isHarmonic_iff_sum_flow	public
GameTheory/Concepts/Potential/Harmonic.lean	144	S-POT	theorem	isHarmonic_iff_of_normalized	public
GameTheory/Concepts/Potential/Harmonic.lean	161	S-POT	def	gameDivLinear	public
GameTheory/Concepts/Potential/Harmonic.lean	164	S-POT	lemma	gameDivLinear_apply	public
GameTheory/Concepts/Potential/Harmonic.lean	167	S-POT	theorem	gameDiv_add	public
GameTheory/Concepts/Potential/Harmonic.lean	171	S-POT	theorem	gameDiv_smul	public
GameTheory/Concepts/Potential/Harmonic.lean	176	S-POT	theorem	gameDiv_of_mem_nonstrategic	public
GameTheory/Concepts/Potential/Harmonic.lean	181	S-POT	theorem	IsHarmonic.add	public
GameTheory/Concepts/Potential/Harmonic.lean	185	S-POT	theorem	IsHarmonic.smul	public
GameTheory/Concepts/Potential/Harmonic.lean	191	S-POT	theorem	IsHarmonic.add_nonstrategic	public
GameTheory/Concepts/Potential/Harmonic.lean	197	S-POT	theorem	gameDiv_normalize	public
GameTheory/Concepts/Potential/Harmonic.lean	204	S-POT	theorem	isHarmonic_normalize_iff	public
GameTheory/Concepts/Potential/Harmonic.lean	217	S-POT	def	rpsPayoff	public
GameTheory/Concepts/Potential/Harmonic.lean	221	S-POT	def	rpsGame	public
GameTheory/Concepts/Potential/Harmonic.lean	225	S-POT	lemma	rpsPayoff_col_sum	public
GameTheory/Concepts/Potential/Harmonic.lean	229	S-POT	lemma	rpsPayoff_row_sum	public
GameTheory/Concepts/Potential/Harmonic.lean	234	S-POT	lemma	rpsGame_update_zero	public
GameTheory/Concepts/Potential/Harmonic.lean	240	S-POT	lemma	rpsGame_update_one	public
GameTheory/Concepts/Potential/Harmonic.lean	246	S-POT	theorem	rps_mem_normalizedSpace	public
GameTheory/Concepts/Potential/Harmonic.lean	256	S-POT	lemma	rpsPayoff_beat	public
GameTheory/Concepts/Potential/Harmonic.lean	260	S-POT	lemma	rpsPayoff_lose	public
GameTheory/Concepts/Potential/Harmonic.lean	264	S-POT	theorem	rps_isHarmonic	public
GameTheory/Concepts/Potential/Harmonic.lean	275	S-POT	theorem	rps_no_pure_nash	public
GameTheory/Concepts/Potential/Harmonic.lean	301	S-POT	abbrev	asymS	public
GameTheory/Concepts/Potential/Harmonic.lean	305	S-POT	instance	<anonymous@305>	public
GameTheory/Concepts/Potential/Harmonic.lean	306	S-POT	instance	<anonymous@306>	public
GameTheory/Concepts/Potential/Harmonic.lean	307	S-POT	instance	<anonymous@307>	public
GameTheory/Concepts/Potential/Harmonic.lean	311	S-POT	def	asymRow	public
GameTheory/Concepts/Potential/Harmonic.lean	316	S-POT	def	asymCol	public
GameTheory/Concepts/Potential/Harmonic.lean	319	S-POT	def	asymGame	public
GameTheory/Concepts/Potential/Harmonic.lean	325	S-POT	lemma	asym_balance	public
GameTheory/Concepts/Potential/Harmonic.lean	329	S-POT	lemma	asymRow_col_sum	public
GameTheory/Concepts/Potential/Harmonic.lean	333	S-POT	lemma	asymCol_row_sum	public
GameTheory/Concepts/Potential/Harmonic.lean	336	S-POT	lemma	asym_card_true	public
GameTheory/Concepts/Potential/Harmonic.lean	337	S-POT	lemma	asym_card_false	public
GameTheory/Concepts/Potential/Harmonic.lean	340	S-POT	lemma	asymGame_update_true	public
GameTheory/Concepts/Potential/Harmonic.lean	345	S-POT	lemma	asymGame_update_false	public
GameTheory/Concepts/Potential/Harmonic.lean	351	S-POT	theorem	asym_mem_normalizedSpace	public
GameTheory/Concepts/Potential/Harmonic.lean	364	S-POT	theorem	asym_isHarmonic	public
GameTheory/Concepts/Potential/Harmonic.lean	382	S-POT	def	colSum	public
GameTheory/Concepts/Potential/Harmonic.lean	388	S-POT	def	updateSwap	public
GameTheory/Concepts/Potential/Harmonic.lean	401	S-POT	lemma	updateSwap_reindex	public
GameTheory/Concepts/Potential/Harmonic.lean	413	S-POT	theorem	card_mul_colSum	public
GameTheory/Concepts/Potential/Harmonic.lean	484	S-POT	def	uniformWeight	public
GameTheory/Concepts/Potential/Harmonic.lean	489	S-POT	theorem	mixedEu_update_pure_eq	public
GameTheory/Concepts/Potential/Harmonic.lean	513	S-POT	theorem	colSum_const	public
GameTheory/Concepts/Potential/Harmonic.lean	524	S-POT	theorem	uniformlyMixed_nash_of_harmonic	public
GameTheory/Concepts/Potential/Harmonic.lean	551	S-POT	theorem	rps_uniform_nash	public
GameTheory/Concepts/Potential/Harmonic.lean	558	S-POT	theorem	asym_uniform_nash	public
GameTheory/Concepts/Potential/Harmonic.lean	573	S-POT	def	zsWitness	public
GameTheory/Concepts/Potential/Harmonic.lean	581	S-POT	def	zsGame	public
GameTheory/Concepts/Potential/Harmonic.lean	585	S-POT	theorem	zsGame_isZeroSum	public
GameTheory/Concepts/Potential/Harmonic.lean	588	S-POT	theorem	zsGame_update_zero	public
GameTheory/Concepts/Potential/Harmonic.lean	592	S-POT	theorem	zsGame_update_one	public
GameTheory/Concepts/Potential/Harmonic.lean	599	S-POT	theorem	zsGame_not_isHarmonic	public
GameTheory/Concepts/Potential/MixedPotential.lean	35	S-POT	def	mixedPotential	public
GameTheory/Concepts/Potential/MixedPotential.lean	42	S-POT	theorem	expect_pmfPi_update_pure	public
GameTheory/Concepts/Potential/MixedPotential.lean	56	S-POT	theorem	mixedPotential_update	public
GameTheory/Concepts/Potential/MixedPotential.lean	69	S-POT	theorem	IsExactPotential.mixedExtension_pure_diff	public
GameTheory/Concepts/Potential/MixedPotential.lean	101	S-POT	theorem	IsExactPotential.mixedExtension_isExactPotential	public
GameTheory/Concepts/Potential/MixedPotential.lean	145	S-POT	theorem	IsWeightedExactPotential.mixedExtension_pure_diff	public
GameTheory/Concepts/Potential/MixedPotential.lean	177	S-POT	theorem	IsWeightedExactPotential.mixedExtension_update_diff	public
GameTheory/Concepts/Potential/MixedPotential.lean	225	S-POT	def	finitePotentialTeamGame	public
GameTheory/Concepts/Potential/MixedPotential.lean	231	S-POT	theorem	finitePotentialTeamGame_Strategy	public
GameTheory/Concepts/Potential/MixedPotential.lean	234	S-POT	theorem	finitePotentialTeamGame_utility	public
GameTheory/Concepts/Potential/MixedPotential.lean	238	S-POT	theorem	finitePotentialTeamGame_outcomeKernel	public
GameTheory/Concepts/Potential/MixedPotential.lean	243	S-POT	theorem	finitePotentialTeamGame_isTeamGame	public
GameTheory/Concepts/Potential/MixedPotential.lean	248	S-POT	theorem	finitePotentialTeamGame_eu	public
GameTheory/Concepts/Potential/MixedPotential.lean	256	S-POT	theorem	finitePotentialTeamGame_mixedExtension_eu	public
GameTheory/Concepts/Potential/MixedPotential.lean	271	S-POT	theorem	finitePotentialTeamGame_mixedExtension_eu_self	public
GameTheory/Concepts/Potential/MixedPotential.lean	280	S-POT	theorem	finitePotentialTeamGame_isExactPotential	public
GameTheory/Concepts/Potential/MixedPotential.lean	290	S-POT	theorem	IsWeightedExactPotential.mixedExtension_le_iff_finitePotentialTeamGame	public
GameTheory/Concepts/Potential/MixedPotential.lean	379	S-POT	theorem	IsWeightedExactPotential.mixedExtension_isBestResponse_iff_finitePotentialTeamGame	public
GameTheory/Concepts/Potential/MixedPotential.lean	396	S-POT	theorem	IsExactPotential.mixedExtension_le_iff_finitePotentialTeamGame	public
GameTheory/Concepts/Potential/MixedPotential.lean	414	S-POT	theorem	IsExactPotential.mixedExtension_isBestResponse_iff_finitePotentialTeamGame	public
GameTheory/Concepts/Potential/MixedPotential.lean	426	S-POT	theorem	IsTeamGame.mixedExtension	public
GameTheory/Concepts/Potential/MixedPotential.lean	433	S-POT	theorem	IsTeamGame.mixedExtension_isExactPotential	public
GameTheory/Concepts/Potential/PotentialFIP.lean	41	S-POT	theorem	IsExactPotential.eu_diff_eq_potential_diff	public
GameTheory/Concepts/Potential/PotentialFIP.lean	51	S-POT	theorem	IsExactPotential.improving_deviation_increases_potential	public
GameTheory/Concepts/Potential/PotentialFIP.lean	62	S-POT	theorem	IsExactPotential.no_improving_at_maximizer	public
GameTheory/Concepts/Potential/PotentialFIP.lean	74	S-POT	theorem	IsExactPotential.strictNash_of_strict_maximizer	public
GameTheory/Concepts/Potential/PotentialFIP.lean	91	S-POT	theorem	IsExactPotential.isNash_iff_local_maximizer	public
GameTheory/Concepts/Potential/PotentialFIP.lean	101	S-POT	theorem	IsExactPotential.nash_exists	public
GameTheory/Concepts/Potential/PotentialGame.lean	31	S-POT	theorem	IsExactPotential.toOrdinal	public
GameTheory/Concepts/Potential/PotentialGame.lean	40	S-POT	theorem	IsOrdinalPotential.nash_of_maximizer	public
GameTheory/Concepts/Potential/PotentialGame.lean	51	S-POT	theorem	IsExactPotential.nash_of_maximizer	public
GameTheory/Concepts/Potential/PotentialGame.lean	59	S-POT	theorem	IsOrdinalPotential.isNash_iff_local_maximizer	public
GameTheory/Concepts/Potential/PotentialTeam.lean	42	S-POT	theorem	IsTeamGame.isExactPotential	public
GameTheory/Concepts/Potential/PotentialTeam.lean	53	S-POT	theorem	IsTeamGame.nash_iff_local_potential_max	public
GameTheory/Concepts/Potential/PotentialTeam.lean	71	S-POT	theorem	IsZeroSum.teamGame_utility_zero	public
GameTheory/Concepts/Potential/PotentialWellFounded.lean	41	S-POT	theorem	IsExactPotential.improvingStep_increases_potential	public
GameTheory/Concepts/Potential/PotentialWellFounded.lean	53	S-POT	theorem	IsExactPotential.no_infinite_improving_path	public
GameTheory/Concepts/Potential/PotentialWellFounded.lean	78	S-POT	def	WeaklyAcyclic	public
GameTheory/Concepts/Potential/PotentialWellFounded.lean	84	S-POT	theorem	IsOrdinalPotential.improvingStep_increases_potential	public
GameTheory/Concepts/Potential/PotentialWellFounded.lean	95	S-POT	theorem	IsOrdinalPotential.improvingStep_filter_card_lt	public
GameTheory/Concepts/Potential/PotentialWellFounded.lean	116	S-POT	theorem	weaklyAcyclic_of_wellFounded	public
GameTheory/Concepts/Potential/PotentialWellFounded.lean	132	S-POT	theorem	IsOrdinalPotential.improvement_wellFounded	public
GameTheory/Concepts/Potential/PotentialWellFounded.lean	146	S-POT	theorem	IsOrdinalPotential.weaklyAcyclic	public
GameTheory/Concepts/Potential/PotentialWellFounded.lean	153	S-POT	theorem	IsExactPotential.weaklyAcyclic	public
GameTheory/Concepts/Repeated/Basic.lean	60	D-REPEAT	abbrev	ProfileHistory	public
GameTheory/Concepts/Repeated/Basic.lean	65	D-REPEAT	abbrev	RepeatedStrategy	public
GameTheory/Concepts/Repeated/Basic.lean	69	D-REPEAT	abbrev	RepeatedProfile	public
GameTheory/Concepts/Repeated/Basic.lean	73	D-REPEAT	def	stationaryRepeatedProfile	public
GameTheory/Concepts/Repeated/Basic.lean	78	D-REPEAT	def	periodicRepeatedProfile	public
GameTheory/Concepts/Repeated/Basic.lean	84	D-REPEAT	def	repeatedPlay	public
GameTheory/Concepts/Repeated/Basic.lean	90	D-REPEAT	theorem	repeatedPlay_stationaryRepeatedProfile	public
GameTheory/Concepts/Repeated/Basic.lean	96	D-REPEAT	theorem	repeatedPlay_periodicRepeatedProfile	public
GameTheory/Concepts/Repeated/Basic.lean	107	D-REPEAT	theorem	repeatedPlay_update_stationaryRepeatedProfile	public
GameTheory/Concepts/Repeated/Basic.lean	123	D-REPEAT	def	finiteAveragePayoff	public
GameTheory/Concepts/Repeated/Basic.lean	129	D-REPEAT	theorem	finiteAveragePayoff_stationaryRepeatedProfile	public
GameTheory/Concepts/Repeated/Basic.lean	138	D-REPEAT	theorem	finiteAveragePayoff_le_of_forall_stageEU_le	public
GameTheory/Concepts/Repeated/Basic.lean	155	D-REPEAT	def	HasLongRunAveragePayoff	public
GameTheory/Concepts/Repeated/Basic.lean	162	D-REPEAT	theorem	hasLongRunAveragePayoff_stationaryRepeatedProfile	public
GameTheory/Concepts/Repeated/Discounted.lean	36	D-REPEAT	def	discountedAveragePayoff	public
GameTheory/Concepts/Repeated/Discounted.lean	43	D-REPEAT	def	discountedRepeatedKernelGame	public
GameTheory/Concepts/Repeated/Discounted.lean	48	D-REPEAT	theorem	discountedRepeatedKernelGame_eu	public
GameTheory/Concepts/Repeated/Discounted.lean	59	D-REPEAT	def	discountedContinuationPayoff	public
GameTheory/Concepts/Repeated/Discounted.lean	65	D-REPEAT	theorem	discountedAveragePayoff_eq_discountedContinuationPayoff_zero	public
GameTheory/Concepts/Repeated/Discounted.lean	73	D-REPEAT	theorem	summable_discounted_stageEU_of_abs_bound	public
GameTheory/Concepts/Repeated/Discounted.lean	93	D-REPEAT	theorem	summable_discounted_continuation_stageEU_of_abs_bound	public
GameTheory/Concepts/Repeated/Discounted.lean	113	D-REPEAT	theorem	discountedContinuationPayoff_le_const_of_forall_stageEU_le	public
GameTheory/Concepts/Repeated/Discounted.lean	138	D-REPEAT	theorem	discountedContinuationPayoff_eq_head_add	public
GameTheory/Concepts/Repeated/Discounted.lean	179	D-REPEAT	theorem	discountedContinuationPayoff_le_of_prefix_eq_of_tail_le	public
GameTheory/Concepts/Repeated/Discounted.lean	215	D-REPEAT	theorem	discountedAveragePayoff_le_of_forall_stageEU_le	public
GameTheory/Concepts/Repeated/Discounted.lean	234	D-REPEAT	theorem	discountedAveragePayoff_stationaryRepeatedProfile	public
GameTheory/Concepts/Repeated/Discounted.lean	249	D-REPEAT	def	IsDiscountedRepeatedNash	public
GameTheory/Concepts/Repeated/Discounted.lean	257	D-REPEAT	theorem	isDiscountedRepeatedNash_iff_discountedRepeatedKernelGame_isNash	public
GameTheory/Concepts/Repeated/Discounted.lean	267	D-REPEAT	theorem	stationaryRepeatedProfile_isDiscountedRepeatedNash_of_isNash_of_bounded	public
GameTheory/Concepts/Repeated/Discounted.lean	286	D-REPEAT	theorem	stationaryRepeatedProfile_isDiscountedRepeatedNash_of_isNash	public
GameTheory/Concepts/Repeated/Monitoring.lean	49	D-REPEAT	structure	PublicMonitoring	public
GameTheory/Concepts/Repeated/Monitoring.lean	60	D-REPEAT	abbrev	SignalHistory	public
GameTheory/Concepts/Repeated/Monitoring.lean	64	D-REPEAT	def	SignalHistory.append	public
GameTheory/Concepts/Repeated/Monitoring.lean	71	D-REPEAT	abbrev	MonitoredStrategy	public
GameTheory/Concepts/Repeated/Monitoring.lean	75	D-REPEAT	abbrev	MonitoredProfile	public
GameTheory/Concepts/Repeated/Monitoring.lean	79	D-REPEAT	def	stationaryMonitoredProfile	public
GameTheory/Concepts/Repeated/Monitoring.lean	86	D-REPEAT	def	afterSignal	public
GameTheory/Concepts/Repeated/Monitoring.lean	90	D-REPEAT	theorem	afterSignal_apply	public
GameTheory/Concepts/Repeated/Monitoring.lean	96	D-REPEAT	theorem	afterSignal_stationaryMonitoredProfile	public
GameTheory/Concepts/Repeated/Monitoring.lean	103	D-REPEAT	def	afterSignals	public
GameTheory/Concepts/Repeated/Monitoring.lean	113	D-REPEAT	def	after	public
GameTheory/Concepts/Repeated/Monitoring.lean	117	D-REPEAT	theorem	afterSignals_nil	public
GameTheory/Concepts/Repeated/Monitoring.lean	122	D-REPEAT	theorem	afterSignals_cons	public
GameTheory/Concepts/Repeated/Monitoring.lean	130	D-REPEAT	theorem	afterSignals_append	public
GameTheory/Concepts/Repeated/Monitoring.lean	142	D-REPEAT	theorem	afterSignal_after	public
GameTheory/Concepts/Repeated/Monitoring.lean	151	D-REPEAT	theorem	after_after	public
GameTheory/Concepts/Repeated/Monitoring.lean	158	D-REPEAT	theorem	after_singleton	public
GameTheory/Concepts/Repeated/Monitoring.lean	169	D-REPEAT	theorem	after_afterSignal	public
GameTheory/Concepts/Repeated/Monitoring.lean	180	D-REPEAT	theorem	after_apply	public
GameTheory/Concepts/Repeated/Monitoring.lean	221	D-REPEAT	def	oneShotDeviation	public
GameTheory/Concepts/Repeated/Monitoring.lean	228	D-REPEAT	def	strategyAfterSignal	public
GameTheory/Concepts/Repeated/Monitoring.lean	233	D-REPEAT	def	truncatedDeviation	public
GameTheory/Concepts/Repeated/Monitoring.lean	238	D-REPEAT	theorem	oneShotDeviation_zero	public
GameTheory/Concepts/Repeated/Monitoring.lean	244	D-REPEAT	theorem	oneShotDeviation_succ	public
GameTheory/Concepts/Repeated/Monitoring.lean	251	D-REPEAT	theorem	truncatedDeviation_zero	public
GameTheory/Concepts/Repeated/Monitoring.lean	258	D-REPEAT	theorem	truncatedDeviation_succ_zero	public
GameTheory/Concepts/Repeated/Monitoring.lean	266	D-REPEAT	theorem	strategyAfterSignal_truncatedDeviation_succ	public
GameTheory/Concepts/Repeated/Monitoring.lean	276	D-REPEAT	theorem	afterSignal_update	public
GameTheory/Concepts/Repeated/Monitoring.lean	291	D-REPEAT	theorem	afterSignal_update_oneShotDeviation	public
GameTheory/Concepts/Repeated/Monitoring.lean	303	D-REPEAT	theorem	after_stationaryMonitoredProfile	public
GameTheory/Concepts/Repeated/Monitoring.lean	317	D-REPEAT	def	garble	public
GameTheory/Concepts/Repeated/Monitoring.lean	323	D-REPEAT	def	mapSignal	public
GameTheory/Concepts/Repeated/Monitoring.lean	328	D-REPEAT	theorem	garble_signalKernel	public
GameTheory/Concepts/Repeated/Monitoring.lean	334	D-REPEAT	theorem	mapSignal_signalKernel	public
GameTheory/Concepts/Repeated/Monitoring.lean	341	D-REPEAT	theorem	garble_pure_signalKernel	public
GameTheory/Concepts/Repeated/Monitoring.lean	347	D-REPEAT	theorem	garble_garble_signalKernel	public
GameTheory/Concepts/Repeated/Monitoring.lean	359	D-REPEAT	def	signalHistoryDist	public
GameTheory/Concepts/Repeated/Monitoring.lean	365	D-REPEAT	theorem	signalHistoryDist_zero	public
GameTheory/Concepts/Repeated/Monitoring.lean	370	D-REPEAT	theorem	signalHistoryDist_succ	public
GameTheory/Concepts/Repeated/Monitoring.lean	380	D-REPEAT	theorem	signalHistoryDist_succ_eq_bind_first	public
GameTheory/Concepts/Repeated/Monitoring.lean	419	D-REPEAT	theorem	signalHistoryDist_congr_before	public
GameTheory/Concepts/Repeated/Monitoring.lean	439	D-REPEAT	def	stageEU	public
GameTheory/Concepts/Repeated/Monitoring.lean	445	D-REPEAT	theorem	stageEU_zero	public
GameTheory/Concepts/Repeated/Monitoring.lean	452	D-REPEAT	theorem	stageEU_succ_eq_expect_afterSignal	public
GameTheory/Concepts/Repeated/Monitoring.lean	477	D-REPEAT	theorem	stageEU_congr_before_succ	public
GameTheory/Concepts/Repeated/Monitoring.lean	494	D-REPEAT	theorem	stageEU_update_truncatedDeviation_eq_of_lt	public
GameTheory/Concepts/Repeated/Monitoring.lean	511	D-REPEAT	theorem	stageEU_stationaryMonitoredProfile	public
GameTheory/Concepts/Repeated/Monitoring.lean	519	D-REPEAT	theorem	stageEU_le_const_of_forall	public
GameTheory/Concepts/Repeated/Monitoring.lean	533	D-REPEAT	theorem	abs_stageEU_le_of_forall_eu_abs_le	public
GameTheory/Concepts/Repeated/Monitoring.lean	552	D-REPEAT	def	finiteAveragePayoff	public
GameTheory/Concepts/Repeated/Monitoring.lean	558	D-REPEAT	theorem	finiteAveragePayoff_congr_before	public
GameTheory/Concepts/Repeated/Monitoring.lean	572	D-REPEAT	theorem	finiteAveragePayoff_zero	public
GameTheory/Concepts/Repeated/Monitoring.lean	579	D-REPEAT	theorem	finiteAveragePayoff_stationaryMonitoredProfile	public
GameTheory/Concepts/Repeated/Monitoring.lean	587	D-REPEAT	theorem	finiteAveragePayoff_le_of_forall_stageEU_le	public
GameTheory/Concepts/Repeated/Monitoring.lean	603	D-REPEAT	def	HasLongRunAveragePayoff	public
GameTheory/Concepts/Repeated/Monitoring.lean	610	D-REPEAT	theorem	hasLongRunAveragePayoff_stationaryMonitoredProfile	public
GameTheory/Concepts/Repeated/Monitoring.lean	622	D-REPEAT	def	IsεFiniteRepeatedNash	public
GameTheory/Concepts/Repeated/Monitoring.lean	630	D-REPEAT	def	IsUniformεEquilibrium	public
GameTheory/Concepts/Repeated/Monitoring.lean	636	D-REPEAT	def	IsUniformEquilibrium	public
GameTheory/Concepts/Repeated/Monitoring.lean	642	D-REPEAT	theorem	IsεFiniteRepeatedNash.mono	public
GameTheory/Concepts/Repeated/Monitoring.lean	652	D-REPEAT	theorem	IsUniformεEquilibrium.mono	public
GameTheory/Concepts/Repeated/MonitoringDecomposition.lean	41	D-REPEAT	abbrev	ContinuationAssignment	public
GameTheory/Concepts/Repeated/MonitoringDecomposition.lean	46	D-REPEAT	def	IsBoundedContinuationAssignment	public
GameTheory/Concepts/Repeated/MonitoringDecomposition.lean	52	D-REPEAT	theorem	isBoundedContinuationAssignment_of_finite	public
GameTheory/Concepts/Repeated/MonitoringDecomposition.lean	61	D-REPEAT	def	decomposedPayoff	public
GameTheory/Concepts/Repeated/MonitoringDecomposition.lean	69	D-REPEAT	def	decomposedDeviationPayoff	public
GameTheory/Concepts/Repeated/MonitoringDecomposition.lean	78	D-REPEAT	def	IsPromiseKeeping	public
GameTheory/Concepts/Repeated/MonitoringDecomposition.lean	84	D-REPEAT	def	IsEnforceable	public
GameTheory/Concepts/Repeated/MonitoringDecomposition.lean	92	D-REPEAT	def	DecomposesOn	public
GameTheory/Concepts/Repeated/MonitoringDecomposition.lean	102	D-REPEAT	def	decompositionOperator	public
GameTheory/Concepts/Repeated/MonitoringDecomposition.lean	108	D-REPEAT	def	SelfGenerating	public
GameTheory/Concepts/Repeated/MonitoringDecomposition.lean	112	D-REPEAT	theorem	mem_decompositionOperator_iff	public
GameTheory/Concepts/Repeated/MonitoringDecomposition.lean	119	D-REPEAT	theorem	decompositionOperator_mono	public
GameTheory/Concepts/Repeated/MonitoringDecomposition.lean	127	D-REPEAT	theorem	selfGenerating_iff_subset_decompositionOperator	public
GameTheory/Concepts/Repeated/MonitoringDecomposition.lean	133	D-REPEAT	theorem	selfGenerating_empty	public
GameTheory/Concepts/Repeated/MonitoringDecomposition.lean	139	D-REPEAT	def	constantContinuation	public
GameTheory/Concepts/Repeated/MonitoringDecomposition.lean	143	D-REPEAT	theorem	constantContinuation_apply	public
GameTheory/Concepts/Repeated/MonitoringDecomposition.lean	148	D-REPEAT	theorem	isBoundedContinuationAssignment_constant	public
GameTheory/Concepts/Repeated/MonitoringDecomposition.lean	155	D-REPEAT	def	translateContinuation	public
GameTheory/Concepts/Repeated/MonitoringDecomposition.lean	161	D-REPEAT	theorem	translateContinuation_apply	public
GameTheory/Concepts/Repeated/MonitoringDecomposition.lean	169	D-REPEAT	theorem	IsBoundedContinuationAssignment.translate	public
GameTheory/Concepts/Repeated/MonitoringDecomposition.lean	183	D-REPEAT	theorem	decomposedPayoff_translateContinuation	public
GameTheory/Concepts/Repeated/MonitoringDecomposition.lean	196	D-REPEAT	theorem	decomposedDeviationPayoff_translateContinuation	public
GameTheory/Concepts/Repeated/MonitoringDecomposition.lean	210	D-REPEAT	theorem	isEnforceable_translateContinuation_iff	public
GameTheory/Concepts/Repeated/MonitoringDecomposition.lean	222	D-REPEAT	theorem	decomposedPayoff_constant	public
GameTheory/Concepts/Repeated/MonitoringDecomposition.lean	229	D-REPEAT	theorem	decomposedDeviationPayoff_constant	public
GameTheory/Concepts/Repeated/MonitoringDecomposition.lean	239	D-REPEAT	theorem	isPromiseKeeping_constant_eu	public
GameTheory/Concepts/Repeated/MonitoringDecomposition.lean	249	D-REPEAT	theorem	isEnforceable_constant_iff_isNash	public
GameTheory/Concepts/Repeated/MonitoringDecomposition.lean	266	D-REPEAT	theorem	decomposesOn_singleton_eu_of_isNash	public
GameTheory/Concepts/Repeated/MonitoringDecomposition.lean	280	D-REPEAT	theorem	selfGenerating_singleton_eu_of_isNash	public
GameTheory/Concepts/Repeated/MonitoringDiscounted.lean	32	D-REPEAT	def	discountedAveragePayoff	public
GameTheory/Concepts/Repeated/MonitoringDiscounted.lean	37	D-REPEAT	def	discountedContinuationPayoff	public
GameTheory/Concepts/Repeated/MonitoringDiscounted.lean	44	D-REPEAT	theorem	summable_discounted_stageEU_of_abs_bound	public
GameTheory/Concepts/Repeated/MonitoringDiscounted.lean	64	D-REPEAT	theorem	discountedAveragePayoff_le_of_forall_stageEU_le	public
GameTheory/Concepts/Repeated/MonitoringDiscounted.lean	84	D-REPEAT	theorem	abs_discountedAveragePayoff_le_of_forall_eu_abs_le	public
GameTheory/Concepts/Repeated/MonitoringDiscounted.lean	124	D-REPEAT	theorem	discountedAveragePayoff_eq_head_add_expected	public
GameTheory/Concepts/Repeated/MonitoringDiscounted.lean	182	D-REPEAT	theorem	discountedContinuationPayoff_eq_head_add_expected	public
GameTheory/Concepts/Repeated/MonitoringDiscounted.lean	201	D-REPEAT	theorem	discountedAveragePayoff_stationaryMonitoredProfile	public
GameTheory/Concepts/Repeated/MonitoringDiscounted.lean	212	D-REPEAT	def	IsεDiscountedPublicNash	public
GameTheory/Concepts/Repeated/MonitoringDiscounted.lean	220	D-REPEAT	def	IsDiscountedPublicNash	public
GameTheory/Concepts/Repeated/MonitoringDiscounted.lean	228	D-REPEAT	def	IsεPerfectPublicEquilibrium	public
GameTheory/Concepts/Repeated/MonitoringDiscounted.lean	235	D-REPEAT	def	IsPerfectPublicEquilibrium	public
GameTheory/Concepts/Repeated/MonitoringDiscounted.lean	241	D-REPEAT	theorem	IsεPerfectPublicEquilibrium.afterSignal	public
GameTheory/Concepts/Repeated/MonitoringDiscounted.lean	254	D-REPEAT	def	HasNoProfitableOneShotDeviation	public
GameTheory/Concepts/Repeated/MonitoringDiscounted.lean	264	D-REPEAT	def	HasNoProfitableOneShotDeviationAfterEveryHistory	public
GameTheory/Concepts/Repeated/MonitoringDiscounted.lean	273	D-REPEAT	def	HasNoProfitableOneShotDeviationWithin	public
GameTheory/Concepts/Repeated/MonitoringDiscounted.lean	283	D-REPEAT	def	HasNoProfitableOneShotDeviationWithinAfterEveryHistory	public
GameTheory/Concepts/Repeated/MonitoringDiscounted.lean	290	D-REPEAT	theorem	hasNoProfitableOneShotDeviationWithin_zero_iff	public
GameTheory/Concepts/Repeated/MonitoringDiscounted.lean	298	D-REPEAT	theorem	hasNoProfitableOneShotDeviationWithinAfterEveryHistory_zero_iff	public
GameTheory/Concepts/Repeated/MonitoringDiscounted.lean	308	D-REPEAT	def	accumulatedOneShotDeviationAllowance	public
GameTheory/Concepts/Repeated/MonitoringDiscounted.lean	312	D-REPEAT	theorem	accumulatedOneShotDeviationAllowance_zero	public
GameTheory/Concepts/Repeated/MonitoringDiscounted.lean	316	D-REPEAT	theorem	accumulatedOneShotDeviationAllowance_succ	public
GameTheory/Concepts/Repeated/MonitoringDiscounted.lean	323	D-REPEAT	theorem	accumulatedOneShotDeviationAllowance_eq_geom_sum	public
GameTheory/Concepts/Repeated/MonitoringDiscounted.lean	335	D-REPEAT	theorem	accumulatedOneShotDeviationAllowance_nonneg	public
GameTheory/Concepts/Repeated/MonitoringDiscounted.lean	345	D-REPEAT	theorem	accumulatedOneShotDeviationAllowance_le	public
GameTheory/Concepts/Repeated/MonitoringDiscounted.lean	364	D-REPEAT	theorem	HasNoProfitableOneShotDeviationAfterEveryHistory.afterSignal	public
GameTheory/Concepts/Repeated/MonitoringDiscounted.lean	379	D-REPEAT	theorem	HasNoProfitableOneShotDeviationAfterEveryHistory.afterSignals	public
GameTheory/Concepts/Repeated/MonitoringDiscounted.lean	392	D-REPEAT	theorem	HasNoProfitableOneShotDeviationAfterEveryHistory.after	public
GameTheory/Concepts/Repeated/MonitoringDiscounted.lean	402	D-REPEAT	theorem	HasNoProfitableOneShotDeviationWithinAfterEveryHistory.afterSignal	public
GameTheory/Concepts/Repeated/MonitoringDiscounted.lean	417	D-REPEAT	theorem	HasNoProfitableOneShotDeviationWithinAfterEveryHistory.afterSignals	public
GameTheory/Concepts/Repeated/MonitoringDiscounted.lean	430	D-REPEAT	theorem	HasNoProfitableOneShotDeviationWithinAfterEveryHistory.after	public
GameTheory/Concepts/Repeated/MonitoringDiscounted.lean	441	D-REPEAT	theorem	truncatedDeviation_discountedAveragePayoff_le_add_accumulated_of_bounded	public
GameTheory/Concepts/Repeated/MonitoringDiscounted.lean	545	D-REPEAT	theorem	truncatedDeviation_discountedAveragePayoff_le_add_accumulated	public
GameTheory/Concepts/Repeated/MonitoringDiscounted.lean	563	D-REPEAT	theorem	truncatedDeviation_discountedAveragePayoff_le_of_bounded	public
GameTheory/Concepts/Repeated/MonitoringDiscounted.lean	584	D-REPEAT	theorem	truncatedDeviation_discountedAveragePayoff_le	public
GameTheory/Concepts/Repeated/MonitoringDiscounted.lean	600	D-REPEAT	theorem	tendsto_discountedAveragePayoff_update_truncatedDeviation_of_bounded	public
GameTheory/Concepts/Repeated/MonitoringDiscounted.lean	651	D-REPEAT	theorem	tendsto_discountedAveragePayoff_update_truncatedDeviation	public
GameTheory/Concepts/Repeated/MonitoringDiscounted.lean	668	D-REPEAT	theorem	HasNoProfitableOneShotDeviationWithinAfterEveryHistory.isεNash_div_one_sub_of_bounded	public
GameTheory/Concepts/Repeated/MonitoringDiscounted.lean	698	D-REPEAT	theorem	HasNoProfitableOneShotDeviationWithinAfterEveryHistory.isεNash_div_one_sub	public
GameTheory/Concepts/Repeated/MonitoringDiscounted.lean	709	D-REPEAT	theorem	HasNoProfitableOneShotDeviationWithinAfterEveryHistory.isεPPE_div_one_sub_of_bounded	public
GameTheory/Concepts/Repeated/MonitoringDiscounted.lean	725	D-REPEAT	theorem	HasNoProfitableOneShotDeviationWithinAfterEveryHistory.isεPPE_div_one_sub	public
GameTheory/Concepts/Repeated/MonitoringDiscounted.lean	737	D-REPEAT	theorem	HasNoProfitableOneShotDeviationWithinAfterEveryHistory.isεPPE_of_scaled_of_bounded	public
GameTheory/Concepts/Repeated/MonitoringDiscounted.lean	754	D-REPEAT	theorem	HasNoProfitableOneShotDeviationWithinAfterEveryHistory.isεPPE_of_scaled	public
GameTheory/Concepts/Repeated/MonitoringDiscounted.lean	767	D-REPEAT	theorem	HasNoProfitableOneShotDeviationAfterEveryHistory.isDiscountedPublicNash_of_bounded	public
GameTheory/Concepts/Repeated/MonitoringDiscounted.lean	784	D-REPEAT	theorem	HasNoProfitableOneShotDeviationAfterEveryHistory.isDiscountedPublicNash	public
GameTheory/Concepts/Repeated/MonitoringDiscounted.lean	796	D-REPEAT	theorem	HasNoProfitableOneShotDeviationAfterEveryHistory.isPerfectPublicEquilibrium_of_bounded	public
GameTheory/Concepts/Repeated/MonitoringDiscounted.lean	813	D-REPEAT	theorem	HasNoProfitableOneShotDeviationAfterEveryHistory.isPerfectPublicEquilibrium	public
GameTheory/Concepts/Repeated/MonitoringDiscounted.lean	823	D-REPEAT	theorem	HasNoProfitableOneShotDeviationWithin.mono	public
GameTheory/Concepts/Repeated/MonitoringDiscounted.lean	833	D-REPEAT	theorem	HasNoProfitableOneShotDeviationWithinAfterEveryHistory.mono	public
GameTheory/Concepts/Repeated/MonitoringDiscounted.lean	842	D-REPEAT	theorem	IsεDiscountedPublicNash.mono	public
GameTheory/Concepts/Repeated/MonitoringDiscounted.lean	852	D-REPEAT	theorem	IsεPerfectPublicEquilibrium.mono	public
GameTheory/Concepts/Repeated/MonitoringDiscounted.lean	861	D-REPEAT	theorem	IsεDiscountedPublicNash.hasNoProfitableOneShotDeviationWithin	public
GameTheory/Concepts/Repeated/MonitoringDiscounted.lean	871	D-REPEAT	theorem	IsεPerfectPublicEquilibrium.hasNoProfitableOneShotDeviationWithinAfterEveryHistory	public
GameTheory/Concepts/Repeated/MonitoringDiscounted.lean	880	D-REPEAT	theorem	IsPerfectPublicEquilibrium.isDiscountedPublicNash	public
GameTheory/Concepts/Repeated/MonitoringDiscounted.lean	888	D-REPEAT	theorem	IsDiscountedPublicNash.hasNoProfitableOneShotDeviation	public
GameTheory/Concepts/Repeated/MonitoringDiscounted.lean	898	D-REPEAT	theorem	IsPerfectPublicEquilibrium.hasNoProfitableOneShotDeviationAfterEveryHistory	public
GameTheory/Concepts/Repeated/MonitoringDiscounted.lean	908	D-REPEAT	theorem	isPerfectPublicEquilibrium_iff_noProfitableOneShotDeviation_of_bounded	public
GameTheory/Concepts/Repeated/MonitoringDiscounted.lean	922	D-REPEAT	theorem	isPerfectPublicEquilibrium_iff_noProfitableOneShotDeviation	public
GameTheory/Concepts/Repeated/MonitoringDiscounted.lean	933	D-REPEAT	theorem	stationaryMonitoredProfile_isDiscountedPublicNash_of_isNash_of_bounded	public
GameTheory/Concepts/Repeated/MonitoringDiscounted.lean	973	D-REPEAT	theorem	stationaryMonitoredProfile_isDiscountedPublicNash_of_isNash	public
GameTheory/Concepts/Repeated/MonitoringDiscounted.lean	984	D-REPEAT	theorem	stationaryMonitoredProfile_isPerfectPublicEquilibrium_of_isNash_of_bounded	public
GameTheory/Concepts/Repeated/MonitoringDiscounted.lean	1002	D-REPEAT	theorem	stationaryMonitoredProfile_isPerfectPublicEquilibrium_of_isNash	public
GameTheory/Concepts/Repeated/MonitoringDiscounted.lean	1014	D-REPEAT	theorem	discountedAveragePayoff_profileMonitoring	public
GameTheory/Concepts/Repeated/MonitoringDiscounted.lean	1020	D-REPEAT	theorem	isDiscountedPublicNash_profileMonitoring	public
GameTheory/Concepts/Repeated/MonitoringHyperplanes.lean	31	D-REPEAT	def	IsEnforceableOnNormalHyperplane	public
GameTheory/Concepts/Repeated/MonitoringHyperplanes.lean	41	D-REPEAT	def	IsEnforceableOnAffineNormalHyperplane	public
GameTheory/Concepts/Repeated/MonitoringHyperplanes.lean	51	D-REPEAT	theorem	isEnforceableOnAffineNormalHyperplane_iff	public
GameTheory/Concepts/Repeated/MonitoringHyperplanes.lean	87	D-REPEAT	theorem	isEnforceableOnNormalHyperplane_mixedExtension_iff_of_bounded	public
GameTheory/Concepts/Repeated/MonitoringHyperplanes.lean	107	D-REPEAT	theorem	isEnforceableOnNormalHyperplane_mixedExtension_iff	public
GameTheory/Concepts/Repeated/MonitoringHyperplanes.lean	122	D-REPEAT	theorem	pureIndividualIncentiveEffectMap_mixedExtension_eq_expect_sub	public
GameTheory/Concepts/Repeated/MonitoringHyperplanes.lean	140	D-REPEAT	def	pureDeviationGainVector	public
GameTheory/Concepts/Repeated/MonitoringHyperplanes.lean	149	D-REPEAT	def	pureDeviationEnforcementTarget	public
GameTheory/Concepts/Repeated/MonitoringHyperplanes.lean	159	D-REPEAT	theorem	isEnforceable_of_pureIncentiveEffects	public
GameTheory/Concepts/Repeated/MonitoringHyperplanes.lean	201	D-REPEAT	theorem	PurePairwiseFullRankAtProfile.isEnforceableOnNormalHyperplane	public
GameTheory/Concepts/Repeated/MonitoringHyperplanes.lean	221	D-REPEAT	theorem	PurePairwiseFullRankAtProfile.exists_smallVariation_affine_enforcement	public
GameTheory/Concepts/Repeated/MonitoringHyperplanes.lean	305	D-REPEAT	theorem	PurePairwiseFullRankAtProfile.exists_uniformlyBounded_smallVariation_affine_enforcement	public
GameTheory/Concepts/Repeated/MonitoringHyperplanes.lean	377	D-REPEAT	theorem	PureIndividualFullRankAtProfile.isEnforceableOnNormalHyperplane_of_bestResponse	public
GameTheory/Concepts/Repeated/MonitoringHyperplanes.lean	444	D-REPEAT	theorem	PureIndividualFullRankAtProfile.isEnforceableOnCoordinateNormalHyperplane	public
GameTheory/Concepts/Repeated/MonitoringHyperplanes.lean	462	D-REPEAT	theorem	PureIndividualFullRankAtProfile.isEnforceableOnCoordinateNormalHyperplane_mixedExtension	public
GameTheory/Concepts/Repeated/MonitoringHyperplanes.lean	482	D-REPEAT	theorem	PurePairwiseFullRankAtProfile.isEnforceableOnNormalHyperplane_mixedExtension_of_bounded	public
GameTheory/Concepts/Repeated/MonitoringHyperplanes.lean	502	D-REPEAT	theorem	PurePairwiseFullRankAtProfile.isEnforceableOnNormalHyperplane_mixedExtension	public
GameTheory/Concepts/Repeated/MonitoringIncentives.lean	31	D-REPEAT	def	pureIndividualIncentiveEffectMap	public
GameTheory/Concepts/Repeated/MonitoringIncentives.lean	39	D-REPEAT	theorem	pureIndividualIncentiveEffectMap_apply	public
GameTheory/Concepts/Repeated/MonitoringIncentives.lean	55	D-REPEAT	def	purePairwiseIncentiveEffectMap	public
GameTheory/Concepts/Repeated/MonitoringIncentives.lean	64	D-REPEAT	theorem	purePairwiseIncentiveEffectMap_apply	public
GameTheory/Concepts/Repeated/MonitoringIncentives.lean	81	D-REPEAT	theorem	pureIndividualIncentiveEffectMap_const	public
GameTheory/Concepts/Repeated/MonitoringIncentives.lean	96	D-REPEAT	theorem	pureIndividualIncentiveEffectMap_add_const	public
GameTheory/Concepts/Repeated/MonitoringIncentives.lean	108	D-REPEAT	theorem	purePairwiseIncentiveEffectMap_const	public
GameTheory/Concepts/Repeated/MonitoringIncentives.lean	129	D-REPEAT	theorem	purePairwiseIncentiveEffectMap_add_const	public
GameTheory/Concepts/Repeated/MonitoringIncentives.lean	140	D-REPEAT	theorem	pureIndividualIncentiveEffectMap_surjective_iff	public
GameTheory/Concepts/Repeated/MonitoringIncentives.lean	176	D-REPEAT	theorem	purePairwiseIncentiveEffectMap_surjective_iff	public
GameTheory/Concepts/Repeated/MonitoringIncentives.lean	219	D-REPEAT	theorem	PureIndividualFullRank.exists_incentiveEffect_rightInverse	public
GameTheory/Concepts/Repeated/MonitoringIncentives.lean	234	D-REPEAT	theorem	PurePairwiseFullRank.exists_incentiveEffect_rightInverse	public
GameTheory/Concepts/Repeated/MonitoringIncentives.lean	253	D-REPEAT	theorem	PureIndividualFullRank.exists_bounded_incentiveEffect_rightInverse	public
GameTheory/Concepts/Repeated/MonitoringIncentives.lean	272	D-REPEAT	theorem	PurePairwiseFullRank.exists_bounded_incentiveEffect_rightInverse	public
GameTheory/Concepts/Repeated/MonitoringIncentives.lean	296	D-REPEAT	theorem	exists_uniform_bounded_individualIncentiveEffect_rightInverses	public
GameTheory/Concepts/Repeated/MonitoringIncentives.lean	332	D-REPEAT	theorem	exists_uniform_bounded_pairwiseIncentiveEffect_rightInverses	public
GameTheory/Concepts/Repeated/MonitoringIncentives.lean	372	D-REPEAT	def	singleCoordinateIncentiveTransfer	public
GameTheory/Concepts/Repeated/MonitoringIncentives.lean	379	D-REPEAT	theorem	singleCoordinateIncentiveTransfer_apply_self	public
GameTheory/Concepts/Repeated/MonitoringIncentives.lean	386	D-REPEAT	theorem	singleCoordinateIncentiveTransfer_apply_of_ne	public
GameTheory/Concepts/Repeated/MonitoringIncentives.lean	395	D-REPEAT	theorem	singleCoordinateIncentiveTransfer_mem_normalHyperplane	public
GameTheory/Concepts/Repeated/MonitoringIncentives.lean	407	D-REPEAT	def	pairwiseTangentIncentiveTransfer	public
GameTheory/Concepts/Repeated/MonitoringIncentives.lean	417	D-REPEAT	theorem	pairwiseTangentIncentiveTransfer_apply_left	public
GameTheory/Concepts/Repeated/MonitoringIncentives.lean	426	D-REPEAT	theorem	pairwiseTangentIncentiveTransfer_apply_right	public
GameTheory/Concepts/Repeated/MonitoringIncentives.lean	435	D-REPEAT	theorem	pairwiseTangentIncentiveTransfer_mem_normalHyperplane	public
GameTheory/Concepts/Repeated/MonitoringIncentives.lean	464	D-REPEAT	theorem	norm_pairwiseTangentIncentiveTransfer_le	public
GameTheory/Concepts/Repeated/MonitoringIncentives.lean	487	D-REPEAT	theorem	PureIndividualFullRank.exists_singleCoordinateIncentiveTransfer_supported	public
GameTheory/Concepts/Repeated/MonitoringIncentives.lean	513	D-REPEAT	theorem	PureIndividualFullRank.exists_singleCoordinateIncentiveTransfer	public
GameTheory/Concepts/Repeated/MonitoringIncentives.lean	532	D-REPEAT	theorem	PurePairwiseFullRank.exists_pairwiseTangentIncentiveTransfer_supported	public
GameTheory/Concepts/Repeated/MonitoringIncentives.lean	604	D-REPEAT	theorem	PurePairwiseFullRank.exists_pairwiseTangentIncentiveTransfer	public
GameTheory/Concepts/Repeated/MonitoringIncentives.lean	626	D-REPEAT	theorem	PurePairwiseFullRank.exists_bounded_leftTangentIncentiveTransfer_supported	public
GameTheory/Concepts/Repeated/MonitoringIncentives.lean	716	D-REPEAT	theorem	PurePairwiseFullRankAtProfile.exists_tangentIncentiveTransfer	public
GameTheory/Concepts/Repeated/MonitoringIncentives.lean	809	D-REPEAT	theorem	PurePairwiseFullRankAtProfile.exists_uniformlyBounded_tangentIncentiveTransfer	public
GameTheory/Concepts/Repeated/MonitoringIncentives.lean	957	D-REPEAT	theorem	PureIndividualFullRankAtProfile.exists_coordinateTangentIncentiveTransfer	public
GameTheory/Concepts/Repeated/MonitoringIncentives.lean	1028	D-REPEAT	def	pureIncentiveEffectMapAtProfile	public
GameTheory/Concepts/Repeated/MonitoringIncentives.lean	1054	D-REPEAT	def	normalIncentiveTransferLinearMap	public
GameTheory/Concepts/Repeated/MonitoringIncentives.lean	1068	D-REPEAT	def	tangentIncentiveTransferSubspace	public
GameTheory/Concepts/Repeated/MonitoringIncentives.lean	1076	D-REPEAT	def	pureTangentIncentiveEffectMapAtProfile	public
GameTheory/Concepts/Repeated/MonitoringIncentives.lean	1087	D-REPEAT	theorem	PurePairwiseFullRankAtProfile.pureTangentIncentiveEffectMapAtProfile_surjective	public
GameTheory/Concepts/Repeated/MonitoringIncentives.lean	1112	D-REPEAT	theorem	PurePairwiseFullRankAtProfile.exists_bounded_tangentIncentiveEffect_rightInverse	public
GameTheory/Concepts/Repeated/MonitoringInstances.lean	34	D-REPEAT	def	profileMonitoring	public
GameTheory/Concepts/Repeated/MonitoringInstances.lean	41	D-REPEAT	def	outcomeMonitoring	public
GameTheory/Concepts/Repeated/MonitoringInstances.lean	46	D-REPEAT	def	mapMonitoring	public
GameTheory/Concepts/Repeated/MonitoringInstances.lean	56	D-REPEAT	def	realizedActionMonitoring	public
GameTheory/Concepts/Repeated/MonitoringInstances.lean	64	D-REPEAT	def	PublicMonitoring.mixedExtension	public
GameTheory/Concepts/Repeated/MonitoringInstances.lean	70	D-REPEAT	theorem	profileMonitoring_signalKernel	public
GameTheory/Concepts/Repeated/MonitoringInstances.lean	75	D-REPEAT	theorem	outcomeMonitoring_signalKernel	public
GameTheory/Concepts/Repeated/MonitoringInstances.lean	80	D-REPEAT	theorem	mapMonitoring_signalKernel	public
GameTheory/Concepts/Repeated/MonitoringInstances.lean	85	D-REPEAT	theorem	realizedActionMonitoring_signalKernel	public
GameTheory/Concepts/Repeated/MonitoringInstances.lean	90	D-REPEAT	theorem	PublicMonitoring.mixedExtension_signalKernel	public
GameTheory/Concepts/Repeated/MonitoringInstances.lean	98	D-REPEAT	theorem	PublicMonitoring.mixedExtension_signalKernel_pure	public
GameTheory/Concepts/Repeated/MonitoringInstances.lean	107	D-REPEAT	theorem	PublicMonitoring.mixedExtension_signalKernel_update_pureMixedProfile	public
GameTheory/Concepts/Repeated/MonitoringInstances.lean	128	D-REPEAT	theorem	profileMonitoring_mixedExtension_signalKernel	public
GameTheory/Concepts/Repeated/MonitoringInstances.lean	138	D-REPEAT	theorem	realizedActionMonitoring_signalKernel_pure	public
GameTheory/Concepts/Repeated/MonitoringInstances.lean	148	D-REPEAT	theorem	signalHistoryDist_profileMonitoring	public
GameTheory/Concepts/Repeated/MonitoringInstances.lean	171	D-REPEAT	theorem	stageEU_profileMonitoring	public
GameTheory/Concepts/Repeated/MonitoringInstances.lean	181	D-REPEAT	theorem	finiteAveragePayoff_profileMonitoring	public
GameTheory/Concepts/Repeated/MonitoringInstances.lean	189	D-REPEAT	theorem	hasLongRunAveragePayoff_profileMonitoring	public
GameTheory/Concepts/Repeated/MonitoringInstances.lean	198	D-REPEAT	theorem	isεFiniteRepeatedNash_profileMonitoring	public
GameTheory/Concepts/Repeated/MonitoringInstances.lean	208	D-REPEAT	theorem	isUniformεEquilibrium_profileMonitoring	public
GameTheory/Concepts/Repeated/MonitoringInstances.lean	219	D-REPEAT	theorem	isUniformEquilibrium_profileMonitoring	public
GameTheory/Concepts/Repeated/MonitoringInstances.lean	231	D-REPEAT	theorem	stationaryMonitoredProfile_isUniformEquilibrium_of_isNash	public
GameTheory/Concepts/Repeated/MonitoringPublicDraw.lean	35	D-REPEAT	def	withPublicDraw	public
GameTheory/Concepts/Repeated/MonitoringPublicDraw.lean	40	D-REPEAT	theorem	withPublicDraw_signalKernel	public
GameTheory/Concepts/Repeated/MonitoringPublicDraw.lean	48	D-REPEAT	theorem	withPublicDraw_signalKernel_map_snd	public
GameTheory/Concepts/Repeated/MonitoringPublicDraw.lean	55	D-REPEAT	theorem	withPublicDraw_signalKernel_map_fst	public
GameTheory/Concepts/Repeated/MonitoringPublicDraw.lean	63	D-REPEAT	abbrev	SeededMonitoredProfile	public
GameTheory/Concepts/Repeated/MonitoringPublicDraw.lean	68	D-REPEAT	def	seededDiscountedAveragePayoff	public
GameTheory/Concepts/Repeated/MonitoringPublicDraw.lean	76	D-REPEAT	def	IsSeededPerfectPublicEquilibrium	public
GameTheory/Concepts/Repeated/MonitoringPublicDraw.lean	84	D-REPEAT	def	seededPerfectPublicEquilibriumPayoffs	public
GameTheory/Concepts/Repeated/MonitoringPublicDraw.lean	93	D-REPEAT	theorem	seededPerfectPublicEquilibriumPayoffs_subset_publicRandomized	public
GameTheory/Concepts/Repeated/MonitoringPublicDraw.lean	115	D-REPEAT	theorem	isSeededPerfectPublicEquilibrium_const	public
GameTheory/Concepts/Repeated/MonitoringPublicDraw.lean	125	D-REPEAT	theorem	seededDiscountedAveragePayoff_const	public
GameTheory/Concepts/Repeated/MonitoringPublicDraw.lean	134	D-REPEAT	theorem	perfectPublicEquilibriumPayoffs_withPublicDraw_subset_seeded	public
GameTheory/Concepts/Repeated/MonitoringPublicRandomization.lean	35	D-REPEAT	def	publicRandomizationHull	public
GameTheory/Concepts/Repeated/MonitoringPublicRandomization.lean	40	D-REPEAT	def	IsFinitePublicRandomizationOf	public
GameTheory/Concepts/Repeated/MonitoringPublicRandomization.lean	48	D-REPEAT	theorem	mem_publicRandomizationHull_iff	public
GameTheory/Concepts/Repeated/MonitoringPublicRandomization.lean	81	D-REPEAT	theorem	subset_publicRandomizationHull	public
GameTheory/Concepts/Repeated/MonitoringPublicRandomization.lean	86	D-REPEAT	theorem	publicRandomizationHull_mono	public
GameTheory/Concepts/Repeated/MonitoringPublicRandomization.lean	92	D-REPEAT	theorem	convex_publicRandomizationHull	public
GameTheory/Concepts/Repeated/MonitoringPublicRandomization.lean	98	D-REPEAT	theorem	publicRandomizationHull_combo	public
GameTheory/Concepts/Repeated/MonitoringPublicRandomization.lean	115	D-REPEAT	theorem	isBoundedPayoffSet_publicRandomizationHull	public
GameTheory/Concepts/Repeated/MonitoringPublicRandomization.lean	143	D-REPEAT	theorem	publicRandomizationHull_eq_self_iff	public
GameTheory/Concepts/Repeated/MonitoringPublicRandomization.lean	149	D-REPEAT	def	publicRandomizedPerfectPublicEquilibriumPayoffs	public
GameTheory/Concepts/Repeated/MonitoringPublicRandomization.lean	154	D-REPEAT	theorem	perfectPublicEquilibriumPayoffs_subset_publicRandomized	public
GameTheory/Concepts/Repeated/MonitoringPublicRandomization.lean	161	D-REPEAT	theorem	convex_publicRandomizedPerfectPublicEquilibriumPayoffs	public
GameTheory/Concepts/Repeated/MonitoringPublicRandomization.lean	168	D-REPEAT	theorem	publicRandomizedPerfectPublicEquilibriumPayoffs_combo	public
GameTheory/Concepts/Repeated/MonitoringPublicRandomization.lean	180	D-REPEAT	theorem	isBoundedPayoffSet_publicRandomizedPerfectPublicEquilibriumPayoffs_of_bounded	public
GameTheory/Concepts/Repeated/MonitoringPublicRandomization.lean	193	D-REPEAT	theorem	finitePublicRandomization_mem_publicRandomizedPPE	public
GameTheory/Concepts/Repeated/MonitoringPublicRandomization.lean	208	D-REPEAT	theorem	SelfGenerating.publicRandomizationHull_subset_publicRandomizedPPE	public
GameTheory/Concepts/Repeated/MonitoringPublicRandomization.lean	223	D-REPEAT	theorem	SelfGenerating.publicRandomizationHull_subset_publicRandomizedPPE_of_finite_outcome	public
GameTheory/Concepts/Repeated/MonitoringPublicRandomization.lean	237	D-REPEAT	def	publicDecompositionOperator	public
GameTheory/Concepts/Repeated/MonitoringPublicRandomization.lean	244	D-REPEAT	def	PublicSelfGenerating	public
GameTheory/Concepts/Repeated/MonitoringPublicRandomization.lean	250	D-REPEAT	theorem	publicDecompositionOperator_mono	public
GameTheory/Concepts/Repeated/MonitoringPublicRandomization.lean	258	D-REPEAT	theorem	convex_publicDecompositionOperator	public
GameTheory/Concepts/Repeated/MonitoringPublicRandomization.lean	266	D-REPEAT	theorem	SelfGenerating.publicSelfGenerating	public
GameTheory/Concepts/Repeated/MonitoringPublicRandomization.lean	274	D-REPEAT	theorem	publicSelfGenerating_empty	public
GameTheory/Concepts/Repeated/MonitoringPureDeviations.lean	30	D-REPEAT	theorem	abs_decomposedPayoff_apply_le_of_bounded	public
GameTheory/Concepts/Repeated/MonitoringPureDeviations.lean	56	D-REPEAT	theorem	abs_decomposedDeviationPayoff_le_of_bounded	public
GameTheory/Concepts/Repeated/MonitoringPureDeviations.lean	70	D-REPEAT	theorem	decomposedPayoff_mixedExtension_pureMixedProfile	public
GameTheory/Concepts/Repeated/MonitoringPureDeviations.lean	85	D-REPEAT	theorem	decomposedDeviationPayoff_mixedExtension_eq_expect_pure_of_bounded	public
GameTheory/Concepts/Repeated/MonitoringPureDeviations.lean	162	D-REPEAT	theorem	isEnforceable_mixedExtension_pureMixedProfile_iff_of_bounded	public
GameTheory/Concepts/Repeated/MonitoringPureDeviations.lean	206	D-REPEAT	theorem	isEnforceable_mixedExtension_pureMixedProfile_iff	public
GameTheory/Concepts/Repeated/MonitoringRank.lean	36	D-REPEAT	abbrev	NontrivialDeviation	public
GameTheory/Concepts/Repeated/MonitoringRank.lean	41	D-REPEAT	def	deviationSignalVector	public
GameTheory/Concepts/Repeated/MonitoringRank.lean	50	D-REPEAT	def	deviationSignalMatrix	public
GameTheory/Concepts/Repeated/MonitoringRank.lean	57	D-REPEAT	def	IndividualFullRank	public
GameTheory/Concepts/Repeated/MonitoringRank.lean	65	D-REPEAT	def	PairwiseIdentifiable	public
GameTheory/Concepts/Repeated/MonitoringRank.lean	73	D-REPEAT	def	pairwiseDeviationSignalFamily	public
GameTheory/Concepts/Repeated/MonitoringRank.lean	81	D-REPEAT	def	PairwiseFullRank	public
GameTheory/Concepts/Repeated/MonitoringRank.lean	87	D-REPEAT	def	IndividualFullRankAtProfile	public
GameTheory/Concepts/Repeated/MonitoringRank.lean	93	D-REPEAT	def	PairwiseFullRankAtProfile	public
GameTheory/Concepts/Repeated/MonitoringRank.lean	100	D-REPEAT	def	individualDeviationRank	public
GameTheory/Concepts/Repeated/MonitoringRank.lean	107	D-REPEAT	def	pairwiseDeviationRank	public
GameTheory/Concepts/Repeated/MonitoringRank.lean	114	D-REPEAT	theorem	individualFullRank_iff_individualDeviationRank_eq_card	public
GameTheory/Concepts/Repeated/MonitoringRank.lean	134	D-REPEAT	theorem	pairwiseFullRank_iff_pairwiseDeviationRank_eq_card	public
GameTheory/Concepts/Repeated/MonitoringRank.lean	159	D-REPEAT	theorem	deviationSignalMatrix_mem_zeroSumSubspace	public
GameTheory/Concepts/Repeated/MonitoringRank.lean	170	D-REPEAT	theorem	individualDeviationRank_le_card_signal_sub_one	public
GameTheory/Concepts/Repeated/MonitoringRank.lean	185	D-REPEAT	theorem	IndividualFullRank.card_deviations_le_card_signal_sub_one	public
GameTheory/Concepts/Repeated/MonitoringRank.lean	197	D-REPEAT	theorem	pairwiseDeviationRank_le_card_signal_sub_one	public
GameTheory/Concepts/Repeated/MonitoringRank.lean	217	D-REPEAT	theorem	PairwiseFullRank.card_deviations_le_card_signal_sub_one	public
GameTheory/Concepts/Repeated/MonitoringRank.lean	235	D-REPEAT	theorem	deviationSignalVector_garble	public
GameTheory/Concepts/Repeated/MonitoringRank.lean	258	D-REPEAT	theorem	deviationSignalMatrix_garble	public
GameTheory/Concepts/Repeated/MonitoringRank.lean	270	D-REPEAT	theorem	pairwiseDeviationSignalFamily_garble	public
GameTheory/Concepts/Repeated/MonitoringRank.lean	285	D-REPEAT	theorem	IndividualFullRank.of_garble	public
GameTheory/Concepts/Repeated/MonitoringRank.lean	296	D-REPEAT	theorem	PairwiseFullRank.of_garble	public
GameTheory/Concepts/Repeated/MonitoringRank.lean	308	D-REPEAT	theorem	individualDeviationRank_garble_le	public
GameTheory/Concepts/Repeated/MonitoringRank.lean	331	D-REPEAT	theorem	pairwiseDeviationRank_garble_le	public
GameTheory/Concepts/Repeated/MonitoringRank.lean	357	D-REPEAT	theorem	sum_deviationSignalVector_eq_zero	public
GameTheory/Concepts/Repeated/MonitoringRank.lean	366	D-REPEAT	theorem	pairwiseFullRank_iff	public
GameTheory/Concepts/Repeated/MonitoringRank.lean	380	D-REPEAT	theorem	PairwiseIdentifiable.symm	public
GameTheory/Concepts/Repeated/MonitoringRank.lean	388	D-REPEAT	theorem	PairwiseFullRank.symm	public
GameTheory/Concepts/Repeated/MonitoringRank.lean	398	D-REPEAT	theorem	IndividualFullRank.signalKernel_update_ne	public
GameTheory/Concepts/Repeated/MonitoringRank.lean	413	D-REPEAT	theorem	IndividualFullRank.signalKernel_update_injective	public
GameTheory/Concepts/Repeated/MonitoringRank.lean	431	D-REPEAT	theorem	deviationSignalMatrix_mapSignal_equiv	public
GameTheory/Concepts/Repeated/MonitoringRank.lean	453	D-REPEAT	theorem	individualFullRank_mapSignal_equiv_iff	public
GameTheory/Concepts/Repeated/MonitoringRank.lean	463	D-REPEAT	theorem	pairwiseDeviationSignalFamily_mapSignal_equiv	public
GameTheory/Concepts/Repeated/MonitoringRank.lean	480	D-REPEAT	theorem	pairwiseFullRank_mapSignal_equiv_iff	public
GameTheory/Concepts/Repeated/MonitoringRank.lean	490	D-REPEAT	theorem	pairwiseIdentifiable_mapSignal_equiv_iff_of_individualFullRank	public
GameTheory/Concepts/Repeated/MonitoringRankInstances.lean	30	D-REPEAT	theorem	linearIndependent_single_sub_single	private
GameTheory/Concepts/Repeated/MonitoringRankInstances.lean	49	D-REPEAT	theorem	deviationSignalMatrix_profileMonitoring	private
GameTheory/Concepts/Repeated/MonitoringRankInstances.lean	63	D-REPEAT	theorem	individualFullRank_profileMonitoring	public
GameTheory/Concepts/Repeated/MonitoringRankInstances.lean	85	D-REPEAT	theorem	individualFullRankAtProfile_profileMonitoring	public
GameTheory/Concepts/Repeated/MonitoringRankInstances.lean	92	D-REPEAT	theorem	pairwise_update_injective	private
GameTheory/Concepts/Repeated/MonitoringRankInstances.lean	135	D-REPEAT	theorem	pairwise_update_ne_base	private
GameTheory/Concepts/Repeated/MonitoringRankInstances.lean	154	D-REPEAT	theorem	pairwiseFullRank_profileMonitoring	public
GameTheory/Concepts/Repeated/MonitoringRankInstances.lean	180	D-REPEAT	theorem	pairwiseFullRankAtProfile_profileMonitoring	public
GameTheory/Concepts/Repeated/MonitoringRankInstances.lean	187	D-REPEAT	theorem	pairwiseIdentifiable_profileMonitoring	public
GameTheory/Concepts/Repeated/MonitoringRankInstances.lean	198	D-REPEAT	def	pureDeviationSignalMatrix	public
GameTheory/Concepts/Repeated/MonitoringRankInstances.lean	209	D-REPEAT	def	PureIndividualFullRank	public
GameTheory/Concepts/Repeated/MonitoringRankInstances.lean	217	D-REPEAT	def	PurePairwiseIdentifiable	public
GameTheory/Concepts/Repeated/MonitoringRankInstances.lean	226	D-REPEAT	def	purePairwiseDeviationSignalFamily	public
GameTheory/Concepts/Repeated/MonitoringRankInstances.lean	235	D-REPEAT	def	PurePairwiseFullRank	public
GameTheory/Concepts/Repeated/MonitoringRankInstances.lean	243	D-REPEAT	def	PureIndividualFullRankAtProfile	public
GameTheory/Concepts/Repeated/MonitoringRankInstances.lean	250	D-REPEAT	def	PurePairwiseFullRankAtProfile	public
GameTheory/Concepts/Repeated/MonitoringRankInstances.lean	257	D-REPEAT	theorem	purePairwiseFullRank_iff	public
GameTheory/Concepts/Repeated/MonitoringRankInstances.lean	272	D-REPEAT	theorem	PurePairwiseIdentifiable.symm	public
GameTheory/Concepts/Repeated/MonitoringRankInstances.lean	281	D-REPEAT	theorem	PurePairwiseFullRank.symm	public
GameTheory/Concepts/Repeated/MonitoringRankInstances.lean	295	D-REPEAT	theorem	pureDeviationSignalMatrix_mixedExtension	public
GameTheory/Concepts/Repeated/MonitoringRankInstances.lean	308	D-REPEAT	theorem	pureIndividualFullRank_mixedExtension_iff	public
GameTheory/Concepts/Repeated/MonitoringRankInstances.lean	318	D-REPEAT	theorem	purePairwiseDeviationSignalFamily_mixedExtension	public
GameTheory/Concepts/Repeated/MonitoringRankInstances.lean	329	D-REPEAT	theorem	purePairwiseFullRank_mixedExtension_iff	public
GameTheory/Concepts/Repeated/MonitoringRankInstances.lean	339	D-REPEAT	theorem	pureIndividualFullRankAtProfile_mixedExtension_iff	public
GameTheory/Concepts/Repeated/MonitoringRankInstances.lean	349	D-REPEAT	theorem	purePairwiseFullRankAtProfile_mixedExtension_iff	public
GameTheory/Concepts/Repeated/MonitoringRankInstances.lean	359	D-REPEAT	theorem	purePairwiseFullRankAtProfile_profileMonitoring_mixedExtension	public
GameTheory/Concepts/Repeated/MonitoringRankInstances.lean	367	D-REPEAT	theorem	pureIndividualFullRankAtProfile_profileMonitoring_mixedExtension	public
GameTheory/Concepts/Repeated/MonitoringRankInstances.lean	377	D-REPEAT	def	pureIndividualDeviationRank	public
GameTheory/Concepts/Repeated/MonitoringRankInstances.lean	386	D-REPEAT	def	purePairwiseDeviationRank	public
GameTheory/Concepts/Repeated/MonitoringRankInstances.lean	395	D-REPEAT	theorem	pureIndividualFullRank_iff_pureIndividualDeviationRank_eq_card	public
GameTheory/Concepts/Repeated/MonitoringRankInstances.lean	422	D-REPEAT	theorem	purePairwiseFullRank_iff_purePairwiseDeviationRank_eq_card	public
GameTheory/Concepts/Repeated/MonitoringRankInstances.lean	453	D-REPEAT	theorem	pureIndividualDeviationRank_le_card_signal_sub_one	public
GameTheory/Concepts/Repeated/MonitoringRankInstances.lean	475	D-REPEAT	theorem	PureIndividualFullRank.card_deviations_le_card_signal_sub_one	public
GameTheory/Concepts/Repeated/MonitoringRankInstances.lean	489	D-REPEAT	theorem	purePairwiseDeviationRank_le_card_signal_sub_one	public
GameTheory/Concepts/Repeated/MonitoringRankInstances.lean	520	D-REPEAT	theorem	PurePairwiseFullRank.card_deviations_le_card_signal_sub_one	public
GameTheory/Concepts/Repeated/MonitoringRankInstances.lean	538	D-REPEAT	theorem	pureDeviationSignalMatrix_mapSignal_equiv	public
GameTheory/Concepts/Repeated/MonitoringRankInstances.lean	565	D-REPEAT	theorem	pureIndividualFullRank_mapSignal_equiv_iff	public
GameTheory/Concepts/Repeated/MonitoringRankInstances.lean	577	D-REPEAT	theorem	purePairwiseDeviationSignalFamily_mapSignal_equiv	public
GameTheory/Concepts/Repeated/MonitoringRankInstances.lean	597	D-REPEAT	theorem	purePairwiseFullRank_mapSignal_equiv_iff	public
GameTheory/Concepts/Repeated/MonitoringRankInstances.lean	609	D-REPEAT	theorem	pureIndividualDeviationRank_mapSignal_equiv	public
GameTheory/Concepts/Repeated/MonitoringRankInstances.lean	635	D-REPEAT	theorem	purePairwiseDeviationRank_mapSignal_equiv	public
GameTheory/Concepts/Repeated/MonitoringRankInstances.lean	663	D-REPEAT	theorem	purePairwiseIdentifiable_mapSignal_equiv_iff_of_individualFullRank	public
GameTheory/Concepts/Repeated/MonitoringRankInstances.lean	690	D-REPEAT	theorem	pureDeviationSignalMatrix_garble	public
GameTheory/Concepts/Repeated/MonitoringRankInstances.lean	705	D-REPEAT	theorem	purePairwiseDeviationSignalFamily_garble	public
GameTheory/Concepts/Repeated/MonitoringRankInstances.lean	722	D-REPEAT	theorem	PureIndividualFullRank.of_garble	public
GameTheory/Concepts/Repeated/MonitoringRankInstances.lean	735	D-REPEAT	theorem	PurePairwiseFullRank.of_garble	public
GameTheory/Concepts/Repeated/MonitoringRankInstances.lean	749	D-REPEAT	theorem	PurePairwiseIdentifiable.of_garble	public
GameTheory/Concepts/Repeated/MonitoringRankInstances.lean	765	D-REPEAT	theorem	pureIndividualDeviationRank_garble_le	public
GameTheory/Concepts/Repeated/MonitoringRankInstances.lean	791	D-REPEAT	theorem	purePairwiseDeviationRank_garble_le	public
GameTheory/Concepts/Repeated/MonitoringRankInstances.lean	820	D-REPEAT	theorem	pureDeviationSignalMatrix_realizedActionMonitoring	public
GameTheory/Concepts/Repeated/MonitoringRankInstances.lean	846	D-REPEAT	theorem	pureIndividualFullRank_realizedActionMonitoring	public
GameTheory/Concepts/Repeated/MonitoringRankInstances.lean	856	D-REPEAT	theorem	purePairwiseDeviationSignalFamily_realizedActionMonitoring	public
GameTheory/Concepts/Repeated/MonitoringRankInstances.lean	867	D-REPEAT	theorem	purePairwiseFullRank_realizedActionMonitoring	public
GameTheory/Concepts/Repeated/MonitoringRankInstances.lean	877	D-REPEAT	theorem	purePairwiseIdentifiable_realizedActionMonitoring	public
GameTheory/Concepts/Repeated/MonitoringRankInstances.lean	886	D-REPEAT	theorem	deviationSignalVector_mixedExtension_eq_sum_pure	public
GameTheory/Concepts/Repeated/MonitoringRankInstances.lean	911	D-REPEAT	theorem	deviationSignalVector_mixedExtension_mem_span_pure	public
GameTheory/Concepts/Repeated/MonitoringRankInstances.lean	937	D-REPEAT	theorem	deviationSignalVector_mixedExtension_map_eq_sum_pure	public
GameTheory/Concepts/Repeated/MonitoringSelfGeneration.lean	27	D-REPEAT	def	IsBoundedPayoffSet	public
GameTheory/Concepts/Repeated/MonitoringSelfGeneration.lean	31	D-REPEAT	def	perfectPublicEquilibriumPayoffs	public
GameTheory/Concepts/Repeated/MonitoringSelfGeneration.lean	39	D-REPEAT	def	continuationPayoffAssignment	public
GameTheory/Concepts/Repeated/MonitoringSelfGeneration.lean	46	D-REPEAT	theorem	isBoundedContinuationPayoffAssignment_of_bounded	public
GameTheory/Concepts/Repeated/MonitoringSelfGeneration.lean	65	D-REPEAT	theorem	isBoundedPayoffSet_perfectPublicEquilibriumPayoffs_of_bounded	public
GameTheory/Concepts/Repeated/MonitoringSelfGeneration.lean	83	D-REPEAT	theorem	isBoundedPayoffSet_perfectPublicEquilibriumPayoffs	public
GameTheory/Concepts/Repeated/MonitoringSelfGeneration.lean	97	D-REPEAT	def	action	public
GameTheory/Concepts/Repeated/MonitoringSelfGeneration.lean	103	D-REPEAT	def	continuation	public
GameTheory/Concepts/Repeated/MonitoringSelfGeneration.lean	107	D-REPEAT	theorem	continuation_bounded	public
GameTheory/Concepts/Repeated/MonitoringSelfGeneration.lean	112	D-REPEAT	theorem	continuation_mem	public
GameTheory/Concepts/Repeated/MonitoringSelfGeneration.lean	117	D-REPEAT	theorem	promiseKeeping	public
GameTheory/Concepts/Repeated/MonitoringSelfGeneration.lean	122	D-REPEAT	theorem	enforceable	public
GameTheory/Concepts/Repeated/MonitoringSelfGeneration.lean	128	D-REPEAT	def	nextState	public
GameTheory/Concepts/Repeated/MonitoringSelfGeneration.lean	132	D-REPEAT	theorem	nextState_val	public
GameTheory/Concepts/Repeated/MonitoringSelfGeneration.lean	139	D-REPEAT	def	stateAfterSignals	public
GameTheory/Concepts/Repeated/MonitoringSelfGeneration.lean	144	D-REPEAT	theorem	stateAfterSignals_nil	public
GameTheory/Concepts/Repeated/MonitoringSelfGeneration.lean	149	D-REPEAT	theorem	stateAfterSignals_cons	public
GameTheory/Concepts/Repeated/MonitoringSelfGeneration.lean	158	D-REPEAT	def	generatedProfile	public
GameTheory/Concepts/Repeated/MonitoringSelfGeneration.lean	162	D-REPEAT	theorem	generatedProfile_zero	public
GameTheory/Concepts/Repeated/MonitoringSelfGeneration.lean	169	D-REPEAT	theorem	afterSignal_generatedProfile	public
GameTheory/Concepts/Repeated/MonitoringSelfGeneration.lean	178	D-REPEAT	theorem	afterSignals_generatedProfile	public
GameTheory/Concepts/Repeated/MonitoringSelfGeneration.lean	190	D-REPEAT	theorem	after_generatedProfile	public
GameTheory/Concepts/Repeated/MonitoringSelfGeneration.lean	200	D-REPEAT	theorem	generatedProfile_realizesPromise_of_bounds	public
GameTheory/Concepts/Repeated/MonitoringSelfGeneration.lean	328	D-REPEAT	theorem	generatedProfile_realizesPromise	public
GameTheory/Concepts/Repeated/MonitoringSelfGeneration.lean	342	D-REPEAT	theorem	discountedAveragePayoff_oneShotDeviation_eq_decomposedDeviationPayoff	public
GameTheory/Concepts/Repeated/MonitoringSelfGeneration.lean	382	D-REPEAT	theorem	generatedProfile_hasNoProfitableOneShotDeviation	public
GameTheory/Concepts/Repeated/MonitoringSelfGeneration.lean	406	D-REPEAT	theorem	generatedProfile_hasNoProfitableOneShotDeviationAfterEveryHistory	public
GameTheory/Concepts/Repeated/MonitoringSelfGeneration.lean	424	D-REPEAT	theorem	generatedProfile_isPerfectPublicEquilibrium	public
GameTheory/Concepts/Repeated/MonitoringSelfGeneration.lean	436	D-REPEAT	theorem	generatedProfile_isPerfectPublicEquilibrium_of_finite_outcome	public
GameTheory/Concepts/Repeated/MonitoringSelfGeneration.lean	447	D-REPEAT	theorem	selfGenerating_subset_perfectPublicEquilibriumPayoffs	public
GameTheory/Concepts/Repeated/MonitoringSelfGeneration.lean	463	D-REPEAT	theorem	selfGenerating_subset_perfectPublicEquilibriumPayoffs_of_finite_outcome	public
GameTheory/Concepts/Repeated/MonitoringSelfGeneration.lean	477	D-REPEAT	theorem	perfectPublicEquilibriumPayoffs_selfGenerating_of_bounded	public
GameTheory/Concepts/Repeated/MonitoringSelfGeneration.lean	541	D-REPEAT	theorem	perfectPublicEquilibriumPayoffs_selfGenerating	public
GameTheory/Concepts/Repeated/MonitoringSelfGeneration.lean	550	D-REPEAT	theorem	perfectPublicEquilibriumPayoffs_greatest_bounded_selfGenerating	public
GameTheory/Concepts/Repeated/Tests.lean	32	D-REPEAT	abbrev	coordinationGame	public
GameTheory/Concepts/Repeated/Tests.lean	39	D-REPEAT	abbrev	allTrueProfile	public
GameTheory/Concepts/Repeated/Tests.lean	42	D-REPEAT	theorem	allTrueProfile_isNash	public
GameTheory/Concepts/Repeated/Uniform.lean	47	D-REPEAT	def	IsεFiniteRepeatedNash	public
GameTheory/Concepts/Repeated/Uniform.lean	55	D-REPEAT	def	IsUniformεEquilibrium	public
GameTheory/Concepts/Repeated/Uniform.lean	61	D-REPEAT	def	IsUniformEquilibrium	public
GameTheory/Concepts/Repeated/Uniform.lean	67	D-REPEAT	theorem	IsεFiniteRepeatedNash.mono	public
GameTheory/Concepts/Repeated/Uniform.lean	77	D-REPEAT	theorem	IsUniformεEquilibrium.mono	public
GameTheory/Concepts/Repeated/Uniform.lean	88	D-REPEAT	theorem	stationaryRepeatedProfile_isUniformEquilibrium_of_isNash	public
GameTheory/Concepts/Transport/Approximate.lean	48	S-TRANS	structure	ApproxRealization	public
GameTheory/Concepts/Transport/Approximate.lean	66	S-TRANS	def	RelEquivalent	public
GameTheory/Concepts/Transport/Approximate.lean	74	S-TRANS	def	refl	public
GameTheory/Concepts/Transport/Approximate.lean	84	S-TRANS	def	comp	public
GameTheory/Concepts/Transport/Approximate.lean	98	S-TRANS	theorem	comp_rel	public
GameTheory/Concepts/Transport/Approximate.lean	108	S-TRANS	theorem	refl_comp	public
GameTheory/Concepts/Transport/Approximate.lean	119	S-TRANS	theorem	comp_refl	public
GameTheory/Concepts/Transport/Approximate.lean	130	S-TRANS	theorem	comp_assoc	public
GameTheory/Concepts/Transport/Approximate.lean	148	S-TRANS	def	garble	public
GameTheory/Concepts/Transport/Approximate.lean	160	S-TRANS	theorem	garble_id	public
GameTheory/Concepts/Transport/Approximate.lean	165	S-TRANS	theorem	garble_comp	public
GameTheory/Concepts/Transport/Approximate.lean	174	S-TRANS	theorem	comp_garble	public
GameTheory/Concepts/Transport/Approximate.lean	189	S-TRANS	structure	ApproxTransport	public
GameTheory/Concepts/Transport/Approximate.lean	209	S-TRANS	def	RelEquivalent	public
GameTheory/Concepts/Transport/Approximate.lean	218	S-TRANS	def	refl	public
GameTheory/Concepts/Transport/Approximate.lean	227	S-TRANS	def	mono	public
GameTheory/Concepts/Transport/Approximate.lean	239	S-TRANS	def	garble	public
GameTheory/Concepts/Transport/Approximate.lean	256	S-TRANS	def	comp	public
GameTheory/Concepts/Transport/Approximate.lean	274	S-TRANS	theorem	comp_rel	public
GameTheory/Concepts/Transport/Approximate.lean	283	S-TRANS	theorem	refl_comp	public
GameTheory/Concepts/Transport/Approximate.lean	288	S-TRANS	theorem	comp_refl	public
GameTheory/Concepts/Transport/Approximate.lean	293	S-TRANS	theorem	comp_assoc	public
GameTheory/Concepts/Transport/Approximate.lean	305	S-TRANS	theorem	mono_relEquivalent	public
GameTheory/Concepts/Transport/Approximate.lean	310	S-TRANS	theorem	garble_id	public
GameTheory/Concepts/Transport/Approximate.lean	315	S-TRANS	theorem	garble_comp	public
GameTheory/Concepts/Transport/Approximate.lean	323	S-TRANS	theorem	comp_garble	public
GameTheory/Concepts/Transport/Approximate.lean	337	S-TRANS	def	Transport.toApprox	public
GameTheory/Concepts/Transport/Approximate.lean	358	S-TRANS	theorem	toApprox_refl	public
GameTheory/Concepts/Transport/Approximate.lean	364	S-TRANS	theorem	toApprox_comp	public
GameTheory/Concepts/Transport/Approximate.lean	376	S-TRANS	theorem	toApprox_garble	public
GameTheory/Concepts/Transport/Approximate.lean	389	S-TRANS	def	approxExpectedPref	public
GameTheory/Concepts/Transport/Approximate.lean	399	S-TRANS	theorem	target_eq_of_source_eq	public
GameTheory/Concepts/Transport/Approximate.lean	447	S-TRANS	theorem	target_eq_of_source_eq_uniform	public
GameTheory/Concepts/Transport/Characterize.lean	63	S-TRANS	def	DeviationFamily.deviationLaw	public
GameTheory/Concepts/Transport/Characterize.lean	79	S-TRANS	theorem	simulates_iff_range_subset	public
GameTheory/Concepts/Transport/Characterize.lean	92	S-TRANS	theorem	simulates_iff_forall_fragment	public
GameTheory/Concepts/Transport/Characterize.lean	111	S-TRANS	theorem	forall_predicate_iff_range_eq	public
GameTheory/Concepts/Transport/Characterize.lean	127	S-TRANS	theorem	bisim_bodies_iff_range_eq	public
GameTheory/Concepts/Transport/Characterize.lean	147	S-TRANS	theorem	simulates_iff_forall_rel_range_subset	public
GameTheory/Concepts/Transport/Characterize.lean	163	S-TRANS	theorem	simulates_iff_forall_rel_fragment	public
GameTheory/Concepts/Transport/Characterize.lean	182	S-TRANS	theorem	bisimulates_iff_forall_rel_range_eq	public
GameTheory/Concepts/Transport/Corners.lean	48	S-TRANS	structure	NashDeviationSimulation	public
GameTheory/Concepts/Transport/Corners.lean	72	S-TRANS	def	toTransport	public
GameTheory/Concepts/Transport/Corners.lean	91	S-TRANS	def	ofFunctionalRealization	public
GameTheory/Concepts/Transport/Corners.lean	111	S-TRANS	theorem	target_nash_of_source_nash	public
GameTheory/Concepts/Transport/Corners.lean	124	S-TRANS	structure	NashDeviationBisimulation	public
GameTheory/Concepts/Transport/Corners.lean	154	S-TRANS	def	toForwardSimulation	public
GameTheory/Concepts/Transport/Corners.lean	163	S-TRANS	def	symm	public
GameTheory/Concepts/Transport/Corners.lean	179	S-TRANS	theorem	nash_iff	public
GameTheory/Concepts/Transport/Corners.lean	201	S-TRANS	def	Transport.ofConstantProfileMap	public
GameTheory/Concepts/Transport/Corners.lean	230	S-TRANS	def	Transport.ofRecommendationProfileMap	public
GameTheory/Concepts/Transport/Corners.lean	258	S-TRANS	theorem	Transport.target_correlatedEq_of_source_correlatedEq	public
GameTheory/Concepts/Transport/Corners.lean	270	S-TRANS	theorem	Transport.target_coarseCorrelatedEq_of_source_coarseCorrelatedEq	public
GameTheory/Concepts/Transport/Corners.lean	284	S-TRANS	def	constantToRecommendationHom	public
GameTheory/Concepts/Transport/Corners.lean	299	S-TRANS	theorem	Transport.target_coarseCorrelatedEq_of_source_correlatedEq	public
GameTheory/Concepts/Transport/Corners.lean	320	S-TRANS	def	expectationPref	public
GameTheory/Concepts/Transport/Corners.lean	324	S-TRANS	def	expectationStrictPref	public
GameTheory/Concepts/Transport/Corners.lean	332	S-TRANS	abbrev	ViewFamily	public
GameTheory/Concepts/Transport/Corners.lean	341	S-TRANS	def	utilityView	public
GameTheory/Concepts/Transport/Corners.lean	349	S-TRANS	theorem	observedPref_utilityView	public
GameTheory/Concepts/Transport/Corners.lean	357	S-TRANS	theorem	observedStrictPref_utilityView	public
GameTheory/Concepts/Transport/Corners.lean	364	S-TRANS	abbrev	DeviationFamily	public
GameTheory/Concepts/Transport/Corners.lean	368	S-TRANS	def	IsDeviationEqFor	public
GameTheory/Concepts/Transport/Corners.lean	374	S-TRANS	abbrev	Realization	public
GameTheory/Concepts/Transport/Corners.lean	379	S-TRANS	abbrev	Transport	public
GameTheory/Concepts/Transport/Corners.lean	387	S-TRANS	abbrev	NashDeviationSimulation	public
GameTheory/Concepts/Transport/Corners.lean	391	S-TRANS	abbrev	NashDeviationBisimulation	public
GameTheory/Concepts/Transport/Corners.lean	399	S-TRANS	theorem	NashDeviationSimulation.target_isNash_of_source_isNash	public
GameTheory/Concepts/Transport/Corners.lean	416	S-TRANS	theorem	NashDeviationBisimulation.isNash_iff	public
GameTheory/Concepts/Transport/Corners.lean	435	S-TRANS	def	boolOutcomeForm	public
GameTheory/Concepts/Transport/Corners.lean	441	S-TRANS	def	tracedOutcomeForm	public
GameTheory/Concepts/Transport/Corners.lean	447	S-TRANS	def	boolOutcomeView	public
GameTheory/Concepts/Transport/Corners.lean	451	S-TRANS	def	tracedOutcomeView	public
GameTheory/Concepts/Transport/Corners.lean	456	S-TRANS	def	boolToTracedNashSimulation	public
GameTheory/Concepts/Transport/Deviation.lean	37	S-TRANS	abbrev	Coalition	public
GameTheory/Concepts/Transport/Deviation.lean	44	S-TRANS	def	singleton	public
GameTheory/Concepts/Transport/Deviation.lean	53	S-TRANS	def	ParetoBlocks	public
GameTheory/Concepts/Transport/Deviation.lean	60	S-TRANS	def	AllStrictBlocks	public
GameTheory/Concepts/Transport/Deviation.lean	69	S-TRANS	def	noParetoBlock	public
GameTheory/Concepts/Transport/Deviation.lean	77	S-TRANS	def	noAllStrictBlock	public
GameTheory/Concepts/Transport/Deviation.lean	90	S-TRANS	structure	DeviationFamily	public
GameTheory/Concepts/Transport/Deviation.lean	104	S-TRANS	def	IsDeviationEqFor	public
GameTheory/Concepts/Transport/Deviation.lean	114	S-TRANS	structure	DeviationFamily.Hom	public
GameTheory/Concepts/Transport/Deviation.lean	124	S-TRANS	def	id	public
GameTheory/Concepts/Transport/Deviation.lean	130	S-TRANS	def	comp	public
GameTheory/Concepts/Transport/Deviation.lean	144	S-TRANS	theorem	id_map	public
GameTheory/Concepts/Transport/Deviation.lean	148	S-TRANS	theorem	comp_map	public
GameTheory/Concepts/Transport/Deviation.lean	156	S-TRANS	theorem	id_comp	public
GameTheory/Concepts/Transport/Deviation.lean	163	S-TRANS	theorem	comp_id	public
GameTheory/Concepts/Transport/Deviation.lean	170	S-TRANS	theorem	comp_assoc	public
GameTheory/Concepts/Transport/Deviation.lean	189	S-TRANS	theorem	DeviationFamily.Hom.isDeviationEqFor	public
GameTheory/Concepts/Transport/Deviation.lean	208	S-TRANS	def	coalitionConstantDeviationFamily	public
GameTheory/Concepts/Transport/Deviation.lean	214	S-TRANS	theorem	coalitionConstantDeviationFamily_deviate	public
GameTheory/Concepts/Transport/Deviation.lean	220	S-TRANS	theorem	coalitionConstantDeviationFamily_deviate_pure	public
GameTheory/Concepts/Transport/Deviation.lean	227	S-TRANS	theorem	coalitionConstantDeviationFamily_deviate_pure_eq_override	public
GameTheory/Concepts/Transport/Distinguishing.lean	51	S-TRANS	def	distinguishingAdvantageAgainst	public
GameTheory/Concepts/Transport/Distinguishing.lean	58	S-TRANS	def	distinguishingAdvantage	public
GameTheory/Concepts/Transport/Distinguishing.lean	64	S-TRANS	def	testAdvantageAgainst	public
GameTheory/Concepts/Transport/Distinguishing.lean	70	S-TRANS	def	testAdvantage	public
GameTheory/Concepts/Transport/Distinguishing.lean	76	S-TRANS	def	booleanAdvantageAgainst	public
GameTheory/Concepts/Transport/Distinguishing.lean	83	S-TRANS	def	booleanAdvantage	public
GameTheory/Concepts/Transport/Distinguishing.lean	87	S-TRANS	theorem	booleanAdvantageAgainst_le_distinguishingAdvantageAgainst	public
GameTheory/Concepts/Transport/Distinguishing.lean	94	S-TRANS	theorem	exists_booleanAdvantageAgainst_eq_distinguishingAdvantageAgainst	public
GameTheory/Concepts/Transport/Distinguishing.lean	102	S-TRANS	theorem	distinguishingAdvantageAgainst_le_iff_booleanAdvantageAgainst_le	public
GameTheory/Concepts/Transport/Distinguishing.lean	110	S-TRANS	theorem	testAdvantageAgainst_le_distinguishingAdvantageAgainst	public
GameTheory/Concepts/Transport/Distinguishing.lean	118	S-TRANS	theorem	exists_testAdvantageAgainst_eq_distinguishingAdvantageAgainst	public
GameTheory/Concepts/Transport/Distinguishing.lean	127	S-TRANS	theorem	distinguishingAdvantageAgainst_le_iff_testAdvantageAgainst_le	public
GameTheory/Concepts/Transport/Distinguishing.lean	135	S-TRANS	theorem	distinguishingAdvantage_nonneg	public
GameTheory/Concepts/Transport/Distinguishing.lean	140	S-TRANS	theorem	distinguishingAdvantage_self	public
GameTheory/Concepts/Transport/Distinguishing.lean	145	S-TRANS	theorem	distinguishingAdvantage_symm	public
GameTheory/Concepts/Transport/Distinguishing.lean	150	S-TRANS	theorem	distinguishingAdvantage_triangle	public
GameTheory/Concepts/Transport/Distinguishing.lean	156	S-TRANS	theorem	testAdvantage_le_distinguishingAdvantage	public
GameTheory/Concepts/Transport/Distinguishing.lean	162	S-TRANS	theorem	exists_testAdvantage_eq_distinguishingAdvantage	public
GameTheory/Concepts/Transport/Distinguishing.lean	169	S-TRANS	theorem	distinguishingAdvantage_le_iff_testAdvantage_le	public
GameTheory/Concepts/Transport/Distinguishing.lean	176	S-TRANS	theorem	booleanAdvantage_le_distinguishingAdvantage	public
GameTheory/Concepts/Transport/Distinguishing.lean	182	S-TRANS	theorem	exists_booleanAdvantage_eq_distinguishingAdvantage	public
GameTheory/Concepts/Transport/Distinguishing.lean	188	S-TRANS	theorem	distinguishingAdvantage_le_iff_booleanAdvantage_le	public
GameTheory/Concepts/Transport/Distinguishing.lean	194	S-TRANS	theorem	distinguishingAdvantageAgainst_garble_le	public
GameTheory/Concepts/Transport/Distinguishing.lean	205	S-TRANS	theorem	distinguishingAdvantage_garble_le	public
GameTheory/Concepts/Transport/Distinguishing.lean	213	S-TRANS	theorem	testAdvantage_garble	public
GameTheory/Concepts/Transport/Distinguishing.lean	223	S-TRANS	theorem	booleanAdvantage_garble	public
GameTheory/Concepts/Transport/Distinguishing.lean	240	S-TRANS	theorem	distinguishingAdvantageAgainst_eq_zero	public
GameTheory/Concepts/Transport/Distinguishing.lean	258	S-TRANS	theorem	distinguishingAdvantageAgainst_le	public
GameTheory/Concepts/Transport/Distinguishing.lean	266	S-TRANS	theorem	booleanAdvantageAgainst_le	public
GameTheory/Concepts/Transport/Distinguishing.lean	278	S-TRANS	theorem	testAdvantageAgainst_le	public
GameTheory/Concepts/Transport/Oblivious.lean	57	S-TRANS	theorem	claw_index_independent	public
GameTheory/Concepts/Transport/Oblivious.lean	68	S-TRANS	theorem	transport_under_every_index	public
GameTheory/Concepts/Transport/Oblivious.lean	83	S-TRANS	def	Transport.ofIndexIndependent	public
GameTheory/Concepts/Transport/Oblivious.lean	95	S-TRANS	def	orderTracedForm	public
GameTheory/Concepts/Transport/Oblivious.lean	102	S-TRANS	def	orderTracedView	public
GameTheory/Concepts/Transport/Oblivious.lean	109	S-TRANS	def	boolOrderSerializer	public
GameTheory/Concepts/Transport/Oblivious.lean	129	S-TRANS	def	boolOrderTrace	public
GameTheory/Concepts/Transport/Oblivious.lean	135	S-TRANS	theorem	boolOrderSerializer_rel	public
GameTheory/Concepts/Transport/Order.lean	41	S-TRANS	def	Realization.comp	public
GameTheory/Concepts/Transport/Order.lean	52	S-TRANS	theorem	comp_rel	public
GameTheory/Concepts/Transport/Order.lean	59	S-TRANS	theorem	refl_comp	public
GameTheory/Concepts/Transport/Order.lean	71	S-TRANS	theorem	comp_refl	public
GameTheory/Concepts/Transport/Order.lean	83	S-TRANS	theorem	comp_assoc	public
GameTheory/Concepts/Transport/Order.lean	97	S-TRANS	theorem	comp_flip	public
GameTheory/Concepts/Transport/Order.lean	109	S-TRANS	theorem	comp_garble	public
GameTheory/Concepts/Transport/Order.lean	130	S-TRANS	def	Transport.comp	public
GameTheory/Concepts/Transport/Order.lean	147	S-TRANS	def	Transport.compOfHom	public
GameTheory/Concepts/Transport/Order.lean	156	S-TRANS	def	Transport.compSameMiddle	public
GameTheory/Concepts/Transport/Order.lean	165	S-TRANS	theorem	comp_rel	public
GameTheory/Concepts/Transport/Order.lean	175	S-TRANS	theorem	refl_comp	public
GameTheory/Concepts/Transport/Order.lean	182	S-TRANS	theorem	comp_refl	public
GameTheory/Concepts/Transport/Order.lean	189	S-TRANS	theorem	comp_assoc	public
GameTheory/Concepts/Transport/Order.lean	200	S-TRANS	theorem	comp_garble	public
GameTheory/Concepts/Transport/Order.lean	228	S-TRANS	def	TransportBisimulation.comp	public
GameTheory/Concepts/Transport/Order.lean	252	S-TRANS	def	TransportBisimulation.compSameMiddle	public
GameTheory/Concepts/Transport/Order.lean	262	S-TRANS	theorem	refl_comp	public
GameTheory/Concepts/Transport/Order.lean	269	S-TRANS	theorem	comp_refl	public
GameTheory/Concepts/Transport/Order.lean	276	S-TRANS	theorem	comp_assoc	public
GameTheory/Concepts/Transport/Order.lean	288	S-TRANS	theorem	comp_symm	public
GameTheory/Concepts/Transport/OutcomeProperties.lean	27	S-TRANS	theorem	isTeamGame_iff	public
GameTheory/Concepts/Transport/OutcomeProperties.lean	49	S-TRANS	theorem	isConstantSum_iff	public
GameTheory/Concepts/Transport/OutcomeProperties.lean	76	S-TRANS	theorem	isZeroSum_iff	public
GameTheory/Concepts/Transport/Pref.lean	50	S-TRANS	def	PrefSimulates	public
GameTheory/Concepts/Transport/Pref.lean	64	S-TRANS	theorem	PrefSimulates.transfer	public
GameTheory/Concepts/Transport/Pref.lean	79	S-TRANS	theorem	PrefSimulates.refl	public
GameTheory/Concepts/Transport/Pref.lean	89	S-TRANS	theorem	PrefSimulates.comp	public
GameTheory/Concepts/Transport/Pref.lean	108	S-TRANS	theorem	PrefSimulates.mono_target	public
GameTheory/Concepts/Transport/Pref.lean	129	S-TRANS	theorem	PrefSimulates.transfer_iff	public
GameTheory/Concepts/Transport/Separations.lean	59	S-TRANS	theorem	pmf_pure_ne_pure	public
GameTheory/Concepts/Transport/Separations.lean	74	S-TRANS	def	orderTracedIdView	public
GameTheory/Concepts/Transport/Separations.lean	79	S-TRANS	def	designatedSource	public
GameTheory/Concepts/Transport/Separations.lean	84	S-TRANS	theorem	claw_orderTraced_ne	public
GameTheory/Concepts/Transport/Separations.lean	103	S-TRANS	theorem	no_oblivious_completion	public
GameTheory/Concepts/Transport/Separations.lean	118	S-TRANS	def	srcForm	public
GameTheory/Concepts/Transport/Separations.lean	125	S-TRANS	def	tgtForm	public
GameTheory/Concepts/Transport/Separations.lean	131	S-TRANS	def	coarseSrc	public
GameTheory/Concepts/Transport/Separations.lean	135	S-TRANS	def	coarseTgt	public
GameTheory/Concepts/Transport/Separations.lean	139	S-TRANS	def	richSrc	public
GameTheory/Concepts/Transport/Separations.lean	143	S-TRANS	def	richTgt	public
GameTheory/Concepts/Transport/Separations.lean	147	S-TRANS	def	designatedProfile	public
GameTheory/Concepts/Transport/Separations.lean	152	S-TRANS	def	coarseTransport	public
GameTheory/Concepts/Transport/Separations.lean	171	S-TRANS	theorem	rich_law_eq_fails	public
GameTheory/Concepts/Transport/Separations.lean	182	S-TRANS	def	richPref	public
GameTheory/Concepts/Transport/Separations.lean	188	S-TRANS	theorem	source_nash_richPref	public
GameTheory/Concepts/Transport/Separations.lean	201	S-TRANS	theorem	target_not_nash_richPref	public
GameTheory/Concepts/Transport/Separations.lean	218	S-TRANS	def	redirect	public
GameTheory/Concepts/Transport/Separations.lean	223	S-TRANS	def	srcForm	public
GameTheory/Concepts/Transport/Separations.lean	229	S-TRANS	def	tgtForm	public
GameTheory/Concepts/Transport/Separations.lean	235	S-TRANS	def	statusQuo	public
GameTheory/Concepts/Transport/Separations.lean	238	S-TRANS	def	uniSrc	public
GameTheory/Concepts/Transport/Separations.lean	242	S-TRANS	def	uniTgt	public
GameTheory/Concepts/Transport/Separations.lean	246	S-TRANS	def	coalSrc	public
GameTheory/Concepts/Transport/Separations.lean	250	S-TRANS	def	coalTgt	public
GameTheory/Concepts/Transport/Separations.lean	255	S-TRANS	def	relSQ	public
GameTheory/Concepts/Transport/Separations.lean	259	S-TRANS	def	uniRealization	public
GameTheory/Concepts/Transport/Separations.lean	269	S-TRANS	theorem	unilateral_simulates	public
GameTheory/Concepts/Transport/Separations.lean	280	S-TRANS	def	grandCoalition	public
GameTheory/Concepts/Transport/Separations.lean	283	S-TRANS	def	coalRealization	public
GameTheory/Concepts/Transport/Separations.lean	296	S-TRANS	theorem	coalition_simulates_fails	public
GameTheory/Concepts/Transport/Separations.lean	319	S-TRANS	def	corr	public
GameTheory/Concepts/Transport/Separations.lean	329	S-TRANS	def	srcForm	public
GameTheory/Concepts/Transport/Separations.lean	335	S-TRANS	def	tgtForm	public
GameTheory/Concepts/Transport/Separations.lean	341	S-TRANS	def	viewSrc	public
GameTheory/Concepts/Transport/Separations.lean	344	S-TRANS	def	viewTgt	public
GameTheory/Concepts/Transport/Separations.lean	347	S-TRANS	theorem	claw_tgt_const	public
GameTheory/Concepts/Transport/Separations.lean	354	S-TRANS	theorem	claw_src_corr	public
GameTheory/Concepts/Transport/Separations.lean	360	S-TRANS	def	realization	public
GameTheory/Concepts/Transport/Separations.lean	369	S-TRANS	theorem	ce_transports	public
GameTheory/Concepts/Transport/Separations.lean	383	S-TRANS	theorem	src_claw_const	public
GameTheory/Concepts/Transport/Separations.lean	393	S-TRANS	theorem	mix_ne_pure	public
GameTheory/Concepts/Transport/Separations.lean	407	S-TRANS	theorem	cce_fails	public
GameTheory/Concepts/Transport/Separations.lean	424	S-TRANS	def	srcForm	public
GameTheory/Concepts/Transport/Separations.lean	430	S-TRANS	def	tgtForm	public
GameTheory/Concepts/Transport/Separations.lean	436	S-TRANS	def	viewSrc	public
GameTheory/Concepts/Transport/Separations.lean	439	S-TRANS	def	viewTgt	public
GameTheory/Concepts/Transport/Separations.lean	443	S-TRANS	theorem	bind_xor_uniform	public
GameTheory/Concepts/Transport/Separations.lean	451	S-TRANS	theorem	claw_src_corr	public
GameTheory/Concepts/Transport/Separations.lean	460	S-TRANS	theorem	claw_tgt_corr	public
GameTheory/Concepts/Transport/Separations.lean	466	S-TRANS	def	realization	public
GameTheory/Concepts/Transport/Separations.lean	474	S-TRANS	theorem	tgt_const_claw	public
GameTheory/Concepts/Transport/Separations.lean	494	S-TRANS	theorem	src_const_D_false	public
GameTheory/Concepts/Transport/Separations.lean	506	S-TRANS	theorem	src_const_X_true	public
GameTheory/Concepts/Transport/Separations.lean	522	S-TRANS	theorem	cce_transports	public
GameTheory/Concepts/Transport/Separations.lean	533	S-TRANS	theorem	tgt_rec_not	public
GameTheory/Concepts/Transport/Separations.lean	546	S-TRANS	theorem	src_rec_claw	public
GameTheory/Concepts/Transport/Separations.lean	559	S-TRANS	theorem	ce_fails	public
GameTheory/Concepts/Transport/Simulation.lean	52	S-TRANS	structure	Realization	public
GameTheory/Concepts/Transport/Simulation.lean	63	S-TRANS	def	Realization.Simulates	public
GameTheory/Concepts/Transport/Simulation.lean	74	S-TRANS	structure	Transport	public
GameTheory/Concepts/Transport/Simulation.lean	88	S-TRANS	def	RelEquivalent	public
GameTheory/Concepts/Transport/Simulation.lean	94	S-TRANS	def	refl	public
GameTheory/Concepts/Transport/Simulation.lean	98	S-TRANS	theorem	refl_rel	public
GameTheory/Concepts/Transport/Simulation.lean	104	S-TRANS	def	flip	public
GameTheory/Concepts/Transport/Simulation.lean	109	S-TRANS	theorem	flip_flip	public
GameTheory/Concepts/Transport/Simulation.lean	116	S-TRANS	def	ofFunctionalRealization	public
GameTheory/Concepts/Transport/Simulation.lean	125	S-TRANS	def	garble	public
GameTheory/Concepts/Transport/Simulation.lean	133	S-TRANS	theorem	garble_id	public
GameTheory/Concepts/Transport/Simulation.lean	138	S-TRANS	theorem	garble_comp	public
GameTheory/Concepts/Transport/Simulation.lean	155	S-TRANS	theorem	mono_target	public
GameTheory/Concepts/Transport/Simulation.lean	168	S-TRANS	theorem	mono_source	public
GameTheory/Concepts/Transport/Simulation.lean	181	S-TRANS	theorem	garble	public
GameTheory/Concepts/Transport/Simulation.lean	192	S-TRANS	theorem	refl	public
GameTheory/Concepts/Transport/Simulation.lean	201	S-TRANS	def	Transport.garble	public
GameTheory/Concepts/Transport/Simulation.lean	210	S-TRANS	def	Transport.refl	public
GameTheory/Concepts/Transport/Simulation.lean	220	S-TRANS	def	RelEquivalent	public
GameTheory/Concepts/Transport/Simulation.lean	227	S-TRANS	theorem	garble_id	public
GameTheory/Concepts/Transport/Simulation.lean	234	S-TRANS	theorem	garble_comp	public
GameTheory/Concepts/Transport/Simulation.lean	249	S-TRANS	structure	TransportBisimulation	public
GameTheory/Concepts/Transport/Simulation.lean	266	S-TRANS	def	RelEquivalent	public
GameTheory/Concepts/Transport/Simulation.lean	274	S-TRANS	def	toTransport	public
GameTheory/Concepts/Transport/Simulation.lean	280	S-TRANS	def	toFlipTransport	public
GameTheory/Concepts/Transport/Simulation.lean	286	S-TRANS	def	refl	public
GameTheory/Concepts/Transport/Simulation.lean	298	S-TRANS	def	symm	public
GameTheory/Concepts/Transport/Simulation.lean	306	S-TRANS	theorem	symm_symm	public
GameTheory/Concepts/Transport/Tests.lean	151	S-TRANS	def	zeroOnUnreachableGame	private
GameTheory/Concepts/Transport/Tests.lean	157	S-TRANS	def	nonzeroOnUnreachableGame	private
GameTheory/Concepts/Transport/Tests.lean	163	S-TRANS	def	unreachableOutcomeEUGameIsomorphism	private
GameTheory/Concepts/Transport/Transfer.lean	46	S-TRANS	theorem	Transport.prefSimulates	public
GameTheory/Concepts/Transport/Transfer.lean	63	S-TRANS	theorem	Transport.target_eq_of_source_eq	public
GameTheory/Concepts/Transport/Transfer.lean	75	S-TRANS	theorem	TransportBisimulation.eq_iff	public
GameTheory/Concepts/Transport/Transfer.lean	95	S-TRANS	theorem	observedPref_noParetoBlock_const	public
GameTheory/Concepts/Transport/Transfer.lean	107	S-TRANS	theorem	Transport.target_strongNashEq_of_source_strongNashEq	public
GameTheory/Concepts/Transport/View.lean	47	S-TRANS	structure	ViewFamily	public
GameTheory/Concepts/Transport/View.lean	57	S-TRANS	def	claw	public
GameTheory/Concepts/Transport/View.lean	62	S-TRANS	def	plaw	public
GameTheory/Concepts/Transport/View.lean	65	S-TRANS	theorem	plaw_eq_claw_pure	public
GameTheory/Concepts/Transport/View.lean	71	S-TRANS	def	const	public
GameTheory/Concepts/Transport/View.lean	74	S-TRANS	theorem	const_observe	public
GameTheory/Concepts/Transport/View.lean	81	S-TRANS	def	garble	public
GameTheory/Concepts/Transport/View.lean	85	S-TRANS	theorem	garble_observe	public
GameTheory/Concepts/Transport/View.lean	89	S-TRANS	theorem	garble_id	public
GameTheory/Concepts/Transport/View.lean	94	S-TRANS	theorem	garble_comp	public
GameTheory/Concepts/Transport/View.lean	101	S-TRANS	theorem	claw_garble	public
GameTheory/Concepts/Transport/View.lean	108	S-TRANS	theorem	claw_map_eq_map_of_plaw	public
GameTheory/Concepts/Transport/View.lean	122	S-TRANS	theorem	claw_map_of_plaw	public
GameTheory/Concepts/Transport/View.lean	133	S-TRANS	theorem	claw_bind_profile_map_of_plaw	public
GameTheory/Concepts/Transport/View.lean	158	S-TRANS	def	observedPref	public
GameTheory/Concepts/Welfare/FolkTheorem/Discounting.lean	33	S-WEL	def	cycleAveragePayoff	public
GameTheory/Concepts/Welfare/FolkTheorem/Discounting.lean	38	S-WEL	theorem	cycleAveragePayoff_mem_feasibleSet	public
GameTheory/Concepts/Welfare/FolkTheorem/Discounting.lean	56	S-WEL	def	pureMixedCycle	public
GameTheory/Concepts/Welfare/FolkTheorem/Discounting.lean	62	S-WEL	theorem	mixedExtension_cycleAveragePayoff_pureMixedCycle	public
GameTheory/Concepts/Welfare/FolkTheorem/Discounting.lean	73	S-WEL	theorem	exists_discountFactor_threshold_one_step	public
GameTheory/Concepts/Welfare/FolkTheorem/Discounting.lean	89	S-WEL	theorem	exists_pos_margin_of_mem_strictReservationSet	public
GameTheory/Concepts/Welfare/FolkTheorem/Discounting.lean	110	S-WEL	theorem	exists_pos_margin_of_mem_strictIndividuallyRationalPayoffSet	public
GameTheory/Concepts/Welfare/FolkTheorem/Feasible.lean	28	S-WEL	def	payoffVector	public
GameTheory/Concepts/Welfare/FolkTheorem/Feasible.lean	31	S-WEL	theorem	payoffVector_apply	public
GameTheory/Concepts/Welfare/FolkTheorem/Feasible.lean	36	S-WEL	def	purePayoffSet	public
GameTheory/Concepts/Welfare/FolkTheorem/Feasible.lean	39	S-WEL	theorem	mem_purePayoffSet	public
GameTheory/Concepts/Welfare/FolkTheorem/Feasible.lean	44	S-WEL	def	feasibleSet	public
GameTheory/Concepts/Welfare/FolkTheorem/Feasible.lean	47	S-WEL	theorem	payoffVector_mem_feasibleSet	public
GameTheory/Concepts/Welfare/FolkTheorem/Feasible.lean	53	S-WEL	theorem	exists_fintype_weighted_profiles_of_mem_feasibleSet	public
GameTheory/Concepts/Welfare/FolkTheorem/Feasible.lean	74	S-WEL	theorem	exists_fintype_weighted_profiles_apply_of_mem_feasibleSet	public
GameTheory/Concepts/Welfare/FolkTheorem/Feasible.lean	89	S-WEL	def	weakReservationSet	public
GameTheory/Concepts/Welfare/FolkTheorem/Feasible.lean	93	S-WEL	def	strictReservationSet	public
GameTheory/Concepts/Welfare/FolkTheorem/Feasible.lean	97	S-WEL	def	individuallyRationalPayoffSet	public
GameTheory/Concepts/Welfare/FolkTheorem/Feasible.lean	101	S-WEL	def	strictIndividuallyRationalPayoffSet	public
GameTheory/Concepts/Welfare/FolkTheorem/Feasible.lean	105	S-WEL	def	pureSecurityVector	public
GameTheory/Concepts/Welfare/FolkTheorem/Feasible.lean	111	S-WEL	def	mixedSecurityVector	public
GameTheory/Concepts/Welfare/FolkTheorem/Feasible.lean	115	S-WEL	abbrev	OpponentProfile	public
GameTheory/Concepts/Welfare/FolkTheorem/Feasible.lean	119	S-WEL	def	profileWithOpponent	public
GameTheory/Concepts/Welfare/FolkTheorem/Feasible.lean	127	S-WEL	theorem	profileWithOpponent_self	public
GameTheory/Concepts/Welfare/FolkTheorem/Feasible.lean	132	S-WEL	theorem	profileWithOpponent_ne	public
GameTheory/Concepts/Welfare/FolkTheorem/Feasible.lean	139	S-WEL	theorem	eq_profileWithOpponent_of_forall_ne	public
GameTheory/Concepts/Welfare/FolkTheorem/Feasible.lean	151	S-WEL	def	bestResponseValueAgainstOpponents	public
GameTheory/Concepts/Welfare/FolkTheorem/Feasible.lean	160	S-WEL	def	opponentMinmaxLevel	public
GameTheory/Concepts/Welfare/FolkTheorem/Feasible.lean	164	S-WEL	def	opponentMinmaxVector	public
GameTheory/Concepts/Welfare/FolkTheorem/Feasible.lean	171	S-WEL	theorem	securityLevelSup_le_opponentMinmaxLevel	public
GameTheory/Concepts/Welfare/FolkTheorem/Feasible.lean	203	S-WEL	theorem	exists_opponentProfile_bestResponseValue_lt_add	public
GameTheory/Concepts/Welfare/FolkTheorem/Feasible.lean	216	S-WEL	theorem	eu_profileWithOpponent_le_bestResponseValueAgainstOpponents	public
GameTheory/Concepts/Welfare/FolkTheorem/Feasible.lean	228	S-WEL	theorem	eu_profileWithOpponent_lt_of_bestResponseValue_lt	public
GameTheory/Concepts/Welfare/FolkTheorem/Feasible.lean	239	S-WEL	theorem	exists_approx_punishmentProfiles	public
GameTheory/Concepts/Welfare/FolkTheorem/Feasible.lean	252	S-WEL	theorem	nonempty_mixedExtension_opponentProfile	public
GameTheory/Concepts/Welfare/FolkTheorem/Feasible.lean	259	S-WEL	theorem	finite_mixedExtension_outcome	public
GameTheory/Concepts/Welfare/FolkTheorem/Feasible.lean	266	S-WEL	theorem	nonempty_mixedExtension_strategy	public
GameTheory/Concepts/Welfare/FolkTheorem/Feasible.lean	275	S-WEL	theorem	mixedSecurityVector_le_opponentMinmaxVector	public
GameTheory/Concepts/Welfare/FolkTheorem/Feasible.lean	289	S-WEL	theorem	mixedExtension_payoffVector_pureMixedProfile	public
GameTheory/Concepts/Welfare/FolkTheorem/Feasible.lean	297	S-WEL	theorem	feasibleSet_subset_mixedExtension_feasibleSet	public
GameTheory/Concepts/Welfare/FolkTheorem/Geometry.lean	26	S-WEL	theorem	finite_purePayoffSet	public
GameTheory/Concepts/Welfare/FolkTheorem/Geometry.lean	30	S-WEL	theorem	nonempty_purePayoffSet	public
GameTheory/Concepts/Welfare/FolkTheorem/Geometry.lean	35	S-WEL	theorem	nonempty_feasibleSet	public
GameTheory/Concepts/Welfare/FolkTheorem/Geometry.lean	40	S-WEL	theorem	convex_feasibleSet	public
GameTheory/Concepts/Welfare/FolkTheorem/Geometry.lean	46	S-WEL	theorem	affineSpan_feasibleSet	public
GameTheory/Concepts/Welfare/FolkTheorem/Geometry.lean	51	S-WEL	def	HasFullDimensionalFeasibleSet	public
GameTheory/Concepts/Welfare/FolkTheorem/Geometry.lean	56	S-WEL	theorem	hasFullDimensionalFeasibleSet_iff_interior_nonempty	public
GameTheory/Concepts/Welfare/FolkTheorem/Geometry.lean	65	S-WEL	theorem	intrinsicInterior_feasibleSet_nonempty_iff	public
GameTheory/Concepts/Welfare/FolkTheorem/Geometry.lean	71	S-WEL	theorem	isCompact_feasibleSet	public
GameTheory/Concepts/Welfare/FolkTheorem/Geometry.lean	75	S-WEL	theorem	isClosed_feasibleSet	public
GameTheory/Concepts/Welfare/FolkTheorem/Geometry.lean	79	S-WEL	theorem	convex_weakReservationSet	public
GameTheory/Concepts/Welfare/FolkTheorem/Geometry.lean	90	S-WEL	theorem	convex_strictReservationSet	public
GameTheory/Concepts/Welfare/FolkTheorem/Geometry.lean	115	S-WEL	theorem	isOpen_strictReservationSet	public
GameTheory/Concepts/Welfare/FolkTheorem/Geometry.lean	126	S-WEL	theorem	isClosed_weakReservationSet	public
GameTheory/Concepts/Welfare/FolkTheorem/Geometry.lean	139	S-WEL	theorem	convex_individuallyRationalPayoffSet	public
GameTheory/Concepts/Welfare/FolkTheorem/Geometry.lean	143	S-WEL	theorem	convex_strictIndividuallyRationalPayoffSet	public
GameTheory/Concepts/Welfare/FolkTheorem/Geometry.lean	150	S-WEL	theorem	intrinsicInterior_strictIndividuallyRationalPayoffSet_nonempty_iff	public
GameTheory/Concepts/Welfare/FolkTheorem/Geometry.lean	161	S-WEL	theorem	interior_strictIndividuallyRationalPayoffSet_nonempty_iff	public
GameTheory/Concepts/Welfare/FolkTheorem/Geometry.lean	187	S-WEL	theorem	isClosed_individuallyRationalPayoffSet	public
GameTheory/Concepts/Welfare/FolkTheorem/Geometry.lean	192	S-WEL	theorem	isCompact_individuallyRationalPayoffSet	public
GameTheory/Concepts/Welfare/FolkTheorem/Geometry.lean	198	S-WEL	def	reservationMarginSet	public
GameTheory/Concepts/Welfare/FolkTheorem/Geometry.lean	202	S-WEL	theorem	reservationMarginSet_zero	public
GameTheory/Concepts/Welfare/FolkTheorem/Geometry.lean	209	S-WEL	def	individuallyRationalInnerApproximation	public
GameTheory/Concepts/Welfare/FolkTheorem/Geometry.lean	214	S-WEL	theorem	individuallyRationalInnerApproximation_zero	public
GameTheory/Concepts/Welfare/FolkTheorem/Geometry.lean	220	S-WEL	theorem	convex_reservationMarginSet	public
GameTheory/Concepts/Welfare/FolkTheorem/Geometry.lean	225	S-WEL	theorem	isClosed_reservationMarginSet	public
GameTheory/Concepts/Welfare/FolkTheorem/Geometry.lean	230	S-WEL	theorem	convex_individuallyRationalInnerApproximation	public
GameTheory/Concepts/Welfare/FolkTheorem/Geometry.lean	235	S-WEL	theorem	isCompact_individuallyRationalInnerApproximation	public
GameTheory/Concepts/Welfare/FolkTheorem/Geometry.lean	241	S-WEL	theorem	individuallyRationalInnerApproximation_anti	public
GameTheory/Concepts/Welfare/FolkTheorem/Geometry.lean	252	S-WEL	theorem	individuallyRationalInnerApproximation_subset_strict	public
GameTheory/Concepts/Welfare/FolkTheorem/Geometry.lean	262	S-WEL	theorem	strictIndividuallyRationalPayoffSet_eq_iUnion_innerApproximations	public
GameTheory/Concepts/Welfare/FolkTheorem/Geometry.lean	279	S-WEL	theorem	nonempty_strictIndividuallyRationalPayoffSet_iff_exists_innerApproximation	public
GameTheory/Concepts/Welfare/FolkTheorem/Main.lean	29	S-WEL	def	cycleOfCounts	public
GameTheory/Concepts/Welfare/FolkTheorem/Main.lean	36	S-WEL	theorem	sum_eu_cycleOfCounts	public
GameTheory/Concepts/Welfare/FolkTheorem/Main.lean	54	S-WEL	theorem	exists_cycleAveragePayoff_close_of_mem_feasibleSet	public
GameTheory/Concepts/Welfare/FolkTheorem/Main.lean	162	S-WEL	def	IsDiscountedRepeatedNashPayoff	public
GameTheory/Concepts/Welfare/FolkTheorem/Main.lean	170	S-WEL	def	ApproximableByDiscountedRepeatedNashPayoffs	public
GameTheory/Concepts/Welfare/FolkTheorem/Main.lean	196	S-WEL	theorem	discounted_folk_theorem_approx	public
GameTheory/Concepts/Welfare/FolkTheorem/Periodic.lean	29	S-WEL	def	zmodFinEquiv	public
GameTheory/Concepts/Welfare/FolkTheorem/Periodic.lean	40	S-WEL	theorem	fin_rotate_injective	public
GameTheory/Concepts/Welfare/FolkTheorem/Periodic.lean	61	S-WEL	def	finRotateEquiv	public
GameTheory/Concepts/Welfare/FolkTheorem/Periodic.lean	66	S-WEL	theorem	finRotateEquiv_apply	public
GameTheory/Concepts/Welfare/FolkTheorem/Periodic.lean	71	S-WEL	theorem	sum_fin_rotate	public
GameTheory/Concepts/Welfare/FolkTheorem/Periodic.lean	78	S-WEL	theorem	discountedAveragePayoff_periodicRepeatedProfile_eq	public
GameTheory/Concepts/Welfare/FolkTheorem/Periodic.lean	161	S-WEL	theorem	discountedContinuationPayoff_periodicPath_eq	public
GameTheory/Concepts/Welfare/FolkTheorem/Periodic.lean	186	S-WEL	theorem	exists_discountFactor_threshold_weighted_cycle_average	public
GameTheory/Concepts/Welfare/FolkTheorem/Periodic.lean	228	S-WEL	theorem	exists_common_discountFactor_threshold_of_finite	public
GameTheory/Concepts/Welfare/FolkTheorem/Periodic.lean	254	S-WEL	theorem	exists_discountFactor_threshold_periodic_continuation_close_cycleAverage	public
GameTheory/Concepts/Welfare/FolkTheorem/Periodic.lean	279	S-WEL	theorem	exists_discountFactor_threshold_periodic_all_continuations_close_cycleAverage	public
GameTheory/Concepts/Welfare/FolkTheorem/Trigger.lean	28	S-WEL	theorem	exists_profile_ne_coord	public
GameTheory/Concepts/Welfare/FolkTheorem/Trigger.lean	41	S-WEL	def	profileMismatchPlayer	public
GameTheory/Concepts/Welfare/FolkTheorem/Trigger.lean	45	S-WEL	theorem	profileMismatchPlayer_spec	public
GameTheory/Concepts/Welfare/FolkTheorem/Trigger.lean	52	S-WEL	theorem	profileMismatchPlayer_eq_of_forall_ne_eq	public
GameTheory/Concepts/Welfare/FolkTheorem/Trigger.lean	62	S-WEL	def	historyInit	public
GameTheory/Concepts/Welfare/FolkTheorem/Trigger.lean	66	S-WEL	theorem	historyInit_apply	public
GameTheory/Concepts/Welfare/FolkTheorem/Trigger.lean	77	S-WEL	def	triggerStatus	public
GameTheory/Concepts/Welfare/FolkTheorem/Trigger.lean	97	S-WEL	def	triggerProfileAt	public
GameTheory/Concepts/Welfare/FolkTheorem/Trigger.lean	110	S-WEL	def	triggerRepeatedProfile	public
GameTheory/Concepts/Welfare/FolkTheorem/Trigger.lean	116	S-WEL	theorem	triggerStatus_eq_none_of_history_eq_path	public
GameTheory/Concepts/Welfare/FolkTheorem/Trigger.lean	132	S-WEL	theorem	repeatedPlay_triggerRepeatedProfile_eq_path	public
GameTheory/Concepts/Welfare/FolkTheorem/Trigger.lean	155	S-WEL	theorem	discountedAveragePayoff_triggerRepeatedProfile_eq_path	public
GameTheory/Concepts/Welfare/FolkTheorem/Trigger.lean	166	S-WEL	theorem	discountedAveragePayoff_triggerPeriodicRepeatedProfile_eq	public
GameTheory/Concepts/Welfare/FolkTheorem/Trigger.lean	183	S-WEL	theorem	repeatedPlay_update_triggerRepeatedProfile_ne_of_status_none	public
GameTheory/Concepts/Welfare/FolkTheorem/Trigger.lean	201	S-WEL	theorem	repeatedPlay_update_trigger_eq_path_of_status_none_succ	public
GameTheory/Concepts/Welfare/FolkTheorem/Trigger.lean	248	S-WEL	theorem	repeatedPlay_update_trigger_eq_path_of_forall_status_none	public
GameTheory/Concepts/Welfare/FolkTheorem/Trigger.lean	268	S-WEL	theorem	discountedAveragePayoff_update_trigger_eq_of_forall_status_none	public
GameTheory/Concepts/Welfare/FolkTheorem/Trigger.lean	291	S-WEL	theorem	triggerStatus_update_triggerRepeatedProfile_eq_none_or_self	public
GameTheory/Concepts/Welfare/FolkTheorem/Trigger.lean	346	S-WEL	theorem	triggerStatus_update_trigger_first_fire_or_never	public
GameTheory/Concepts/Welfare/FolkTheorem/Trigger.lean	395	S-WEL	theorem	triggerStatus_update_trigger_some_mono	public
GameTheory/Concepts/Welfare/FolkTheorem/Trigger.lean	438	S-WEL	theorem	repeatedPlay_update_triggerRepeatedProfile_ne_of_status_some	public
GameTheory/Concepts/Welfare/FolkTheorem/Trigger.lean	458	S-WEL	theorem	eu_repeatedPlay_update_trigger_lt_of_status_some	public
GameTheory/Concepts/Welfare/FolkTheorem/Trigger.lean	491	S-WEL	theorem	discountedContinuationPayoff_update_trigger_le_const_of_status_some	public
GameTheory/Concepts/Welfare/FolkTheorem/Trigger.lean	526	S-WEL	theorem	discountedContinuationPayoff_update_trigger_le_path_of_fire	public
GameTheory/Concepts/Welfare/FolkTheorem/Trigger.lean	579	S-WEL	theorem	discountedContinuationPayoff_update_trigger_le_path_of_first_fire	public
GameTheory/Concepts/Welfare/FolkTheorem/Trigger.lean	650	S-WEL	theorem	triggerRepeatedProfile_isDiscountedRepeatedNash	public
GameTheory/Concepts/Welfare/GameMorphism.lean	28	S-WEL	theorem	paretoDominates_iff	public
GameTheory/Concepts/Welfare/GameMorphism.lean	48	S-WEL	theorem	isParetoEfficient_iff	public
GameTheory/Concepts/Welfare/GameMorphism.lean	63	S-WEL	theorem	isIndividuallyRational_iff	public
GameTheory/Concepts/Welfare/GameMorphism.lean	76	S-WEL	theorem	socialWelfare_eq	public
GameTheory/Concepts/Welfare/GameMorphism.lean	86	S-WEL	theorem	optimalWelfare_eq	public
GameTheory/Concepts/Welfare/GameMorphism.lean	101	S-WEL	theorem	bestNashWelfare_eq	public
GameTheory/Concepts/Welfare/GameMorphism.lean	125	S-WEL	theorem	worstNashWelfare_eq	public
GameTheory/Concepts/Welfare/GameMorphism.lean	148	S-WEL	theorem	priceOfAnarchy_eq	public
GameTheory/Concepts/Welfare/GameMorphism.lean	159	S-WEL	theorem	priceOfStability_eq	public
GameTheory/Concepts/Welfare/IndividualRationality.lean	32	S-WEL	theorem	IsIndividuallyRational.mono	public
GameTheory/Concepts/Welfare/IndividualRationality.lean	39	S-WEL	theorem	IsIndividuallyRational.of_pareto_dominates	public
GameTheory/Concepts/Welfare/IndividualRationality.lean	45	S-WEL	theorem	IsIndividuallyRational.sup	public
GameTheory/Concepts/Welfare/PriceOfAnarchy.lean	45	S-WEL	def	optimalWelfare	public
GameTheory/Concepts/Welfare/PriceOfAnarchy.lean	50	S-WEL	theorem	welfare_le_optimal	public
GameTheory/Concepts/Welfare/PriceOfAnarchy.lean	59	S-WEL	theorem	IsTeamGame.pareto_isNash	public
GameTheory/Concepts/Welfare/PriceOfAnarchy.lean	85	S-WEL	def	bestNashWelfare	public
GameTheory/Concepts/Welfare/PriceOfAnarchy.lean	93	S-WEL	def	worstNashWelfare	public
GameTheory/Concepts/Welfare/PriceOfAnarchy.lean	102	S-WEL	theorem	bestNashWelfare_eq_iSup	public
GameTheory/Concepts/Welfare/PriceOfAnarchy.lean	115	S-WEL	theorem	worstNashWelfare_eq_iInf	public
GameTheory/Concepts/Welfare/PriceOfAnarchy.lean	127	S-WEL	theorem	worstNashWelfare_le_bestNashWelfare	public
GameTheory/Concepts/Welfare/PriceOfAnarchy.lean	141	S-WEL	theorem	bestNashWelfare_le_optimalWelfare	public
GameTheory/Concepts/Welfare/PriceOfAnarchy.lean	160	S-WEL	def	priceOfAnarchy	public
GameTheory/Concepts/Welfare/PriceOfAnarchy.lean	167	S-WEL	def	priceOfStability	public
GameTheory/Concepts/Welfare/PriceOfAnarchy.lean	173	S-WEL	theorem	priceOfStability_le_priceOfAnarchy	public
GameTheory/Concepts/Welfare/PriceOfAnarchy.lean	184	S-WEL	theorem	one_le_priceOfStability	public
GameTheory/Concepts/Welfare/PriceOfAnarchy.lean	194	S-WEL	theorem	one_le_priceOfAnarchy	public
GameTheory/Concepts/Welfare/PriceOfAnarchy.lean	204	S-WEL	theorem	IsTeamGame.bestNashWelfare_eq_optimalWelfare	public
GameTheory/Concepts/Welfare/PriceOfAnarchy.lean	230	S-WEL	theorem	IsTeamGame.priceOfStability_eq_one	public
GameTheory/Concepts/Welfare/Smoothness.lean	45	S-WEL	def	IsSmooth	public
GameTheory/Concepts/Welfare/Smoothness.lean	53	S-WEL	theorem	IsSmooth.nash_bound	public
GameTheory/Concepts/Welfare/Smoothness.lean	69	S-WEL	theorem	IsSmooth.epsilonCoarseCorrelated_bound	public
GameTheory/Concepts/Welfare/Smoothness.lean	104	S-WEL	theorem	IsSmooth.coarseCorrelated_bound	public
GameTheory/Concepts/Welfare/Tests.lean	20	S-WEL	def	teamGame	public
GameTheory/Concepts/Welfare/Tests.lean	23	S-WEL	theorem	teamGame_isTeamGame	public
GameTheory/Concepts/Welfare/Tests.lean	27	S-WEL	def	profile	public
GameTheory/Concepts/Welfare/WelfareTheorems.lean	43	S-WEL	theorem	IsTeamGame.socialWelfare_eq	public
GameTheory/Concepts/Welfare/WelfareTheorems.lean	61	S-WEL	theorem	socialWelfare_nonneg_of_nonneg_eu	public
GameTheory/Concepts/Welfare/WelfareTheorems.lean	70	S-WEL	theorem	IsTeamGame.welfareMax_isNash	public
GameTheory/Concepts/Welfare/WelfareTheorems.lean	86	S-WEL	theorem	welfareMax_isParetoEfficient	public
GameTheory/Concepts/Welfare/WelfareTheorems.lean	99	S-WEL	theorem	exists_welfareMax	public
GameTheory/Concepts/Welfare/WelfareTheorems.lean	110	S-WEL	theorem	exists_paretoEfficient	public
GameTheory/Concepts/ZeroSum/CoalitionSecurity.lean	38	S-ZERO	abbrev	CoalitionStrategy	public
GameTheory/Concepts/ZeroSum/CoalitionSecurity.lean	41	S-ZERO	abbrev	ComplementStrategy	public
GameTheory/Concepts/ZeroSum/CoalitionSecurity.lean	44	S-ZERO	abbrev	coalitionOverride	public
GameTheory/Concepts/ZeroSum/CoalitionSecurity.lean	50	S-ZERO	abbrev	CoalitionStrategyEnsuresLaw	public
GameTheory/Concepts/ZeroSum/CoalitionSecurity.lean	55	S-ZERO	abbrev	CoalitionForcesLaw	public
GameTheory/Concepts/ZeroSum/CoalitionSecurity.lean	63	S-ZERO	abbrev	coalitionWorstCase	public
GameTheory/Concepts/ZeroSum/CoalitionSecurity.lean	69	S-ZERO	abbrev	CoalitionForces	public
GameTheory/Concepts/ZeroSum/CoalitionSecurity.lean	73	S-ZERO	def	coalitionUtility	public
GameTheory/Concepts/ZeroSum/CoalitionSecurity.lean	78	S-ZERO	def	CoalitionStrategyGuaranteesEU	public
GameTheory/Concepts/ZeroSum/CoalitionSecurity.lean	84	S-ZERO	def	CoalitionGuaranteesEU	public
GameTheory/Concepts/ZeroSum/CoalitionSecurity.lean	89	S-ZERO	def	CoalitionGuaranteesSum	public
GameTheory/Concepts/ZeroSum/CoalitionSecurity.lean	94	S-ZERO	def	mergeCoalitionWithValue	public
GameTheory/Concepts/ZeroSum/CoalitionSecurity.lean	101	S-ZERO	def	mergeCoalition	public
GameTheory/Concepts/ZeroSum/CoalitionSecurity.lean	105	S-ZERO	theorem	mergeCoalitionWithValue_isZeroSum	public
GameTheory/Concepts/ZeroSum/CoalitionSecurity.lean	112	S-ZERO	theorem	mergeCoalition_isZeroSum	public
GameTheory/Concepts/ZeroSum/CoalitionSecurity.lean	117	S-ZERO	theorem	mergeCoalitionWithValue_Strategy	public
GameTheory/Concepts/ZeroSum/CoalitionSecurity.lean	123	S-ZERO	theorem	mergeCoalitionWithValue_toGameForm	public
GameTheory/Concepts/ZeroSum/CoalitionSecurity.lean	130	S-ZERO	theorem	mergeCoalition_Strategy	public
GameTheory/Concepts/ZeroSum/CoalitionSecurity.lean	133	S-ZERO	theorem	mergeCoalition_toGameForm	public
GameTheory/Concepts/ZeroSum/CoalitionSecurity.lean	138	S-ZERO	def	coalitionProfileEquiv	public
GameTheory/Concepts/ZeroSum/CoalitionSecurity.lean	145	S-ZERO	theorem	coalitionForces_iff_mergeCoalition_forces	public
GameTheory/Concepts/ZeroSum/CoalitionSecurity.lean	152	S-ZERO	theorem	coalitionForcesLaw_iff_mergeCoalition_forcesLaw	public
GameTheory/Concepts/ZeroSum/CoalitionSecurity.lean	159	S-ZERO	theorem	coalitionGuaranteesEU_singleton_iff	public
GameTheory/Concepts/ZeroSum/CoalitionSecurity.lean	197	S-ZERO	theorem	coalitionGuaranteesEU_iff_exists_mergeGuarantees	public
GameTheory/Concepts/ZeroSum/CoalitionSecurity.lean	221	S-ZERO	theorem	coalitionGuaranteesSum_iff_exists_mergeGuarantees	public
GameTheory/Concepts/ZeroSum/ConstantSum.lean	34	S-ZERO	theorem	IsConstantSum.socialWelfare_eq_of_bounded	public
GameTheory/Concepts/ZeroSum/ConstantSum.lean	56	S-ZERO	theorem	IsConstantSum.socialWelfare_eq	public
GameTheory/Concepts/ZeroSum/ConstantSum.lean	66	S-ZERO	theorem	IsConstantSum.eu_determined_of_bounded	public
GameTheory/Concepts/ZeroSum/ConstantSum.lean	77	S-ZERO	theorem	IsConstantSum.eu_determined	public
GameTheory/Concepts/ZeroSum/ConstantSum.lean	87	S-ZERO	theorem	IsZeroSum.isConstantSum_zero	public
GameTheory/Concepts/ZeroSum/ConstantSum.lean	94	S-ZERO	theorem	IsConstantSum.nash_eu_eq_of_bounded	public
GameTheory/Concepts/ZeroSum/ConstantSum.lean	127	S-ZERO	theorem	IsConstantSum.nash_eu_eq	public
GameTheory/Concepts/ZeroSum/ConstantSumCorrelated.lean	36	S-ZERO	theorem	IsConstantSum.correlatedEu_sum_of_bounded	public
GameTheory/Concepts/ZeroSum/ConstantSumCorrelated.lean	64	S-ZERO	theorem	IsConstantSum.correlatedEu_sum	public
GameTheory/Concepts/ZeroSum/ConstantSumCorrelated.lean	73	S-ZERO	theorem	IsConstantSum.coarseCorrelated_eq_eu_eq_nash_of_bounded	public
GameTheory/Concepts/ZeroSum/ConstantSumCorrelated.lean	124	S-ZERO	theorem	IsConstantSum.coarseCorrelated_eq_eu_eq_nash	public
GameTheory/Concepts/ZeroSum/ConstantSumCorrelated.lean	135	S-ZERO	theorem	IsConstantSum.correlated_eq_eu_eq_nash_of_bounded	public
GameTheory/Concepts/ZeroSum/ConstantSumCorrelated.lean	144	S-ZERO	theorem	IsConstantSum.correlated_eq_eu_eq_nash	public
GameTheory/Concepts/ZeroSum/ConstantSumCorrelated.lean	152	S-ZERO	theorem	IsZeroSum.correlated_eq_eu_eq_nash_of_bounded	public
GameTheory/Concepts/ZeroSum/ConstantSumCorrelated.lean	162	S-ZERO	theorem	IsZeroSum.coarseCorrelated_eq_eu_eq_nash_of_bounded	public
GameTheory/Concepts/ZeroSum/ConstantSumCorrelated.lean	172	S-ZERO	theorem	IsZeroSum.correlated_eq_eu_eq_nash	public
GameTheory/Concepts/ZeroSum/ConstantSumCorrelated.lean	180	S-ZERO	theorem	IsZeroSum.coarseCorrelated_eq_eu_eq_nash	public
GameTheory/Concepts/ZeroSum/ConstantSumCorrelated.lean	196	S-ZERO	def	profilePairEquiv	public
GameTheory/Concepts/ZeroSum/ConstantSumCorrelated.lean	220	S-ZERO	theorem	expect_eq_sum_profilePair	public
GameTheory/Concepts/ZeroSum/ConstantSumCorrelated.lean	244	S-ZERO	theorem	correlatedEu_eq_sum_profilePair	public
GameTheory/Concepts/ZeroSum/ConstantSumCorrelated.lean	254	S-ZERO	theorem	update_profile_truePlayer	public
GameTheory/Concepts/ZeroSum/ConstantSumCorrelated.lean	268	S-ZERO	theorem	update_profile_falsePlayer	public
GameTheory/Concepts/ZeroSum/ConstantSumCorrelated.lean	288	S-ZERO	theorem	ce_prob_true_true_ge_true_false	private
GameTheory/Concepts/ZeroSum/ConstantSumCorrelated.lean	306	S-ZERO	theorem	ce_prob_true_false_ge_false_false	private
GameTheory/Concepts/ZeroSum/ConstantSumCorrelated.lean	324	S-ZERO	theorem	ce_prob_false_false_ge_false_true	private
GameTheory/Concepts/ZeroSum/ConstantSumCorrelated.lean	342	S-ZERO	theorem	ce_prob_false_true_ge_true_true	private
GameTheory/Concepts/ZeroSum/ConstantSumCorrelated.lean	360	S-ZERO	theorem	correlated_eq_profile_prob_eq_quarter	public
GameTheory/Concepts/ZeroSum/ConstantSumCorrelated.lean	389	S-ZERO	theorem	correlated_eq_unique	public
GameTheory/Concepts/ZeroSum/ConstantSumCounterexamples.lean	26	S-ZERO	abbrev	Strategy	public
GameTheory/Concepts/ZeroSum/ConstantSumCounterexamples.lean	34	S-ZERO	def	payoff	public
GameTheory/Concepts/ZeroSum/ConstantSumCounterexamples.lean	44	S-ZERO	def	game	public
GameTheory/Concepts/ZeroSum/ConstantSumCounterexamples.lean	48	S-ZERO	def	lowProfile	public
GameTheory/Concepts/ZeroSum/ConstantSumCounterexamples.lean	52	S-ZERO	def	highProfile	public
GameTheory/Concepts/ZeroSum/ConstantSumCounterexamples.lean	55	S-ZERO	theorem	game_isZeroSum	public
GameTheory/Concepts/ZeroSum/ConstantSumCounterexamples.lean	64	S-ZERO	theorem	lowProfile_isNash	public
GameTheory/Concepts/ZeroSum/ConstantSumCounterexamples.lean	69	S-ZERO	theorem	highProfile_isNash	public
GameTheory/Concepts/ZeroSum/ConstantSumCounterexamples.lean	74	S-ZERO	theorem	eu_low_zero	public
GameTheory/Concepts/ZeroSum/ConstantSumCounterexamples.lean	77	S-ZERO	theorem	eu_high_zero	public
GameTheory/Concepts/ZeroSum/ConstantSumCounterexamples.lean	80	S-ZERO	theorem	low_high_player_zero_payoffs_ne	public
GameTheory/Concepts/ZeroSum/ConstantSumCounterexamples.lean	87	S-ZERO	theorem	exists_threePlayer_zeroSum_nash_payoff_not_unique	public
GameTheory/Concepts/ZeroSum/ConstantSumCounterexamples.lean	95	S-ZERO	theorem	exists_threePlayer_zeroSum_correlated_payoff_not_nash_value	public
GameTheory/Concepts/ZeroSum/ConstantSumNash.lean	35	S-ZERO	theorem	IsConstantSum.nash_opponent_deviation_helps_of_bounded	public
GameTheory/Concepts/ZeroSum/ConstantSumNash.lean	49	S-ZERO	theorem	IsConstantSum.nash_opponent_deviation_helps'_of_bounded	public
GameTheory/Concepts/ZeroSum/ConstantSumNash.lean	62	S-ZERO	theorem	IsConstantSum.nash_guarantees_0_of_bounded	public
GameTheory/Concepts/ZeroSum/ConstantSumNash.lean	75	S-ZERO	theorem	IsConstantSum.nash_guarantees_1_of_bounded	public
GameTheory/Concepts/ZeroSum/ConstantSumNash.lean	88	S-ZERO	theorem	IsConstantSum.nash_opponent_deviation_helps	public
GameTheory/Concepts/ZeroSum/ConstantSumNash.lean	100	S-ZERO	theorem	IsConstantSum.nash_opponent_deviation_helps'	public
GameTheory/Concepts/ZeroSum/ConstantSumNash.lean	111	S-ZERO	theorem	IsConstantSum.nash_guarantees_0	public
GameTheory/Concepts/ZeroSum/ConstantSumNash.lean	122	S-ZERO	theorem	IsConstantSum.nash_guarantees_1	public
GameTheory/Concepts/ZeroSum/GameMorphism.lean	30	S-ZERO	theorem	guarantees_iff	public
GameTheory/Concepts/ZeroSum/GameMorphism.lean	50	S-ZERO	theorem	worstCaseEUInf_eq	public
GameTheory/Concepts/ZeroSum/GameMorphism.lean	69	S-ZERO	theorem	securityLevelSup_eq	public
GameTheory/Concepts/ZeroSum/GameMorphism.lean	86	S-ZERO	theorem	isSecurityStrategySup_iff	public
GameTheory/Concepts/ZeroSum/GameMorphism.lean	96	S-ZERO	theorem	isSecurityProfileSup_iff	public
GameTheory/Concepts/ZeroSum/GameMorphism.lean	105	S-ZERO	theorem	mixedWorstCaseEUInf_eq	public
GameTheory/Concepts/ZeroSum/GameMorphism.lean	132	S-ZERO	theorem	mixedSecurityLevel_eq	public
GameTheory/Concepts/ZeroSum/GameMorphism.lean	150	S-ZERO	theorem	worstCaseEU_eq	public
GameTheory/Concepts/ZeroSum/GameMorphism.lean	166	S-ZERO	theorem	securityLevel_eq	public
GameTheory/Concepts/ZeroSum/GameMorphism.lean	192	S-ZERO	theorem	isSecurityStrategy_iff	public
GameTheory/Concepts/ZeroSum/GameMorphism.lean	221	S-ZERO	theorem	isSecurityProfile_iff	public
GameTheory/Concepts/ZeroSum/GameMorphism.lean	248	S-ZERO	theorem	isSaddlePoint_iff	public
GameTheory/Concepts/ZeroSum/MatrixGame.lean	40	S-ZERO	def	IsAntisymmetric	public
GameTheory/Concepts/ZeroSum/MatrixGame.lean	46	S-ZERO	theorem	IsAntisymmetric.diag_zero	public
GameTheory/Concepts/ZeroSum/MatrixGame.lean	53	S-ZERO	def	toKernelGame	public
GameTheory/Concepts/ZeroSum/MatrixGame.lean	57	S-ZERO	theorem	toKernelGame_payoff_row	public
GameTheory/Concepts/ZeroSum/MatrixGame.lean	61	S-ZERO	theorem	toKernelGame_payoff_col	public
GameTheory/Concepts/ZeroSum/MatrixGame.lean	65	S-ZERO	theorem	toKernelGame_eu_row	public
GameTheory/Concepts/ZeroSum/MatrixGame.lean	69	S-ZERO	theorem	toKernelGame_eu_col	public
GameTheory/Concepts/ZeroSum/MatrixGame.lean	75	S-ZERO	theorem	toKernelGame_isZeroSum	public
GameTheory/Concepts/ZeroSum/MatrixGame.lean	86	S-ZERO	def	profilePairEquiv	public
GameTheory/Concepts/ZeroSum/MatrixGame.lean	99	S-ZERO	def	mixedProfile	public
GameTheory/Concepts/ZeroSum/MatrixGame.lean	104	S-ZERO	theorem	mixedProfile_zero	public
GameTheory/Concepts/ZeroSum/MatrixGame.lean	109	S-ZERO	theorem	mixedProfile_one	public
GameTheory/Concepts/ZeroSum/MatrixGame.lean	116	S-ZERO	theorem	mixedExtension_eu_row_eq_expectedPayoff	public
GameTheory/Concepts/ZeroSum/MatrixGame.lean	160	S-ZERO	theorem	mixedExtension_eu_col_eq_neg_expectedPayoff	public
GameTheory/Concepts/ZeroSum/MatrixGame.lean	183	S-ZERO	def	IsSaddlePoint	public
GameTheory/Concepts/ZeroSum/MatrixGame.lean	187	S-ZERO	theorem	IsSaddlePoint.row_le	public
GameTheory/Concepts/ZeroSum/MatrixGame.lean	192	S-ZERO	theorem	IsSaddlePoint.le_col	public
GameTheory/Concepts/ZeroSum/MatrixGame.lean	199	S-ZERO	theorem	update_mixedProfile_row	private
GameTheory/Concepts/ZeroSum/MatrixGame.lean	207	S-ZERO	theorem	update_mixedProfile_col	private
GameTheory/Concepts/ZeroSum/MatrixGame.lean	216	S-ZERO	theorem	mixedNash_iff_isSaddlePoint	public
GameTheory/Concepts/ZeroSum/MatrixGame.lean	254	S-ZERO	theorem	kernel_isSaddlePoint_iff_isSaddlePoint	public
GameTheory/Concepts/ZeroSum/MatrixGame.lean	262	S-ZERO	theorem	support_complementarity_row	public
GameTheory/Concepts/ZeroSum/MatrixGame.lean	311	S-ZERO	theorem	support_complementarity_column	public
GameTheory/Concepts/ZeroSum/MatrixGame.lean	368	S-ZERO	theorem	expectedPayoff_eq_of_forall_support_row	public
GameTheory/Concepts/ZeroSum/MatrixGame.lean	398	S-ZERO	theorem	exists_saddlePoint	public
GameTheory/Concepts/ZeroSum/MatrixGame.lean	421	S-ZERO	theorem	exists_saddlePoint_pair	private
GameTheory/Concepts/ZeroSum/MatrixGame.lean	427	S-ZERO	def	selectedSaddlePoint	private
GameTheory/Concepts/ZeroSum/MatrixGame.lean	431	S-ZERO	theorem	selectedSaddlePoint_isSaddlePoint	private
GameTheory/Concepts/ZeroSum/MatrixGame.lean	439	S-ZERO	def	value	public
GameTheory/Concepts/ZeroSum/MatrixGame.lean	444	S-ZERO	theorem	value_eq_of_saddlePoint	public
GameTheory/Concepts/ZeroSum/MatrixGame.lean	464	S-ZERO	def	RowGuarantees	public
GameTheory/Concepts/ZeroSum/MatrixGame.lean	469	S-ZERO	def	ColumnCaps	public
GameTheory/Concepts/ZeroSum/MatrixGame.lean	473	S-ZERO	def	IsPlayerIGuarantee	public
GameTheory/Concepts/ZeroSum/MatrixGame.lean	478	S-ZERO	def	IsPlayerIIGuarantee	public
GameTheory/Concepts/ZeroSum/MatrixGame.lean	484	S-ZERO	theorem	common_guarantee_eq_value	public
GameTheory/Concepts/ZeroSum/MatrixGame.lean	503	S-ZERO	def	optimalRowStrategies	public
GameTheory/Concepts/ZeroSum/MatrixGame.lean	507	S-ZERO	def	optimalColumnStrategies	public
GameTheory/Concepts/ZeroSum/MatrixGame.lean	512	S-ZERO	theorem	mem_optimalRowStrategies_iff_expectedPayoff_ge	public
GameTheory/Concepts/ZeroSum/MatrixGame.lean	519	S-ZERO	theorem	mem_optimalColumnStrategies_iff_expectedPayoff_le	public
GameTheory/Concepts/ZeroSum/MatrixGame.lean	526	S-ZERO	theorem	optimal_pairs_iff_saddle_point	public
GameTheory/Concepts/ZeroSum/MatrixGame.lean	557	S-ZERO	theorem	optimal_pairs_iff_mixedNash	public
GameTheory/Concepts/ZeroSum/MatrixGame.lean	565	S-ZERO	theorem	optimal_pairs_iff_kernel_saddlePoint	public
GameTheory/Concepts/ZeroSum/MatrixGame.lean	573	S-ZERO	theorem	value_eq_mixedExtension_eu_of_mixedNash	public
GameTheory/Concepts/ZeroSum/MatrixGame.lean	580	S-ZERO	theorem	optimalRowStrategies_nonempty	public
GameTheory/Concepts/ZeroSum/MatrixGame.lean	586	S-ZERO	theorem	optimalColumnStrategies_nonempty	public
GameTheory/Concepts/ZeroSum/MatrixGame.lean	600	S-ZERO	theorem	expectedPayoff_swap_of_antisymmetric	public
GameTheory/Concepts/ZeroSum/MatrixGame.lean	625	S-ZERO	theorem	expectedPayoff_self_eq_zero_of_antisymmetric	public
GameTheory/Concepts/ZeroSum/MatrixGame.lean	638	S-ZERO	theorem	minimax_profile	private
GameTheory/Concepts/ZeroSum/MatrixGame.lean	675	S-ZERO	theorem	antisymmetric_value_zero	public
GameTheory/Concepts/ZeroSum/MatrixGame.lean	707	S-ZERO	theorem	antisymmetric_exists_optimal_strategy	public
GameTheory/Concepts/ZeroSum/MatrixGame.lean	741	S-ZERO	theorem	antisymmetric_exists_column_strategy_payoff_nonpos	public
GameTheory/Concepts/ZeroSum/MatrixGame/Geometry.lean	32	S-ZERO	def	rowVectorPayoff	public
GameTheory/Concepts/ZeroSum/MatrixGame/Geometry.lean	36	S-ZERO	def	columnVectorPayoff	public
GameTheory/Concepts/ZeroSum/MatrixGame/Geometry.lean	45	S-ZERO	theorem	expectedPayoff_eq_sum_rowVectorPayoff	public
GameTheory/Concepts/ZeroSum/MatrixGame/Geometry.lean	64	S-ZERO	theorem	expectedPayoff_eq_sum_columnVectorPayoff	public
GameTheory/Concepts/ZeroSum/MatrixGame/Geometry.lean	77	S-ZERO	theorem	rowGuarantees_iff_forall_rowVectorPayoff	public
GameTheory/Concepts/ZeroSum/MatrixGame/Geometry.lean	97	S-ZERO	theorem	columnCaps_iff_forall_columnVectorPayoff	public
GameTheory/Concepts/ZeroSum/MatrixGame/Geometry.lean	124	S-ZERO	def	optimalRowSet	public
GameTheory/Concepts/ZeroSum/MatrixGame/Geometry.lean	128	S-ZERO	def	optimalColumnSet	public
GameTheory/Concepts/ZeroSum/MatrixGame/Geometry.lean	132	S-ZERO	def	optimalRowHalfspaceSet	public
GameTheory/Concepts/ZeroSum/MatrixGame/Geometry.lean	136	S-ZERO	def	optimalColumnHalfspaceSet	public
GameTheory/Concepts/ZeroSum/MatrixGame/Geometry.lean	139	S-ZERO	theorem	mem_optimalRowSet_iff	public
GameTheory/Concepts/ZeroSum/MatrixGame/Geometry.lean	155	S-ZERO	theorem	optimalRowSet_eq_halfspaceSet	public
GameTheory/Concepts/ZeroSum/MatrixGame/Geometry.lean	160	S-ZERO	theorem	mem_optimalColumnSet_iff	public
GameTheory/Concepts/ZeroSum/MatrixGame/Geometry.lean	176	S-ZERO	theorem	optimalColumnSet_eq_halfspaceSet	public
GameTheory/Concepts/ZeroSum/MatrixGame/Geometry.lean	181	S-ZERO	theorem	optimalRowSet_subset_stdSimplex	public
GameTheory/Concepts/ZeroSum/MatrixGame/Geometry.lean	186	S-ZERO	theorem	optimalColumnSet_subset_stdSimplex	public
GameTheory/Concepts/ZeroSum/MatrixGame/Geometry.lean	191	S-ZERO	theorem	optimalRowSet_convex	public
GameTheory/Concepts/ZeroSum/MatrixGame/Geometry.lean	225	S-ZERO	theorem	optimalColumnSet_convex	public
GameTheory/Concepts/ZeroSum/MatrixGame/Geometry.lean	261	S-ZERO	theorem	continuous_rowVectorPayoff	public
GameTheory/Concepts/ZeroSum/MatrixGame/Geometry.lean	268	S-ZERO	theorem	continuous_columnVectorPayoff	public
GameTheory/Concepts/ZeroSum/MatrixGame/Geometry.lean	274	S-ZERO	theorem	optimalRowSet_isClosed	public
GameTheory/Concepts/ZeroSum/MatrixGame/Geometry.lean	287	S-ZERO	theorem	optimalColumnSet_isClosed	public
GameTheory/Concepts/ZeroSum/MatrixGame/Geometry.lean	300	S-ZERO	theorem	optimalRowSet_isCompact	public
GameTheory/Concepts/ZeroSum/MatrixGame/Geometry.lean	305	S-ZERO	theorem	optimalColumnSet_isCompact	public
GameTheory/Concepts/ZeroSum/MatrixGame/Geometry.lean	310	S-ZERO	theorem	optimalRowSet_image_nonempty	public
GameTheory/Concepts/ZeroSum/MatrixGame/Geometry.lean	315	S-ZERO	theorem	optimalColumnSet_image_nonempty	public
GameTheory/Concepts/ZeroSum/MatrixGame/Geometry.lean	322	S-ZERO	theorem	optimalRowSet_geometry	public
GameTheory/Concepts/ZeroSum/MatrixGame/Geometry.lean	330	S-ZERO	theorem	optimalColumnSet_geometry	public
GameTheory/Concepts/ZeroSum/MatrixGame/Rectangular.lean	33	S-ZERO	abbrev	Rectangular	public
GameTheory/Concepts/ZeroSum/MatrixGame/Rectangular.lean	37	S-ZERO	abbrev	Square	public
GameTheory/Concepts/ZeroSum/MatrixGame/Rectangular.lean	42	S-ZERO	def	bilinearPayoff	public
GameTheory/Concepts/ZeroSum/MatrixGame/Rectangular.lean	46	S-ZERO	def	simplexPayoff	public
GameTheory/Concepts/ZeroSum/MatrixGame/Rectangular.lean	52	S-ZERO	def	expectedPayoff	public
GameTheory/Concepts/ZeroSum/MatrixGame/Rectangular.lean	58	S-ZERO	theorem	expectedPayoff_eq_bilinearPayoff_toVector	public
GameTheory/Concepts/ZeroSum/MatrixGame/Rectangular.lean	74	S-ZERO	theorem	expectedPayoff_eq_simplexPayoff	public
GameTheory/Concepts/ZeroSum/MatrixGame/Rectangular.lean	83	S-ZERO	def	rowPayoff	public
GameTheory/Concepts/ZeroSum/MatrixGame/Rectangular.lean	87	S-ZERO	def	columnPayoff	public
GameTheory/Concepts/ZeroSum/MatrixGame/Rectangular.lean	91	S-ZERO	theorem	bilinearPayoff_eq_sum_rowPayoff	public
GameTheory/Concepts/ZeroSum/MatrixGame/Rectangular.lean	98	S-ZERO	theorem	bilinearPayoff_eq_sum_columnPayoff	public
GameTheory/Concepts/ZeroSum/MatrixGame/Rectangular.lean	111	S-ZERO	theorem	continuous_bilinearPayoff_left	public
GameTheory/Concepts/ZeroSum/MatrixGame/Rectangular.lean	117	S-ZERO	theorem	continuous_bilinearPayoff_right	public
GameTheory/Concepts/ZeroSum/MatrixGame/Rectangular.lean	126	S-ZERO	theorem	expectedPayoff_pure_row	public
GameTheory/Concepts/ZeroSum/MatrixGame/Rectangular.lean	139	S-ZERO	theorem	expectedPayoff_pure_col	public
GameTheory/Concepts/ZeroSum/MatrixGame/Rectangular.lean	159	S-ZERO	def	maxRowPayoff	public
GameTheory/Concepts/ZeroSum/MatrixGame/Rectangular.lean	163	S-ZERO	theorem	rowPayoff_le_maxRowPayoff	public
GameTheory/Concepts/ZeroSum/MatrixGame/Rectangular.lean	168	S-ZERO	theorem	bilinearPayoff_le_maxRowPayoff	public
GameTheory/Concepts/ZeroSum/MatrixGame/Rectangular.lean	180	S-ZERO	theorem	exists_bilinearPayoff_eq_maxRowPayoff	public
GameTheory/Concepts/ZeroSum/MatrixGame/Rectangular.lean	195	S-ZERO	theorem	continuous_maxRowPayoff	public
GameTheory/Concepts/ZeroSum/MatrixGame/Rectangular.lean	208	S-ZERO	def	minColumnPayoff	public
GameTheory/Concepts/ZeroSum/MatrixGame/Rectangular.lean	212	S-ZERO	theorem	minColumnPayoff_le_columnPayoff	public
GameTheory/Concepts/ZeroSum/MatrixGame/Rectangular.lean	218	S-ZERO	theorem	minColumnPayoff_le_bilinearPayoff	public
GameTheory/Concepts/ZeroSum/MatrixGame/Rectangular.lean	232	S-ZERO	theorem	exists_bilinearPayoff_eq_minColumnPayoff	public
GameTheory/Concepts/ZeroSum/MatrixGame/Rectangular.lean	247	S-ZERO	theorem	continuous_minColumnPayoff	public
GameTheory/Concepts/ZeroSum/MatrixGame/StrongComplementarity.lean	29	S-ZERO	theorem	shifted_value_pos	private
GameTheory/Concepts/ZeroSum/MatrixGame/StrongComplementarity.lean	43	S-ZERO	theorem	exists_strong_complementary_optimal_pair	public
GameTheory/Concepts/ZeroSum/Minimax.lean	46	S-ZERO	def	IsSaddlePoint	public
GameTheory/Concepts/ZeroSum/Minimax.lean	51	S-ZERO	theorem	isSaddlePoint_iff_isNash	public
GameTheory/Concepts/ZeroSum/Minimax.lean	64	S-ZERO	theorem	guarantees_iff_worstCaseEUInf_ge	public
GameTheory/Concepts/ZeroSum/Minimax.lean	79	S-ZERO	theorem	guarantees_iff_worstCaseEU_ge	public
GameTheory/Concepts/ZeroSum/Minimax.lean	96	S-ZERO	theorem	coalitionGuaranteesEU_singleton_iff_exists_worstCaseEUInf_ge	public
GameTheory/Concepts/ZeroSum/Minimax.lean	114	S-ZERO	theorem	coalitionGuaranteesEU_singleton_le_securityLevelSup	public
GameTheory/Concepts/ZeroSum/Minimax.lean	128	S-ZERO	theorem	coalitionGuaranteesEU_singleton_iff_le_securityLevel	public
GameTheory/Concepts/ZeroSum/Minimax.lean	150	S-ZERO	theorem	IsZeroSum.isSecureEq_iff_isNash	public
GameTheory/Concepts/ZeroSum/Minimax.lean	200	S-ZERO	theorem	mixedExtension_isZeroSum	public
GameTheory/Concepts/ZeroSum/Minimax.lean	208	S-ZERO	theorem	IsZeroSum.nash_p0_optimal_of_bounded	public
GameTheory/Concepts/ZeroSum/Minimax.lean	219	S-ZERO	theorem	IsZeroSum.nash_p0_optimal	public
GameTheory/Concepts/ZeroSum/Minimax.lean	230	S-ZERO	theorem	nash_p0_cap	public
GameTheory/Concepts/ZeroSum/Minimax.lean	238	S-ZERO	theorem	IsZeroSum.nash_eu_eq_of_bounded	public
GameTheory/Concepts/ZeroSum/Minimax.lean	247	S-ZERO	theorem	IsZeroSum.nash_eu_eq	public
GameTheory/Concepts/ZeroSum/Minimax.lean	263	S-ZERO	theorem	von_neumann_minimax_of_bounded	public
GameTheory/Concepts/ZeroSum/Minimax.lean	286	S-ZERO	theorem	von_neumann_minimax	public
GameTheory/Concepts/ZeroSum/Minimax.lean	302	S-ZERO	theorem	IsZeroSum.nash_interchangeable_of_bounded	public
GameTheory/Concepts/ZeroSum/Minimax.lean	349	S-ZERO	theorem	IsZeroSum.nash_interchangeable	public
GameTheory/Concepts/ZeroSum/SecurityStrategy.lean	52	S-ZERO	def	Guarantees	public
GameTheory/Concepts/ZeroSum/SecurityStrategy.lean	57	S-ZERO	theorem	Guarantees.mono	public
GameTheory/Concepts/ZeroSum/SecurityStrategy.lean	72	S-ZERO	def	worstCaseEUInf	public
GameTheory/Concepts/ZeroSum/SecurityStrategy.lean	81	S-ZERO	def	securityLevelSup	public
GameTheory/Concepts/ZeroSum/SecurityStrategy.lean	86	S-ZERO	def	IsSecurityStrategySup	public
GameTheory/Concepts/ZeroSum/SecurityStrategy.lean	90	S-ZERO	def	IsSecurityProfileSup	public
GameTheory/Concepts/ZeroSum/SecurityStrategy.lean	96	S-ZERO	theorem	worstCaseEUInf_le	public
GameTheory/Concepts/ZeroSum/SecurityStrategy.lean	106	S-ZERO	theorem	worstCaseEUInf_guarantees	public
GameTheory/Concepts/ZeroSum/SecurityStrategy.lean	116	S-ZERO	theorem	IsSecurityStrategySup.guarantees	public
GameTheory/Concepts/ZeroSum/SecurityStrategy.lean	129	S-ZERO	theorem	nash_eu_ge_securityLevelSup	public
GameTheory/Concepts/ZeroSum/SecurityStrategy.lean	145	S-ZERO	theorem	IsDominant.eu_ge_securityLevelSup	public
GameTheory/Concepts/ZeroSum/SecurityStrategy.lean	165	S-ZERO	theorem	le_securityLevelSup_of_forall_eu_ge	public
GameTheory/Concepts/ZeroSum/SecurityStrategy.lean	180	S-ZERO	def	mixedWorstCaseEUInf	public
GameTheory/Concepts/ZeroSum/SecurityStrategy.lean	186	S-ZERO	def	mixedSecurityLevel	public
GameTheory/Concepts/ZeroSum/SecurityStrategy.lean	193	S-ZERO	theorem	securityLevelSup_le_mixedSecurityLevel	public
GameTheory/Concepts/ZeroSum/SecurityStrategy.lean	209	S-ZERO	theorem	nash_eu_ge_mixedSecurityLevel	public
GameTheory/Concepts/ZeroSum/SecurityStrategy.lean	236	S-ZERO	def	worstCaseEU	public
GameTheory/Concepts/ZeroSum/SecurityStrategy.lean	243	S-ZERO	theorem	worstCaseEU_le	public
GameTheory/Concepts/ZeroSum/SecurityStrategy.lean	252	S-ZERO	theorem	worstCaseEU_guarantees	public
GameTheory/Concepts/ZeroSum/SecurityStrategy.lean	259	S-ZERO	theorem	worstCaseEU_eq_worstCaseEUInf	public
GameTheory/Concepts/ZeroSum/SecurityStrategy.lean	270	S-ZERO	def	securityLevel	public
GameTheory/Concepts/ZeroSum/SecurityStrategy.lean	278	S-ZERO	theorem	securityLevel_eq_securityLevelSup	public
GameTheory/Concepts/ZeroSum/SecurityStrategy.lean	288	S-ZERO	def	IsSecurityStrategy	public
GameTheory/Concepts/ZeroSum/SecurityStrategy.lean	295	S-ZERO	def	IsSecurityProfile	public
GameTheory/Concepts/ZeroSum/SecurityStrategy.lean	300	S-ZERO	theorem	IsSecurityStrategy.guarantees	public
GameTheory/Concepts/ZeroSum/SecurityStrategy.lean	310	S-ZERO	theorem	IsSecurityProfile.guarantees	public
GameTheory/Concepts/ZeroSum/SecurityStrategy.lean	317	S-ZERO	theorem	nash_eu_ge_securityLevel	public
GameTheory/Concepts/ZeroSum/SecurityStrategy.lean	330	S-ZERO	theorem	IsDominant.eu_ge_securityLevel	public
GameTheory/Concepts/ZeroSum/SecurityStrategy.lean	346	S-ZERO	theorem	le_securityLevel_of_forall_eu_ge	public
GameTheory/Concepts/ZeroSum/SecurityStrategy.lean	359	S-ZERO	theorem	exists_securityStrategy	public
GameTheory/Concepts/ZeroSum/SecurityStrategy.lean	369	S-ZERO	theorem	exists_isSecurityStrategy	public
GameTheory/Concepts/ZeroSum/SecurityStrategy.lean	376	S-ZERO	theorem	exists_securityProfile	public
GameTheory/Concepts/ZeroSum/ZeroSum.lean	29	S-ZERO	theorem	IsZeroSum.socialWelfare_eq_zero_of_bounded	public
GameTheory/Concepts/ZeroSum/ZeroSum.lean	36	S-ZERO	theorem	IsZeroSum.socialWelfare_eq_zero	public
GameTheory/Concepts/ZeroSum/ZeroSum.lean	42	S-ZERO	theorem	IsZeroSum.eu_neg_of_bounded	public
GameTheory/Concepts/ZeroSum/ZeroSum.lean	51	S-ZERO	theorem	IsZeroSum.eu_neg	public
GameTheory/Concepts/ZeroSum/ZeroSumNash.lean	38	S-ZERO	theorem	IsZeroSum.eu_sum_zero_of_bounded	public
GameTheory/Concepts/ZeroSum/ZeroSumNash.lean	47	S-ZERO	theorem	IsZeroSum.eu_sum_zero	public
GameTheory/Concepts/ZeroSum/ZeroSumNash.lean	57	S-ZERO	theorem	IsConstantSum.eu_sum_of_bounded	public
GameTheory/Concepts/ZeroSum/ZeroSumNash.lean	66	S-ZERO	theorem	IsConstantSum.eu_sum	public
GameTheory/Concepts/ZeroSum/ZeroSumNash.lean	76	S-ZERO	theorem	IsZeroSum.eu_nonneg_iff_nonpos_of_bounded	public
GameTheory/Concepts/ZeroSum/ZeroSumNash.lean	87	S-ZERO	theorem	IsZeroSum.eu_nonneg_iff_nonpos	public
GameTheory/Concepts/ZeroSum/ZeroSumNash.lean	98	S-ZERO	theorem	IsZeroSum.deviation_eu_neg_of_bounded	public
GameTheory/Concepts/ZeroSum/ZeroSumNash.lean	111	S-ZERO	theorem	IsZeroSum.deviation_eu_neg	public
GameTheory/Congestion/AffinePoA.lean	39	P-CONG	structure	IsAffine	public
GameTheory/Congestion/AffinePoA.lean	45	P-CONG	theorem	IsAffine.delay_mono	public
GameTheory/Congestion/AffinePoA.lean	55	P-CONG	theorem	ck_inequality	public
GameTheory/Congestion/AffinePoA.lean	76	P-CONG	theorem	sum_deviation_cost_le	public
GameTheory/Congestion/AffinePoA.lean	119	P-CONG	theorem	socialWelfare_toKernelGame	public
GameTheory/Congestion/AffinePoA.lean	127	P-CONG	theorem	isSmooth_of_isAffine	public
GameTheory/Congestion/AffinePoA.lean	144	P-CONG	theorem	socialCost_nash_le	public
GameTheory/Congestion/AffinePoA.lean	158	P-CONG	theorem	correlated_socialCost_le	public
GameTheory/Congestion/Basic.lean	56	P-CONG	structure	CongestionGame	public
GameTheory/Congestion/Basic.lean	72	P-CONG	abbrev	Profile	public
GameTheory/Congestion/Basic.lean	76	P-CONG	def	congestion	public
GameTheory/Congestion/Basic.lean	84	P-CONG	def	usedResources	public
GameTheory/Congestion/Basic.lean	89	P-CONG	theorem	mem_usedResources	public
GameTheory/Congestion/Basic.lean	94	P-CONG	theorem	resources_subset_usedResources	public
GameTheory/Congestion/Basic.lean	100	P-CONG	theorem	congestion_eq_zero_of_not_mem_usedResources	public
GameTheory/Congestion/Basic.lean	109	P-CONG	def	playerCost	public
GameTheory/Congestion/Basic.lean	114	P-CONG	def	socialCost	public
GameTheory/Congestion/Basic.lean	122	P-CONG	def	toKernelGame	public
GameTheory/Congestion/Basic.lean	125	P-CONG	theorem	eu_toKernelGame	public
GameTheory/Congestion/Basic.lean	131	P-CONG	def	congestionWithout	public
GameTheory/Congestion/Basic.lean	137	P-CONG	theorem	congestion_decompose	public
GameTheory/Congestion/Basic.lean	159	P-CONG	theorem	congestionWithout_update	public
GameTheory/Congestion/Basic.lean	171	P-CONG	theorem	congestion_update	public
GameTheory/Congestion/Basic.lean	182	P-CONG	theorem	congestion_le_congestionWithout_add_one	public
GameTheory/Congestion/Basic.lean	190	P-CONG	theorem	congestionWithout_le_congestion	public
GameTheory/Congestion/Basic.lean	199	P-CONG	theorem	sum_players_sum_resources	public
GameTheory/Congestion/Basic.lean	218	P-CONG	theorem	sum_congestion_mul_subset	public
GameTheory/Congestion/Basic.lean	229	P-CONG	theorem	socialCost_eq_sum_load_delay	public
GameTheory/Congestion/Examples.lean	47	P-CONG	theorem	congestion_two	public
GameTheory/Congestion/Examples.lean	63	P-CONG	abbrev	pigou	public
GameTheory/Congestion/Examples.lean	69	P-CONG	theorem	pigou_isAffine	public
GameTheory/Congestion/Examples.lean	78	P-CONG	theorem	pigou_both_isNash	public
GameTheory/Congestion/Examples.lean	90	P-CONG	theorem	pigou_socialCost_both	public
GameTheory/Congestion/Examples.lean	95	P-CONG	theorem	pigou_socialCost_split	public
GameTheory/Congestion/Examples.lean	100	P-CONG	theorem	pigou_split_optimal	public
GameTheory/Congestion/Examples.lean	111	P-CONG	theorem	pigou_poa_witness	public
GameTheory/Congestion/Examples.lean	129	P-CONG	abbrev	braessDelay	public
GameTheory/Congestion/Examples.lean	133	P-CONG	abbrev	braessRestricted	public
GameTheory/Congestion/Examples.lean	140	P-CONG	abbrev	braessAugmented	public
GameTheory/Congestion/Examples.lean	147	P-CONG	theorem	braessRestricted_split_isNash	public
GameTheory/Congestion/Examples.lean	161	P-CONG	theorem	braessRestricted_socialCost_split	public
GameTheory/Congestion/Examples.lean	169	P-CONG	theorem	braessAugmented_both_isNash	public
GameTheory/Congestion/Examples.lean	183	P-CONG	theorem	braessAugmented_socialCost_both	public
GameTheory/Congestion/Examples.lean	191	P-CONG	theorem	braessAugmented_split_not_isNash	public
GameTheory/Congestion/Examples.lean	204	P-CONG	theorem	braess_socialCost_increases	public
GameTheory/Congestion/Rosenthal.lean	40	P-CONG	def	potential	public
GameTheory/Congestion/Rosenthal.lean	47	P-CONG	theorem	isExactPotential	public
GameTheory/Congestion/Rosenthal.lean	113	P-CONG	theorem	nash_exists	public
GameTheory/Congestion/Rosenthal.lean	122	P-CONG	theorem	no_infinite_improving_path	public
GameTheory/Congestion/Rosenthal.lean	132	P-CONG	theorem	weaklyAcyclic	public
GameTheory/Cooperative/Bargaining.lean	53	P-BARG	structure	BargainingProblem	public
GameTheory/Cooperative/Bargaining.lean	66	P-BARG	def	IsIR	public
GameTheory/Cooperative/Bargaining.lean	72	P-BARG	def	IsPareto	public
GameTheory/Cooperative/Bargaining.lean	77	P-BARG	def	IsWeaklyPareto	public
GameTheory/Cooperative/Bargaining.lean	81	P-BARG	theorem	isWeaklyPareto_of_isPareto	public
GameTheory/Cooperative/Bargaining.lean	89	P-BARG	def	IsNashSolution	public
GameTheory/Cooperative/Bargaining.lean	95	P-BARG	theorem	nashSolution_IR	public
GameTheory/Cooperative/Bargaining.lean	103	P-BARG	theorem	nashSolution_weaklyPareto	public
GameTheory/Cooperative/Bargaining.lean	127	P-BARG	def	IsSymmetric	public
GameTheory/Cooperative/Bargaining.lean	133	P-BARG	theorem	nashSolution_symmetric	public
GameTheory/Cooperative/Bargaining.lean	169	P-BARG	def	posAffineMap	public
GameTheory/Cooperative/Bargaining.lean	182	P-BARG	theorem	posAffineMap_feasible_image	public
GameTheory/Cooperative/Bargaining.lean	191	P-BARG	theorem	posAffineMap_isIR_image	public
GameTheory/Cooperative/Bargaining.lean	202	P-BARG	theorem	nashSolution_affine_invariant	public
GameTheory/Cooperative/Bargaining.lean	243	P-BARG	def	IsEgalitarian	public
GameTheory/Cooperative/Bargaining.lean	248	P-BARG	theorem	egalitarian_IR	public
GameTheory/Cooperative/Bargaining.lean	252	P-BARG	theorem	egalitarian_equal_gain	public
GameTheory/Cooperative/Bargaining.lean	258	P-BARG	theorem	egalitarian_maximal	public
GameTheory/Cooperative/Bargaining.lean	266	P-BARG	theorem	nashSolution_le_egalitarian	public
GameTheory/Cooperative/Bargaining.lean	286	P-BARG	def	IsIdealPoint	public
GameTheory/Cooperative/Bargaining.lean	296	P-BARG	def	IsKalaiSmorodinskyRelativeTo	public
GameTheory/Cooperative/Bargaining.lean	303	P-BARG	def	IsKalaiSmorodinsky	public
GameTheory/Cooperative/Bargaining.lean	307	P-BARG	theorem	kalaiSmorodinskyRelativeTo_IR	public
GameTheory/Cooperative/Bargaining.lean	312	P-BARG	theorem	kalaiSmorodinskyRelativeTo_pareto	public
GameTheory/Cooperative/Bargaining.lean	318	P-BARG	theorem	kalaiSmorodinskyRelativeTo_proportional	public
GameTheory/Cooperative/Bargaining.lean	326	P-BARG	theorem	kalaiSmorodinskyRelativeTo_symmetric	public
GameTheory/Cooperative/Bargaining.lean	340	P-BARG	theorem	kalaiSmorodinskyRelativeTo_affine_invariant	public
GameTheory/Cooperative/Bargaining.lean	367	P-BARG	theorem	kalaiSmorodinsky_le_ideal	public
GameTheory/Cooperative/Bargaining.lean	386	P-BARG	theorem	kalaiSmorodinsky_monotone	public
GameTheory/Cooperative/Bargaining.lean	411	P-BARG	theorem	kalaiSmorodinsky_relativeTo_unique	public
GameTheory/Cooperative/CoalitionalGame/Additive.lean	30	P-COAL	def	additiveGame	public
GameTheory/Cooperative/CoalitionalGame/Additive.lean	35	P-COAL	theorem	additiveGame_v	public
GameTheory/Cooperative/CoalitionalGame/Additive.lean	45	P-COAL	theorem	additiveGame_isCore	public
GameTheory/Cooperative/CoalitionalGame/Additive.lean	51	P-COAL	theorem	additiveGame_core_eq	public
GameTheory/Cooperative/CoalitionalGame/Additive.lean	71	P-COAL	theorem	additiveGame_marginalContribution	public
GameTheory/Cooperative/CoalitionalGame/Additive.lean	81	P-COAL	theorem	additiveGame_eq_gameSum	public
GameTheory/Cooperative/CoalitionalGame/Additive.lean	104	P-COAL	theorem	additiveGame_probabilisticBanzhafValue	public
GameTheory/Cooperative/CoalitionalGame/Additive.lean	132	P-COAL	theorem	additiveGame_shapleyValue	public
GameTheory/Cooperative/CoalitionalGame/Additive.lean	161	P-COAL	theorem	sum_shapleyWeights	public
GameTheory/Cooperative/CoalitionalGame/Additive.lean	196	P-COAL	def	majorityGame3	public
GameTheory/Cooperative/CoalitionalGame/Additive.lean	200	P-COAL	theorem	majorityGame3_isSimple	public
GameTheory/Cooperative/CoalitionalGame/Additive.lean	225	P-COAL	theorem	majorityGame3_areSymmetric	public
GameTheory/Cooperative/CoalitionalGame/Additive.lean	233	P-COAL	theorem	majorityGame3_shapleyValue	public
GameTheory/Cooperative/CoalitionalGame/Banzhaf.lean	34	P-COAL	def	probabilisticBanzhafValue	public
GameTheory/Cooperative/CoalitionalGame/Banzhaf.lean	39	P-COAL	theorem	probabilisticBanzhafValue_null	public
GameTheory/Cooperative/CoalitionalGame/Banzhaf.lean	52	P-COAL	theorem	filter_notMem_eq_powerset_compl	public
GameTheory/Cooperative/CoalitionalGame/Banzhaf.lean	61	P-COAL	theorem	card_filter_notMem	public
GameTheory/Cooperative/CoalitionalGame/Banzhaf.lean	69	P-COAL	theorem	probabilisticBanzhafValue_additive	public
GameTheory/Cooperative/CoalitionalGame/Banzhaf.lean	79	P-COAL	theorem	probabilisticBanzhafValue_scalar	public
GameTheory/Cooperative/CoalitionalGame/Banzhaf.lean	96	P-COAL	structure	IsSimpleGame	public
GameTheory/Cooperative/CoalitionalGame/Banzhaf.lean	108	P-COAL	def	shapleyShubikIndex	public
GameTheory/Cooperative/CoalitionalGame/Banzhaf.lean	113	P-COAL	theorem	shapleyShubikIndex_sum_eq_one	public
GameTheory/Cooperative/CoalitionalGame/Banzhaf.lean	119	P-COAL	theorem	shapleyShubikIndex_null	public
GameTheory/Cooperative/CoalitionalGame/Banzhaf.lean	126	P-COAL	theorem	unanimityGame_singleton_probabilisticBanzhafValue	public
GameTheory/Cooperative/CoalitionalGame/Bondareva.lean	46	P-COAL	def	IsBalancedCollection	public
GameTheory/Cooperative/CoalitionalGame/Bondareva.lean	51	P-COAL	def	IsBalanced	public
GameTheory/Cooperative/CoalitionalGame/Bondareva.lean	59	P-COAL	theorem	IsCore.isBalanced	public
GameTheory/Cooperative/CoalitionalGame/Convex.lean	35	P-COAL	def	IsConvex	public
GameTheory/Cooperative/CoalitionalGame/Convex.lean	40	P-COAL	def	HasMonotoneMarginals	public
GameTheory/Cooperative/CoalitionalGame/Convex.lean	47	P-COAL	theorem	IsConvex.hasMonotoneMarginals	public
GameTheory/Cooperative/CoalitionalGame/Convex.lean	72	P-COAL	theorem	augment_monotone	private
GameTheory/Cooperative/CoalitionalGame/Convex.lean	102	P-COAL	theorem	HasMonotoneMarginals.isConvex	public
GameTheory/Cooperative/CoalitionalGame/Convex.lean	119	P-COAL	theorem	isConvex_iff_hasMonotoneMarginals	public
GameTheory/Cooperative/CoalitionalGame/Convex.lean	124	P-COAL	theorem	IsConvex.gameAdd	public
GameTheory/Cooperative/CoalitionalGame/Convex.lean	135	P-COAL	theorem	IsConvex.gameScalar	public
GameTheory/Cooperative/CoalitionalGame/Convex.lean	149	P-COAL	theorem	unanimityGame_shapleyValue	public
GameTheory/Cooperative/CoalitionalGame/Convex.lean	155	P-COAL	theorem	unanimityGame_shapleyValue_isCore	public
GameTheory/Cooperative/CoalitionalGame/Convex.lean	194	P-COAL	theorem	gameScalar_shapleyValue_isCore	public
GameTheory/Cooperative/CoalitionalGame/Convex.lean	203	P-COAL	theorem	decompTerm_shapleyValue_isCore_of_nonneg_unanimityCoeff	public
GameTheory/Cooperative/CoalitionalGame/Convex.lean	218	P-COAL	theorem	shapleyValue_isCore_of_nonneg_unanimityCoeff	public
GameTheory/Cooperative/CoalitionalGame/Convex.lean	244	P-COAL	theorem	unanimityGame_isConvex	public
GameTheory/Cooperative/CoalitionalGame/Convex.lean	278	P-COAL	def	predOrder	public
GameTheory/Cooperative/CoalitionalGame/Convex.lean	283	P-COAL	def	margVec	public
GameTheory/Cooperative/CoalitionalGame/Convex.lean	288	P-COAL	theorem	notMem_predOrder	public
GameTheory/Cooperative/CoalitionalGame/Convex.lean	296	P-COAL	theorem	telescope	public
GameTheory/Cooperative/CoalitionalGame/Convex.lean	355	P-COAL	theorem	margVec_sum	public
GameTheory/Cooperative/CoalitionalGame/Convex.lean	362	P-COAL	theorem	card_orderings_pos	public
GameTheory/Cooperative/CoalitionalGame/Convex.lean	371	P-COAL	def	orderingAvg	public
GameTheory/Cooperative/CoalitionalGame/Convex.lean	376	P-COAL	theorem	orderingAvg_efficient	public
GameTheory/Cooperative/CoalitionalGame/Convex.lean	387	P-COAL	theorem	orderingAvg_null	public
GameTheory/Cooperative/CoalitionalGame/Convex.lean	397	P-COAL	theorem	orderingAvg_additive	public
GameTheory/Cooperative/CoalitionalGame/Convex.lean	412	P-COAL	theorem	v_image_swap	public
GameTheory/Cooperative/CoalitionalGame/Convex.lean	461	P-COAL	theorem	margVec_trans_swap	public
GameTheory/Cooperative/CoalitionalGame/Convex.lean	488	P-COAL	theorem	orderingAvg_symmetric	public
GameTheory/Cooperative/CoalitionalGame/Convex.lean	510	P-COAL	theorem	orderingAvg_eq_shapleyValue	public
GameTheory/Cooperative/CoalitionalGame/Convex.lean	521	P-COAL	theorem	margVec_coalition_ge	public
GameTheory/Cooperative/CoalitionalGame/Convex.lean	536	P-COAL	theorem	shapleyValue_isCore_of_isConvex	public
GameTheory/Cooperative/CoalitionalGame/Core.lean	17	P-COAL	structure	CoalGame	public
GameTheory/Cooperative/CoalitionalGame/Core.lean	28	P-COAL	theorem	ext	public
GameTheory/Cooperative/CoalitionalGame/Core.lean	32	P-COAL	def	marginalContribution	public
GameTheory/Cooperative/CoalitionalGame/Core.lean	37	P-COAL	def	IsNull	public
GameTheory/Cooperative/CoalitionalGame/Core.lean	45	P-COAL	def	shapleyValue	public
GameTheory/Cooperative/CoalitionalGame/Core.lean	51	P-COAL	def	IsCore	public
GameTheory/Cooperative/CoalitionalGame/Core.lean	56	P-COAL	theorem	IsCore.efficient	public
GameTheory/Cooperative/CoalitionalGame/Core.lean	61	P-COAL	theorem	IsCore.coalition_rational	public
GameTheory/Cooperative/CoalitionalGame/Core.lean	66	P-COAL	theorem	IsCore.convex_combination	public
GameTheory/Cooperative/CoalitionalGame/Core.lean	92	P-COAL	theorem	IsCore.individually_rational	public
GameTheory/Cooperative/CoalitionalGame/Core.lean	98	P-COAL	theorem	shapleyValue_null	public
GameTheory/Cooperative/CoalitionalGame/Core.lean	109	P-COAL	def	gameAdd	public
GameTheory/Cooperative/CoalitionalGame/Core.lean	118	P-COAL	theorem	shapleyValue_additive	public
GameTheory/Cooperative/CoalitionalGame/Core.lean	130	P-COAL	def	AreSymmetric	public
GameTheory/Cooperative/CoalitionalGame/Core.lean	135	P-COAL	theorem	marginalContribution_eq_of_symmetric	public
GameTheory/Cooperative/CoalitionalGame/Core.lean	143	P-COAL	def	gameScalar	public
GameTheory/Cooperative/CoalitionalGame/Core.lean	148	P-COAL	theorem	gameScalar_isNull	public
GameTheory/Cooperative/CoalitionalGame/Core.lean	157	P-COAL	theorem	gameScalar_areSymmetric	public
GameTheory/Cooperative/CoalitionalGame/Core.lean	168	P-COAL	theorem	shapleyValue_scalar	public
GameTheory/Cooperative/CoalitionalGame/Core.lean	177	P-COAL	theorem	IsCore.gameAdd	public
GameTheory/Cooperative/CoalitionalGame/Core.lean	190	P-COAL	theorem	IsCore.gameScalar	public
GameTheory/Cooperative/CoalitionalGame/Core.lean	202	P-COAL	theorem	shapleyValue_symmetric	public
GameTheory/Cooperative/CoalitionalGame/Core.lean	277	P-COAL	theorem	shapleyValue_efficient	public
GameTheory/Cooperative/CoalitionalGame/Core.lean	417	P-COAL	theorem	shapleyValue_eq_of_all_symmetric	public
GameTheory/Cooperative/CoalitionalGame/CostOfStability.lean	57	P-COAL	def	IsStabilizable	public
GameTheory/Cooperative/CoalitionalGame/CostOfStability.lean	62	P-COAL	theorem	isStabilizable_zero_iff_core	public
GameTheory/Cooperative/CoalitionalGame/CostOfStability.lean	72	P-COAL	theorem	IsStabilizable.mono	public
GameTheory/Cooperative/CoalitionalGame/CostOfStability.lean	95	P-COAL	theorem	exists_stabilizable	public
GameTheory/Cooperative/CoalitionalGame/CostOfStability.lean	122	P-COAL	theorem	stabilizable_set_bddBelow	public
GameTheory/Cooperative/CoalitionalGame/CostOfStability.lean	128	P-COAL	def	costOfStability	public
GameTheory/Cooperative/CoalitionalGame/CostOfStability.lean	133	P-COAL	theorem	costOfStability_le	public
GameTheory/Cooperative/CoalitionalGame/CostOfStability.lean	138	P-COAL	theorem	costOfStability_nonneg	public
GameTheory/Cooperative/CoalitionalGame/CostOfStability.lean	144	P-COAL	theorem	costOfStability_eq_zero_of_core	public
GameTheory/Cooperative/CoalitionalGame/CostOfStability.lean	151	P-COAL	theorem	costOfStability_eq_zero_of_nonneg_unanimityCoeff	public
GameTheory/Cooperative/CoalitionalGame/CostOfStability.lean	157	P-COAL	theorem	costOfStability_additiveGame_eq_zero	public
GameTheory/Cooperative/CoalitionalGame/CostOfStability.lean	172	P-COAL	def	feasibleSub	private
GameTheory/Cooperative/CoalitionalGame/CostOfStability.lean	175	P-COAL	theorem	mem_feasibleSub	private
GameTheory/Cooperative/CoalitionalGame/CostOfStability.lean	180	P-COAL	theorem	isClosed_feasibleSub	private
GameTheory/Cooperative/CoalitionalGame/CostOfStability.lean	192	P-COAL	theorem	isCompact_feasibleSub	private
GameTheory/Cooperative/CoalitionalGame/CostOfStability.lean	214	P-COAL	theorem	isStabilizable_of_costOfStability_eq_zero	public
GameTheory/Cooperative/CoalitionalGame/CostOfStability.lean	228	P-COAL	theorem	core_nonempty_of_costOfStability_eq_zero	public
GameTheory/Cooperative/CoalitionalGame/CostOfStability.lean	255	P-COAL	theorem	costOfStability_eq_zero_iff_core	public
GameTheory/Cooperative/CoalitionalGame/Shapley.lean	29	P-COAL	def	unanimityGame	public
GameTheory/Cooperative/CoalitionalGame/Shapley.lean	39	P-COAL	theorem	unanimityGame_isNull_of_notMem	public
GameTheory/Cooperative/CoalitionalGame/Shapley.lean	57	P-COAL	theorem	unanimityGame_areSymmetric	public
GameTheory/Cooperative/CoalitionalGame/Shapley.lean	78	P-COAL	theorem	unanimityGame_v_univ	public
GameTheory/Cooperative/CoalitionalGame/Shapley.lean	88	P-COAL	def	unanimityCoeff	public
GameTheory/Cooperative/CoalitionalGame/Shapley.lean	96	P-COAL	theorem	unanimity_decomposition	public
GameTheory/Cooperative/CoalitionalGame/Shapley.lean	192	P-COAL	theorem	allocation_on_unanimityGame	public
GameTheory/Cooperative/CoalitionalGame/Shapley.lean	244	P-COAL	theorem	allocation_on_scalar_unanimityGame	public
GameTheory/Cooperative/CoalitionalGame/Shapley.lean	289	P-COAL	def	gameSum	public
GameTheory/Cooperative/CoalitionalGame/Shapley.lean	298	P-COAL	lemma	gameSum_v	public
GameTheory/Cooperative/CoalitionalGame/Shapley.lean	306	P-COAL	theorem	gameSum_allocation_eq	public
GameTheory/Cooperative/CoalitionalGame/Shapley.lean	337	P-COAL	theorem	gameSum_isCore	public
GameTheory/Cooperative/CoalitionalGame/Shapley.lean	365	P-COAL	def	zeroGame	public
GameTheory/Cooperative/CoalitionalGame/Shapley.lean	374	P-COAL	theorem	zeroGame_shapleyValue_isCore	public
GameTheory/Cooperative/CoalitionalGame/Shapley.lean	390	P-COAL	def	decompTerm	public
GameTheory/Cooperative/CoalitionalGame/Shapley.lean	401	P-COAL	theorem	eq_gameSum_decompTerm	public
GameTheory/Cooperative/CoalitionalGame/Shapley.lean	433	P-COAL	theorem	shapleyValue_unique	public
GameTheory/Cooperative/CoalitionalGame/WeightedMajority.lean	38	P-COAL	def	weightedMajority	public
GameTheory/Cooperative/CoalitionalGame/WeightedMajority.lean	45	P-COAL	theorem	weightedMajority_wins_iff	public
GameTheory/Cooperative/CoalitionalGame/WeightedMajority.lean	56	P-COAL	theorem	weightedMajority_isSimpleGame	public
GameTheory/Cooperative/GaleShapley.lean	34	P-MATCH	abbrev	accW	public
GameTheory/Cooperative/GaleShapley.lean	37	P-MATCH	abbrev	accM	public
GameTheory/Cooperative/GaleShapley.lean	41	P-MATCH	def	available	public
GameTheory/Cooperative/GaleShapley.lean	46	P-MATCH	def	topChoice	public
GameTheory/Cooperative/GaleShapley.lean	53	P-MATCH	def	suitors	public
GameTheory/Cooperative/GaleShapley.lean	58	P-MATCH	def	holder	public
GameTheory/Cooperative/GaleShapley.lean	66	P-MATCH	def	daStep	public
GameTheory/Cooperative/GaleShapley.lean	72	P-MATCH	theorem	mem_available	public
GameTheory/Cooperative/GaleShapley.lean	80	P-MATCH	theorem	topChoice_spec	public
GameTheory/Cooperative/GaleShapley.lean	93	P-MATCH	theorem	topChoice_mem	public
GameTheory/Cooperative/GaleShapley.lean	99	P-MATCH	theorem	accW_of_topChoice	public
GameTheory/Cooperative/GaleShapley.lean	103	P-MATCH	theorem	mem_suitors	public
GameTheory/Cooperative/GaleShapley.lean	109	P-MATCH	theorem	holder_spec	public
GameTheory/Cooperative/GaleShapley.lean	122	P-MATCH	theorem	holder_isSome_of_suitors	public
GameTheory/Cooperative/GaleShapley.lean	128	P-MATCH	theorem	subset_daStep	public
GameTheory/Cooperative/GaleShapley.lean	135	P-MATCH	def	daMeasure	public
GameTheory/Cooperative/GaleShapley.lean	137	P-MATCH	theorem	daMeasure_mono	public
GameTheory/Cooperative/GaleShapley.lean	142	P-MATCH	theorem	daMeasure_le	public
GameTheory/Cooperative/GaleShapley.lean	155	P-MATCH	theorem	exists_daStep_iterate_fixed	public
GameTheory/Cooperative/GaleShapley.lean	198	P-MATCH	theorem	fixedPoint_holder	public
GameTheory/Cooperative/GaleShapley.lean	210	P-MATCH	theorem	fixedPoint_isMatching	public
GameTheory/Cooperative/GaleShapley.lean	219	P-MATCH	theorem	fixedPoint_ir	public
GameTheory/Cooperative/GaleShapley.lean	231	P-MATCH	theorem	topChoice_eq_of_isMax	public
GameTheory/Cooperative/GaleShapley.lean	244	P-MATCH	theorem	available_daStep_subset	public
GameTheory/Cooperative/GaleShapley.lean	253	P-MATCH	theorem	holder_remains_suitor	public
GameTheory/Cooperative/GaleShapley.lean	270	P-MATCH	theorem	holder_improve	public
GameTheory/Cooperative/GaleShapley.lean	281	P-MATCH	def	Inv	public
GameTheory/Cooperative/GaleShapley.lean	285	P-MATCH	theorem	inv_empty	public
GameTheory/Cooperative/GaleShapley.lean	289	P-MATCH	theorem	inv_step	public
GameTheory/Cooperative/GaleShapley.lean	311	P-MATCH	theorem	inv_iterate	public
GameTheory/Cooperative/GaleShapley.lean	322	P-MATCH	theorem	no_blocking	public
GameTheory/Cooperative/GaleShapley.lean	357	P-MATCH	def	daFixedPoint	public
GameTheory/Cooperative/GaleShapley.lean	360	P-MATCH	theorem	daStep_daFixedPoint	public
GameTheory/Cooperative/GaleShapley.lean	365	P-MATCH	def	daMatching	public
GameTheory/Cooperative/GaleShapley.lean	368	P-MATCH	theorem	daMatching_isStable	public
GameTheory/Cooperative/GaleShapley.lean	378	P-MATCH	theorem	exists_stable	public
GameTheory/Cooperative/GaleShapley.lean	398	P-MATCH	def	IsAchievable	public
GameTheory/Cooperative/GaleShapley.lean	403	P-MATCH	def	MAchInv	public
GameTheory/Cooperative/GaleShapley.lean	407	P-MATCH	theorem	machInv_empty	public
GameTheory/Cooperative/GaleShapley.lean	415	P-MATCH	theorem	machInv_step	public
GameTheory/Cooperative/GaleShapley.lean	451	P-MATCH	theorem	machInv_iterate	public
GameTheory/Cooperative/GaleShapley.lean	467	P-MATCH	theorem	daMatching_man_optimal	public
GameTheory/Cooperative/GaleShapley.lean	496	P-MATCH	theorem	daMatching_woman_pessimal_of_matched	public
GameTheory/Cooperative/GaleShapley.lean	532	P-MATCH	theorem	daMatching_woman_matched_in_stable	public
GameTheory/Cooperative/GaleShapley.lean	560	P-MATCH	theorem	daMatching_woman_pessimal	public
GameTheory/Cooperative/GaleShapley/OptionalLattice.lean	41	P-MATCH	def	optionalJoinPartner	public
GameTheory/Cooperative/GaleShapley/OptionalLattice.lean	48	P-MATCH	def	optionalStableJoin	public
GameTheory/Cooperative/GaleShapley/OptionalLattice.lean	52	P-MATCH	theorem	optionalStableJoin_apply	public
GameTheory/Cooperative/GaleShapley/OptionalLattice.lean	57	P-MATCH	theorem	optionalJoinPartner_eq_left_or_right	public
GameTheory/Cooperative/GaleShapley/OptionalLattice.lean	66	P-MATCH	theorem	optionalJoinPartner_some_source	public
GameTheory/Cooperative/GaleShapley/OptionalLattice.lean	74	P-MATCH	theorem	pref_leftOption_le_optionalJoin	public
GameTheory/Cooperative/GaleShapley/OptionalLattice.lean	83	P-MATCH	theorem	pref_rightOption_le_optionalJoin	public
GameTheory/Cooperative/GaleShapley/OptionalLattice.lean	92	P-MATCH	theorem	pref_other_lt_optionalJoin_of_join_left	private
GameTheory/Cooperative/GaleShapley/OptionalLattice.lean	106	P-MATCH	theorem	pref_other_lt_optionalJoin_of_join_right	private
GameTheory/Cooperative/GaleShapley/OptionalLattice.lean	117	P-MATCH	theorem	matchedA_iff_between_stable	private
GameTheory/Cooperative/GaleShapley/OptionalLattice.lean	125	P-MATCH	theorem	matchedB_iff_between_stable	private
GameTheory/Cooperative/GaleShapley/OptionalLattice.lean	133	P-MATCH	theorem	optionalStableJoin_matchedA_iff_left	public
GameTheory/Cooperative/GaleShapley/OptionalLattice.lean	149	P-MATCH	theorem	optionalStableJoin_matchedB_subset_left	private
GameTheory/Cooperative/GaleShapley/OptionalLattice.lean	157	P-MATCH	theorem	optionalStableJoin_source_of_left_matched	private
GameTheory/Cooperative/GaleShapley/OptionalLattice.lean	162	P-MATCH	theorem	optionalStableJoin_source_of_right_matched	private
GameTheory/Cooperative/GaleShapley/OptionalLattice.lean	167	P-MATCH	theorem	optionalStableJoin_isMatching	public
GameTheory/Cooperative/GaleShapley/OptionalLattice.lean	226	P-MATCH	theorem	optionalStableJoin_matchedB_left_of_left	private
GameTheory/Cooperative/GaleShapley/OptionalLattice.lean	249	P-MATCH	theorem	optionalJoin_pref_lt_of_blocks	private
GameTheory/Cooperative/GaleShapley/OptionalLattice.lean	259	P-MATCH	theorem	optionalStableJoin_isStable	public
GameTheory/Cooperative/GaleShapley/OptionalLattice.lean	343	P-MATCH	def	inverseStable	public
GameTheory/Cooperative/GaleShapley/OptionalLattice.lean	347	P-MATCH	theorem	inverse_inverse_apply	public
GameTheory/Cooperative/GaleShapley/OptionalLattice.lean	365	P-MATCH	theorem	swap_menLe_of_menLe	public
GameTheory/Cooperative/GaleShapley/OptionalLattice.lean	419	P-MATCH	def	join	public
GameTheory/Cooperative/GaleShapley/OptionalLattice.lean	423	P-MATCH	theorem	join_apply	public
GameTheory/Cooperative/GaleShapley/OptionalLattice.lean	428	P-MATCH	theorem	le_join_left	public
GameTheory/Cooperative/GaleShapley/OptionalLattice.lean	433	P-MATCH	theorem	le_join_right	public
GameTheory/Cooperative/GaleShapley/OptionalLattice.lean	438	P-MATCH	theorem	join_le	public
GameTheory/Cooperative/GaleShapley/OptionalLattice.lean	450	P-MATCH	def	meet	public
GameTheory/Cooperative/GaleShapley/OptionalLattice.lean	456	P-MATCH	theorem	meet_le_left	public
GameTheory/Cooperative/GaleShapley/OptionalLattice.lean	468	P-MATCH	theorem	meet_le_right	public
GameTheory/Cooperative/GaleShapley/OptionalLattice.lean	480	P-MATCH	theorem	le_meet	public
GameTheory/Cooperative/GaleShapley/OptionalLattice.lean	501	P-MATCH	def	semilatticeSup	public
GameTheory/Cooperative/GaleShapley/OptionalLattice.lean	514	P-MATCH	def	lattice	public
GameTheory/Cooperative/GaleShapley/OptionalOrder.lean	30	P-MATCH	def	prefAOption	public
GameTheory/Cooperative/GaleShapley/OptionalOrder.lean	36	P-MATCH	def	prefBOption	public
GameTheory/Cooperative/GaleShapley/OptionalOrder.lean	40	P-MATCH	theorem	prefAOption_none	public
GameTheory/Cooperative/GaleShapley/OptionalOrder.lean	44	P-MATCH	theorem	prefAOption_some	public
GameTheory/Cooperative/GaleShapley/OptionalOrder.lean	48	P-MATCH	theorem	prefBOption_none	public
GameTheory/Cooperative/GaleShapley/OptionalOrder.lean	52	P-MATCH	theorem	prefBOption_some	public
GameTheory/Cooperative/GaleShapley/OptionalOrder.lean	58	P-MATCH	theorem	prefAOption_injective	public
GameTheory/Cooperative/GaleShapley/OptionalOrder.lean	78	P-MATCH	theorem	prefBOption_injective	public
GameTheory/Cooperative/GaleShapley/OptionalOrder.lean	101	P-MATCH	def	menLe	public
GameTheory/Cooperative/GaleShapley/OptionalOrder.lean	104	P-MATCH	theorem	menLe_refl	public
GameTheory/Cooperative/GaleShapley/OptionalOrder.lean	108	P-MATCH	theorem	menLe_trans	public
GameTheory/Cooperative/GaleShapley/OptionalOrder.lean	114	P-MATCH	theorem	menLe_antisymm	public
GameTheory/Cooperative/GaleShapley/OptionalOrder.lean	127	P-MATCH	def	gsStable	public
GameTheory/Cooperative/GaleShapley/OptionalOrder.lean	134	P-MATCH	theorem	gsStable_greatest	public
GameTheory/Cooperative/GaleShapley/Perfect.lean	25	P-MATCH	theorem	exists_unmatched_right_of_unmatched_left	public
GameTheory/Cooperative/GaleShapley/Perfect.lean	50	P-MATCH	theorem	exists_unmatched_left_of_unmatched_right	public
GameTheory/Cooperative/GaleShapley/Perfect.lean	78	P-MATCH	theorem	not_unmatched_acceptable_pair_of_stable	public
GameTheory/Cooperative/GaleShapley/Perfect.lean	100	P-MATCH	theorem	opposed_preferences	public
GameTheory/Cooperative/GaleShapley/Perfect.lean	142	P-MATCH	theorem	opposed_preferences_women	public
GameTheory/Cooperative/GaleShapley/Perfect.lean	156	P-MATCH	theorem	stable_matching_perfect	public
GameTheory/Cooperative/GaleShapley/Perfect.lean	180	P-MATCH	def	rightPartner	public
GameTheory/Cooperative/GaleShapley/Perfect.lean	188	P-MATCH	def	leftPartner	public
GameTheory/Cooperative/GaleShapley/Perfect.lean	195	P-MATCH	theorem	match_rightPartner	public
GameTheory/Cooperative/GaleShapley/Perfect.lean	203	P-MATCH	theorem	match_leftPartner	public
GameTheory/Cooperative/GaleShapley/Perfect.lean	213	P-MATCH	theorem	rightPartner_eq_iff_leftPartner_eq	public
GameTheory/Cooperative/GaleShapley/RuralHospitals.lean	29	P-MATCH	def	MatchedA	public
GameTheory/Cooperative/GaleShapley/RuralHospitals.lean	33	P-MATCH	def	MatchedB	public
GameTheory/Cooperative/GaleShapley/RuralHospitals.lean	42	P-MATCH	def	equiv	public
GameTheory/Cooperative/GaleShapley/RuralHospitals.lean	70	P-MATCH	theorem	card_matchedA_eq_card_matchedB	public
GameTheory/Cooperative/GaleShapley/RuralHospitals.lean	87	P-MATCH	theorem	stable_matchedA_subset_daMatchedA	private
GameTheory/Cooperative/GaleShapley/RuralHospitals.lean	95	P-MATCH	theorem	daMatchedB_subset_stable_matchedB	private
GameTheory/Cooperative/GaleShapley/RuralHospitals.lean	101	P-MATCH	theorem	card_stable_matchedA_eq_card_daMatchedA	private
GameTheory/Cooperative/GaleShapley/RuralHospitals.lean	127	P-MATCH	theorem	card_stable_matchedB_eq_card_daMatchedB	private
GameTheory/Cooperative/GaleShapley/RuralHospitals.lean	144	P-MATCH	theorem	stable_matchedA_iff_daMatchedA	public
GameTheory/Cooperative/GaleShapley/RuralHospitals.lean	157	P-MATCH	theorem	stable_matchedB_iff_daMatchedB	public
GameTheory/Cooperative/GaleShapley/Strategyproofness.lean	44	P-MATCH	def	daRejections	public
GameTheory/Cooperative/GaleShapley/Strategyproofness.lean	48	P-MATCH	theorem	daRejections_zero	public
GameTheory/Cooperative/GaleShapley/Strategyproofness.lean	52	P-MATCH	theorem	daRejections_succ	public
GameTheory/Cooperative/GaleShapley/Strategyproofness.lean	57	P-MATCH	def	daFixedPointRound	public
GameTheory/Cooperative/GaleShapley/Strategyproofness.lean	60	P-MATCH	theorem	daRejections_fixedPointRound	public
GameTheory/Cooperative/GaleShapley/Strategyproofness.lean	64	P-MATCH	theorem	daRejections_mono	public
GameTheory/Cooperative/GaleShapley/Strategyproofness.lean	75	P-MATCH	theorem	topChoice_eq_of_subset_of_not_mem	public
GameTheory/Cooperative/GaleShapley/Strategyproofness.lean	94	P-MATCH	theorem	daRejections_succ_subset_fixedPoint	public
GameTheory/Cooperative/GaleShapley/Strategyproofness.lean	105	P-MATCH	theorem	exists_preferred_holder_of_mem_daStep_of_not_mem	public
GameTheory/Cooperative/GaleShapley/Strategyproofness.lean	124	P-MATCH	def	StrictlyImprovesOnDA	public
GameTheory/Cooperative/GaleShapley/Strategyproofness.lean	128	P-MATCH	def	IsProposerReport	public
GameTheory/Cooperative/GaleShapley/Strategyproofness.lean	133	P-MATCH	def	IsUnilateralProposerReport	public
GameTheory/Cooperative/GaleShapley/Strategyproofness.lean	138	P-MATCH	theorem	reserveA_le_prefAOption_daMatching	public
GameTheory/Cooperative/GaleShapley/Strategyproofness.lean	149	P-MATCH	theorem	assigned_of_strictlyImprovesOnDA	public
GameTheory/Cooperative/GaleShapley/Strategyproofness.lean	164	P-MATCH	theorem	daMatching_partner_exists_of_strictlyImprovesOnDA	public
GameTheory/Cooperative/GaleShapley/Strategyproofness.lean	197	P-MATCH	theorem	daMatching_partner_prefers_improver	public
GameTheory/Cooperative/GaleShapley/Strategyproofness.lean	235	P-MATCH	theorem	blockingPair_of_improver_spouse_daMatched_nonimprover	public
GameTheory/Cooperative/GaleShapley/Strategyproofness.lean	280	P-MATCH	theorem	hwang_blocking_pair	public
GameTheory/Cooperative/GaleShapley/Strategyproofness.lean	564	P-MATCH	theorem	isBlockingPair_iff_of_isProposerReport_of_prefA_eq	public
GameTheory/Cooperative/GaleShapley/Strategyproofness.lean	581	P-MATCH	theorem	deferredAcceptance_groupStrategyproof	public
GameTheory/Cooperative/GaleShapley/Strategyproofness.lean	622	P-MATCH	theorem	deferredAcceptance_groupStrategyproof_le	public
GameTheory/Cooperative/GaleShapley/Strategyproofness.lean	641	P-MATCH	theorem	deferredAcceptance_strategyproof	public
GameTheory/Cooperative/GaleShapley/Strategyproofness.lean	667	P-MATCH	theorem	deferredAcceptance_strategyproof_le	public
GameTheory/Cooperative/Matching.lean	36	P-MATCH	structure	MatchingMarket	public
GameTheory/Cooperative/Matching.lean	51	P-MATCH	def	IsMatching	public
GameTheory/Cooperative/Matching.lean	55	P-MATCH	def	IsBlockingPair	public
GameTheory/Cooperative/Matching.lean	64	P-MATCH	def	IsIndividuallyRationalA	public
GameTheory/Cooperative/Matching.lean	70	P-MATCH	def	IsIndividuallyRationalB	public
GameTheory/Cooperative/Matching.lean	76	P-MATCH	def	HasCompleteAcceptability	public
GameTheory/Cooperative/Matching.lean	80	P-MATCH	theorem	hasCompleteAcceptability_reserveA_ne	public
GameTheory/Cooperative/Matching.lean	85	P-MATCH	theorem	hasCompleteAcceptability_reserveB_ne	public
GameTheory/Cooperative/Matching.lean	91	P-MATCH	def	IsStable	public
GameTheory/Cooperative/Matching.lean	97	P-MATCH	theorem	IsStable.isIndividuallyRationalA	public
GameTheory/Cooperative/Matching.lean	102	P-MATCH	theorem	IsStable.isIndividuallyRationalB	public
GameTheory/Cooperative/Matching.lean	108	P-MATCH	abbrev	StableMatching	public
GameTheory/Cooperative/Matching.lean	113	P-MATCH	instance	<anonymous@113>	public
GameTheory/Cooperative/Matching.lean	116	P-MATCH	theorem	ext	public
GameTheory/Cooperative/Matching.lean	123	P-MATCH	theorem	empty_isMatching	public
GameTheory/Cooperative/Matching.lean	128	P-MATCH	theorem	empty_stable_if_all_prefer_unmatched	public
GameTheory/Cooperative/Matching.lean	137	P-MATCH	theorem	stable_respects_mutual_top	public
GameTheory/Cooperative/Matching.lean	158	P-MATCH	theorem	stable_ir	public
GameTheory/Cooperative/MatchingSymmetry.lean	23	P-MATCH	def	swap	public
GameTheory/Cooperative/MatchingSymmetry.lean	29	P-MATCH	theorem	swap_swap	public
GameTheory/Cooperative/MatchingSymmetry.lean	31	P-MATCH	theorem	swap_prefA	public
GameTheory/Cooperative/MatchingSymmetry.lean	34	P-MATCH	theorem	swap_prefB	public
GameTheory/Cooperative/MatchingSymmetry.lean	37	P-MATCH	theorem	swap_reserveA	public
GameTheory/Cooperative/MatchingSymmetry.lean	40	P-MATCH	theorem	swap_reserveB	public
GameTheory/Cooperative/MatchingSymmetry.lean	46	P-MATCH	def	inverseMatching	public
GameTheory/Cooperative/MatchingSymmetry.lean	55	P-MATCH	theorem	inverseMatching_eq_some_iff	public
GameTheory/Cooperative/MatchingSymmetry.lean	74	P-MATCH	theorem	inverseMatching_none_iff	public
GameTheory/Cooperative/MatchingSymmetry.lean	88	P-MATCH	theorem	matching_none_iff_inverse_ne_some	public
GameTheory/Cooperative/MatchingSymmetry.lean	102	P-MATCH	theorem	inverseMatching_isMatching	public
GameTheory/Cooperative/MatchingSymmetry.lean	109	P-MATCH	theorem	swap_isBlockingPair_iff	public
GameTheory/Cooperative/MatchingSymmetry.lean	138	P-MATCH	theorem	inverseMatching_isStable	public
GameTheory/Cooperative/MatchingSymmetry.lean	150	P-MATCH	theorem	swap_isStable_iff	public
GameTheory/Core/Babbling.lean	33	D-COMM	def	BabblingDeviationPreservingFor	public
GameTheory/Core/Babbling.lean	57	D-COMM	structure	CheapTalkExtension	public
GameTheory/Core/Babbling.lean	66	D-COMM	def	Strategy'	public
GameTheory/Core/Babbling.lean	70	D-COMM	def	messageProfile	public
GameTheory/Core/Babbling.lean	75	D-COMM	def	actionProfile	public
GameTheory/Core/Babbling.lean	80	D-COMM	def	form	public
GameTheory/Core/Babbling.lean	87	D-COMM	def	embed	public
GameTheory/Core/Babbling.lean	92	D-COMM	def	embedProfile	public
GameTheory/Core/Babbling.lean	101	D-COMM	def	proj	public
GameTheory/Core/Babbling.lean	105	D-COMM	theorem	proj_embed	public
GameTheory/Core/Babbling.lean	111	D-COMM	theorem	outcomeKernel_embedProfile	public
GameTheory/Core/Babbling.lean	116	D-COMM	theorem	messageProfile_update_embedProfile	public
GameTheory/Core/Babbling.lean	126	D-COMM	theorem	actionProfile_update_embedProfile	public
GameTheory/Core/Babbling.lean	136	D-COMM	theorem	messageProfile_update_sameMessage	public
GameTheory/Core/Babbling.lean	147	D-COMM	theorem	actionProfile_update_sameMessage_constPlan	public
GameTheory/Core/Babbling.lean	158	D-COMM	theorem	outcomeKernel_update_embedProfile	public
GameTheory/Core/Babbling.lean	167	D-COMM	theorem	babblingDeviationPreservingFor	public
GameTheory/Core/Coalition.lean	36	P-COAL	abbrev	CoalitionStrategy	public
GameTheory/Core/Coalition.lean	41	P-COAL	abbrev	ComplementStrategy	public
GameTheory/Core/Coalition.lean	45	P-COAL	def	overrideCoalition	public
GameTheory/Core/Coalition.lean	49	P-COAL	theorem	overrideCoalition_of_mem	public
GameTheory/Core/Coalition.lean	54	P-COAL	theorem	overrideCoalition_of_not_mem	public
GameTheory/Core/Coalition.lean	61	P-COAL	def	CoalitionStrategyEnsuresLaw	public
GameTheory/Core/Coalition.lean	68	P-COAL	def	CoalitionForcesLaw	public
GameTheory/Core/Coalition.lean	72	P-COAL	def	SupportSatisfies	public
GameTheory/Core/Coalition.lean	76	P-COAL	theorem	supportSatisfies_pure	public
GameTheory/Core/Coalition.lean	82	P-COAL	def	CoalitionStrategyForces	public
GameTheory/Core/Coalition.lean	87	P-COAL	def	CoalitionForces	public
GameTheory/Core/Coalition.lean	90	P-COAL	theorem	CoalitionForces.mono	public
GameTheory/Core/Coalition.lean	104	P-COAL	def	MergedCoalitionStrategy	public
GameTheory/Core/Coalition.lean	108	P-COAL	def	bundleCoalitionProfile	public
GameTheory/Core/Coalition.lean	114	P-COAL	def	unbundleCoalitionProfile	public
GameTheory/Core/Coalition.lean	118	P-COAL	theorem	unbundleCoalitionProfile_bundle	public
GameTheory/Core/Coalition.lean	126	P-COAL	theorem	bundleCoalitionProfile_unbundle	public
GameTheory/Core/Coalition.lean	138	P-COAL	def	coalitionProfileEquiv	public
GameTheory/Core/Coalition.lean	147	P-COAL	def	mergeCoalition	public
GameTheory/Core/Coalition.lean	152	P-COAL	theorem	mergeCoalition_Strategy	public
GameTheory/Core/Coalition.lean	155	P-COAL	theorem	mergeCoalition_Outcome	public
GameTheory/Core/Coalition.lean	158	P-COAL	theorem	mergeCoalition_outcomeKernel_bundle	public
GameTheory/Core/Coalition.lean	167	P-COAL	theorem	unbundleCoalitionProfile_override	public
GameTheory/Core/Coalition.lean	181	P-COAL	theorem	coalitionForcesLaw_iff_mergeCoalition_forcesLaw	public
GameTheory/Core/Coalition.lean	211	P-COAL	theorem	coalitionForces_iff_mergeCoalition_forces	public
GameTheory/Core/GameForm.lean	58	S-FOUND	structure	GameForm	public
GameTheory/Core/GameForm.lean	68	S-FOUND	abbrev	Profile	public
GameTheory/Core/GameForm.lean	71	S-FOUND	def	outcomeDist	public
GameTheory/Core/GameForm.lean	75	S-FOUND	def	correlatedOutcome	public
GameTheory/Core/GameForm.lean	81	S-FOUND	theorem	correlatedOutcome_pure	public
GameTheory/Core/GameForm.lean	94	S-FOUND	def	deviateProfile	public
GameTheory/Core/GameForm.lean	100	S-FOUND	def	deviateOutcome	public
GameTheory/Core/GameForm.lean	107	S-FOUND	def	deviateDistribution	public
GameTheory/Core/GameForm.lean	112	S-FOUND	theorem	deviateProfile_same	public
GameTheory/Core/GameForm.lean	117	S-FOUND	theorem	deviateOutcome_same	public
GameTheory/Core/GameForm.lean	128	S-FOUND	def	deviateProfileFn	public
GameTheory/Core/GameForm.lean	133	S-FOUND	def	deviateDistributionFn	public
GameTheory/Core/GameForm.lean	140	S-FOUND	def	constDeviateDistributionFn	public
GameTheory/Core/GameForm.lean	145	S-FOUND	theorem	constDeviateDistributionFn_pure	public
GameTheory/Core/GameForm.lean	161	S-FOUND	def	mixedExtension	public
GameTheory/Core/GameForm.lean	166	S-FOUND	theorem	mixedExtension_Strategy	public
GameTheory/Core/GameForm.lean	169	S-FOUND	theorem	mixedExtension_Outcome	public
GameTheory/Core/GameForm.lean	172	S-FOUND	theorem	mixedExtension_outcomeKernel	public
GameTheory/Core/GameForm.lean	183	S-FOUND	def	map	public
GameTheory/Core/GameForm.lean	188	S-FOUND	theorem	map_Strategy	public
GameTheory/Core/GameForm.lean	191	S-FOUND	theorem	map_Outcome	public
GameTheory/Core/GameForm.lean	194	S-FOUND	theorem	map_outcomeKernel	public
GameTheory/Core/GameForm.lean	198	S-FOUND	theorem	map_id	public
GameTheory/Core/GameForm.lean	204	S-FOUND	theorem	map_comp	public
GameTheory/Core/GameForm.lean	215	S-FOUND	def	product	public
GameTheory/Core/GameForm.lean	223	S-FOUND	theorem	product_Strategy	public
GameTheory/Core/GameForm.lean	226	S-FOUND	theorem	product_Outcome	public
GameTheory/Core/GameForm.lean	229	S-FOUND	theorem	product_outcomeKernel	public
GameTheory/Core/GameForm.lean	237	S-FOUND	theorem	product_map_fst	public
GameTheory/Core/GameForm.lean	243	S-FOUND	theorem	product_map_snd	public
GameTheory/Core/GameForm.lean	260	S-FOUND	structure	ProtocolMap	public
GameTheory/Core/GameForm.lean	270	S-FOUND	def	id	public
GameTheory/Core/GameForm.lean	276	S-FOUND	def	comp	public
GameTheory/Core/GameForm.lean	284	S-FOUND	theorem	id_stratMap	public
GameTheory/Core/GameForm.lean	287	S-FOUND	theorem	id_outcomeMap	public
GameTheory/Core/GameForm.lean	290	S-FOUND	theorem	comp_stratMap	public
GameTheory/Core/GameForm.lean	294	S-FOUND	theorem	comp_outcomeMap	public
GameTheory/Core/GameForm.lean	298	S-FOUND	theorem	id_comp	public
GameTheory/Core/GameForm.lean	303	S-FOUND	theorem	comp_id	public
GameTheory/Core/GameForm.lean	308	S-FOUND	theorem	comp_assoc	public
GameTheory/Core/GameForm.lean	321	S-FOUND	theorem	deviateDistributionFn_id	public
GameTheory/Core/GameIsomorphism.lean	35	S-FOUND	structure	ProtocolIsomorphism	public
GameTheory/Core/GameIsomorphism.lean	45	S-FOUND	def	id	public
GameTheory/Core/GameIsomorphism.lean	51	S-FOUND	def	symm	public
GameTheory/Core/GameIsomorphism.lean	64	S-FOUND	def	comp	public
GameTheory/Core/GameIsomorphism.lean	74	S-FOUND	def	toProtocolMap	public
GameTheory/Core/GameIsomorphism.lean	80	S-FOUND	theorem	id_comp	public
GameTheory/Core/GameIsomorphism.lean	85	S-FOUND	theorem	comp_id	public
GameTheory/Core/GameIsomorphism.lean	90	S-FOUND	theorem	comp_assoc	public
GameTheory/Core/GameIsomorphism.lean	106	S-FOUND	structure	GameIsomorphism	public
GameTheory/Core/GameIsomorphism.lean	116	S-FOUND	theorem	ext	public
GameTheory/Core/GameIsomorphism.lean	133	S-FOUND	def	id	public
GameTheory/Core/GameIsomorphism.lean	138	S-FOUND	def	symm	public
GameTheory/Core/GameIsomorphism.lean	146	S-FOUND	def	comp	public
GameTheory/Core/GameIsomorphism.lean	153	S-FOUND	theorem	id_comp	public
GameTheory/Core/GameIsomorphism.lean	158	S-FOUND	theorem	comp_id	public
GameTheory/Core/GameIsomorphism.lean	163	S-FOUND	theorem	comp_assoc	public
GameTheory/Core/GameIsomorphism.lean	172	S-FOUND	abbrev	ProtocolIsomorphism	public
GameTheory/Core/GameIsomorphism.lean	176	S-FOUND	def	ProtocolIsomorphism.toGameIsomorphism	public
GameTheory/Core/GameMorphism.lean	44	S-FOUND	structure	Morphism	public
GameTheory/Core/GameMorphism.lean	55	S-FOUND	theorem	ext	public
GameTheory/Core/GameMorphism.lean	70	S-FOUND	def	id	public
GameTheory/Core/GameMorphism.lean	75	S-FOUND	def	comp	public
GameTheory/Core/GameMorphism.lean	84	S-FOUND	theorem	id_comp	public
GameTheory/Core/GameMorphism.lean	89	S-FOUND	theorem	comp_id	public
GameTheory/Core/GameMorphism.lean	94	S-FOUND	theorem	comp_assoc	public
GameTheory/Core/GameMorphism.lean	103	S-FOUND	def	GameIsomorphism.toMorphism	public
GameTheory/Core/GameMorphism.lean	117	S-FOUND	def	Morphism.ofOutcomeEmbedding	public
GameTheory/Core/GameMorphism.lean	145	S-FOUND	def	Morphism.ofOutcomeProjection	public
GameTheory/Core/GameMorphism.lean	170	S-FOUND	theorem	Morphism.ofOutcomeEmbedding_stratMap	public
GameTheory/Core/GameMorphism.lean	180	S-FOUND	theorem	Morphism.ofOutcomeProjection_stratMap	public
GameTheory/Core/GameMorphism.lean	193	S-FOUND	theorem	Morphism.udistPlayer_preserved	public
GameTheory/Core/GameMorphism.lean	202	S-FOUND	theorem	GameIsomorphism.udistPlayer_preserved	public
GameTheory/Core/GameMorphism.lean	209	S-FOUND	theorem	expect_udist_eq_eu_of_bounded	public
GameTheory/Core/GameMorphism.lean	225	S-FOUND	theorem	expect_udist_eq_eu	public
GameTheory/Core/GameMorphism.lean	236	S-FOUND	theorem	Morphism.eu_preserved_of_bounded	public
GameTheory/Core/GameMorphism.lean	257	S-FOUND	theorem	Morphism.eu_preserved_of_fintype_outcome	public
GameTheory/Core/GameMorphism.lean	280	S-FOUND	theorem	Morphism.eu_preserved	public
GameTheory/Core/GameMorphism.lean	297	S-FOUND	structure	EUMorphism	public
GameTheory/Core/GameMorphism.lean	304	S-FOUND	def	Morphism.toEUMorphism	public
GameTheory/Core/GameMorphism.lean	312	S-FOUND	def	id	public
GameTheory/Core/GameMorphism.lean	317	S-FOUND	def	comp	public
GameTheory/Core/GameMorphism.lean	326	S-FOUND	theorem	id_comp	public
GameTheory/Core/GameMorphism.lean	331	S-FOUND	theorem	comp_id	public
GameTheory/Core/GameMorphism.lean	336	S-FOUND	theorem	comp_assoc	public
GameTheory/Core/GameMorphism.lean	349	S-FOUND	structure	EUGameIsomorphism	public
GameTheory/Core/GameMorphism.lean	357	S-FOUND	def	GameIsomorphism.toEUGameIsomorphism	public
GameTheory/Core/GameMorphism.lean	363	S-FOUND	theorem	GameIsomorphism.toEUGameIsomorphism_toGameIsomorphism	public
GameTheory/Core/GameMorphism.lean	375	S-FOUND	theorem	ext	public
GameTheory/Core/GameMorphism.lean	388	S-FOUND	def	id	public
GameTheory/Core/GameMorphism.lean	392	S-FOUND	def	toEUMorphism	public
GameTheory/Core/GameMorphism.lean	397	S-FOUND	def	symm	public
GameTheory/Core/GameMorphism.lean	407	S-FOUND	def	comp	public
GameTheory/Core/GameMorphism.lean	412	S-FOUND	theorem	id_comp	public
GameTheory/Core/GameMorphism.lean	418	S-FOUND	theorem	comp_id	public
GameTheory/Core/GameMorphism.lean	424	S-FOUND	theorem	comp_assoc	public
GameTheory/Core/GameMorphism.lean	432	S-FOUND	theorem	symm_symm	public
GameTheory/Core/GameMorphism.lean	439	S-FOUND	theorem	id_symm	public
GameTheory/Core/GameProperties.lean	26	S-FOUND	def	ParetoDominates	public
GameTheory/Core/GameProperties.lean	30	S-FOUND	def	IsParetoEfficient	public
GameTheory/Core/GameProperties.lean	34	S-FOUND	def	IsIndividuallyRational	public
GameTheory/Core/GameProperties.lean	39	S-FOUND	def	IsExactPotential	public
GameTheory/Core/GameProperties.lean	48	S-FOUND	def	IsWeightedExactPotential	public
GameTheory/Core/GameProperties.lean	57	S-FOUND	theorem	IsExactPotential.toWeightedExactPotential	public
GameTheory/Core/GameProperties.lean	66	S-FOUND	def	IsOrdinalPotential	public
GameTheory/Core/GameProperties.lean	72	S-FOUND	def	IsTeamGame	public
GameTheory/Core/GameProperties.lean	80	S-FOUND	def	socialWelfare	public
GameTheory/Core/GameProperties.lean	84	S-FOUND	def	IsConstantSum	public
GameTheory/Core/GameProperties.lean	88	S-FOUND	def	IsZeroSum	public
GameTheory/Core/GameSimulation.lean	28	S-FOUND	abbrev	Simulation	public
GameTheory/Core/GameSimulation.lean	32	S-FOUND	abbrev	Bisimulation	public
GameTheory/Core/GameSimulation.lean	40	S-FOUND	abbrev	Simulation	public
GameTheory/Core/GameSimulation.lean	44	S-FOUND	abbrev	Bisimulation	public
GameTheory/Core/GameSimulation.lean	49	S-FOUND	def	id	public
GameTheory/Core/GameSimulation.lean	51	S-FOUND	def	comp	public
GameTheory/Core/GameSimulation.lean	55	S-FOUND	theorem	udistPlayer_preserved	public
GameTheory/Core/GameSimulation.lean	64	S-FOUND	def	id	public
GameTheory/Core/GameSimulation.lean	66	S-FOUND	def	symm	public
GameTheory/Core/GameSimulation.lean	69	S-FOUND	def	comp	public
GameTheory/Core/GameSimulation.lean	73	S-FOUND	def	toSimulation	public
GameTheory/Core/GameSimulation.lean	76	S-FOUND	theorem	udistPlayer_preserved	public
GameTheory/Core/InertExtension.lean	36	S-FOUND	structure	InertExtension	public
GameTheory/Core/InertExtension.lean	56	S-FOUND	def	form	public
GameTheory/Core/InertExtension.lean	62	S-FOUND	def	projectProfile	public
GameTheory/Core/InertExtension.lean	66	S-FOUND	def	embedProfile	public
GameTheory/Core/InertExtension.lean	71	S-FOUND	def	projectDistribution	public
GameTheory/Core/InertExtension.lean	74	S-FOUND	theorem	projectProfile_apply	public
GameTheory/Core/InertExtension.lean	77	S-FOUND	theorem	embedProfile_apply	public
GameTheory/Core/InertExtension.lean	81	S-FOUND	theorem	project_embedProfile	public
GameTheory/Core/InertExtension.lean	86	S-FOUND	theorem	projectDistribution_pure	public
GameTheory/Core/InertExtension.lean	93	S-FOUND	theorem	projectDistribution_bind_pure	public
GameTheory/Core/InertExtension.lean	118	S-FOUND	theorem	outcomeKernel_form	public
GameTheory/Core/InertExtension.lean	124	S-FOUND	theorem	correlatedOutcome_projectDistribution	public
GameTheory/Core/InertExtension.lean	138	S-FOUND	theorem	projectProfile_update	public
GameTheory/Core/InertExtension.lean	158	S-FOUND	abbrev	InertExtension	public
GameTheory/Core/InertExtension.lean	165	S-FOUND	def	game	public
GameTheory/Core/InertExtension.lean	170	S-FOUND	def	toMorphism	public
GameTheory/Core/InertExtension.lean	181	S-FOUND	def	toEUMorphism	public
GameTheory/Core/JointAction.lean	20	S-FOUND	abbrev	JointAction	public
GameTheory/Core/JointAction.lean	25	S-FOUND	def	JointActionLegal	public
GameTheory/Core/JointAction.lean	36	S-FOUND	theorem	JointActionLegal.not_terminal	public
GameTheory/Core/JointAction.lean	46	S-FOUND	theorem	JointActionLegal.some	public
GameTheory/Core/JointAction.lean	57	S-FOUND	theorem	JointActionLegal.none	public
GameTheory/Core/JointAction.lean	69	S-FOUND	def	noopAction	public
GameTheory/Core/JointAction.lean	72	S-FOUND	theorem	noopAction_apply	public
GameTheory/Core/JointAction.lean	75	S-FOUND	theorem	eq_noopAction_iff	public
GameTheory/Core/KernelGame.lean	37	S-FOUND	structure	KernelGame	public
GameTheory/Core/KernelGame.lean	47	S-FOUND	abbrev	Profile	public
GameTheory/Core/KernelGame.lean	56	S-FOUND	def	withUtility	public
GameTheory/Core/KernelGame.lean	62	S-FOUND	theorem	withUtility_Strategy	public
GameTheory/Core/KernelGame.lean	65	S-FOUND	theorem	withUtility_Outcome	public
GameTheory/Core/KernelGame.lean	68	S-FOUND	theorem	withUtility_outcomeKernel	public
GameTheory/Core/KernelGame.lean	71	S-FOUND	theorem	withUtility_utility	public
GameTheory/Core/KernelGame.lean	81	S-FOUND	def	toGameForm	public
GameTheory/Core/KernelGame.lean	86	S-FOUND	theorem	toGameForm_Strategy	public
GameTheory/Core/KernelGame.lean	89	S-FOUND	theorem	toGameForm_Outcome	public
GameTheory/Core/KernelGame.lean	92	S-FOUND	theorem	toGameForm_outcomeKernel	public
GameTheory/Core/KernelGame.lean	96	S-FOUND	theorem	toGameForm_withUtility	public
GameTheory/Core/KernelGame.lean	104	S-FOUND	theorem	withUtility_toGameForm	public
GameTheory/Core/KernelGame.lean	116	S-FOUND	def	mixedExtension	public
GameTheory/Core/KernelGame.lean	122	S-FOUND	theorem	mixedExtension_Strategy	public
GameTheory/Core/KernelGame.lean	125	S-FOUND	theorem	mixedExtension_toGameForm	public
GameTheory/Core/KernelGame.lean	134	S-FOUND	def	reindex	public
GameTheory/Core/KernelGame.lean	144	S-FOUND	def	eu	public
GameTheory/Core/KernelGame.lean	149	S-FOUND	theorem	eu_abs_le_of_bounded	public
GameTheory/Core/KernelGame.lean	157	S-FOUND	theorem	exists_eu_abs_bound_of_finite_outcome	public
GameTheory/Core/KernelGame.lean	166	S-FOUND	theorem	exists_uniform_eu_abs_bound_of_finite	public
GameTheory/Core/KernelGame.lean	193	S-FOUND	def	ofPureEU	public
GameTheory/Core/KernelGame.lean	201	S-FOUND	theorem	eu_ofPureEU	public
GameTheory/Core/KernelGame.lean	207	S-FOUND	theorem	ofPureEU_Strategy	public
GameTheory/Core/KernelGame.lean	212	S-FOUND	def	correlatedOutcome	public
GameTheory/Core/KernelGame.lean	218	S-FOUND	theorem	correlatedOutcome_pure	public
GameTheory/Core/KernelGame.lean	223	S-FOUND	def	udist	public
GameTheory/Core/KernelGame.lean	227	S-FOUND	def	udistPlayer	public
GameTheory/Core/KernelGame.lean	232	S-FOUND	theorem	udistPlayer_eq_udist_bind	public
GameTheory/Core/KernelGame.lean	238	S-FOUND	theorem	udist_pure	public
GameTheory/Core/KernelGame.lean	244	S-FOUND	theorem	udistPlayer_pure	public
GameTheory/Core/Subsidy.lean	30	S-FOUND	def	subsidize	public
GameTheory/Core/Subsidy.lean	37	S-FOUND	theorem	subsidize_Strategy	public
GameTheory/Core/Subsidy.lean	40	S-FOUND	theorem	subsidize_utility	public
GameTheory/Core/Subsidy.lean	44	S-FOUND	theorem	subsidize_outcomeKernel	public
GameTheory/Core/Subsidy.lean	51	S-FOUND	theorem	subsidize_eu	public
GameTheory/Core/Subsidy.lean	78	S-FOUND	theorem	subsidize_zero_eu	public
GameTheory/Core/Tests.lean	21	S-FOUND	def	boolGame	public
GameTheory/Core/Tests.lean	24	S-FOUND	def	trueProfile	public
GameTheory/Languages/Bridges/EFG_NFG.lean	35	L-BRIDGE	def	EFGGame.toNFGGame	public
GameTheory/Languages/Bridges/EFG_NFG.lean	46	L-BRIDGE	theorem	EFGGame.toNFGGame_eu	public
GameTheory/Languages/Bridges/EFG_NFG.lean	55	L-BRIDGE	def	EFGGame.toNFGGameDet	public
GameTheory/Languages/Bridges/EFG_NFG.lean	63	L-BRIDGE	theorem	toNFGGameDet_outcomeKernel	public
GameTheory/Languages/Bridges/EFG_NFG.lean	78	L-BRIDGE	def	EFGGame.toNFGGameDet_morphism	public
GameTheory/Languages/Bridges/FOSG/AugmentedEFG.lean	43	L-BRIDGE	def	encodedInfoOfView	public
GameTheory/Languages/Bridges/FOSG/AugmentedEFG.lean	52	L-BRIDGE	def	actionOfIndexForPlayer	public
GameTheory/Languages/Bridges/FOSG/AugmentedEFG.lean	67	L-BRIDGE	theorem	availableMoves_cast_mem	private
GameTheory/Languages/Bridges/FOSG/AugmentedEFG.lean	75	L-BRIDGE	theorem	word_toList_cast_eq	private
GameTheory/Languages/Bridges/FOSG/AugmentedEFG.lean	84	L-BRIDGE	theorem	playerView_cast_eq_of_eq	private
GameTheory/Languages/Bridges/FOSG/AugmentedEFG.lean	94	L-BRIDGE	def	efgToFOSGProfile	public
GameTheory/Languages/Bridges/FOSG/AugmentedEFG.lean	166	L-BRIDGE	theorem	efgToFOSGProfile_apply	public
GameTheory/Languages/Bridges/FOSG/AugmentedEFG.lean	180	L-BRIDGE	theorem	efgToFOSGProfile_translateBehavioralProfile_apply_aux	private
GameTheory/Languages/Bridges/FOSG/AugmentedEFG.lean	211	L-BRIDGE	theorem	efgToFOSGProfile_translateBehavioralProfile_apply	public
GameTheory/Languages/Bridges/FOSG/AugmentedEFG.lean	241	L-BRIDGE	theorem	translate_efgToFOSG_apply_encoded_aux	private
GameTheory/Languages/Bridges/FOSG/AugmentedEFG.lean	280	L-BRIDGE	theorem	translate_efgToFOSG_apply_encoded	private
GameTheory/Languages/Bridges/FOSG/AugmentedEFG.lean	345	L-BRIDGE	theorem	choosePlayersFrom_evalDist_eq_translate_efgToFOSG_aux	private
GameTheory/Languages/Bridges/FOSG/AugmentedEFG.lean	398	L-BRIDGE	theorem	choosePlayersFrom_evalDist_eq_translate_efgToFOSG	private
GameTheory/Languages/Bridges/FOSG/AugmentedEFG.lean	423	L-BRIDGE	theorem	fromHistory_evalDist_eq_translate_efgToFOSG	private
GameTheory/Languages/Bridges/FOSG/AugmentedEFG.lean	478	L-BRIDGE	theorem	toPlainEFGOfBoundedHorizon_outcomeKernel_eq_efgToFOSG	public
GameTheory/Languages/Bridges/FOSG/AugmentedEFG.lean	501	L-BRIDGE	theorem	toPlainEFGOfBoundedHorizon_eu_eq_native	public
GameTheory/Languages/Bridges/FOSG/AugmentedEFG.lean	514	L-BRIDGE	theorem	toPlainEFGOfBoundedHorizon_udistPlayer_eq_efgToFOSG	public
GameTheory/Languages/Bridges/FOSG/AugmentedEFG.lean	528	L-BRIDGE	theorem	toPlainEFGOfBoundedHorizon_eu_eq_efgToFOSG	public
GameTheory/Languages/Bridges/FOSG/AugmentedEFG.lean	548	L-BRIDGE	def	nodePlayerView	public
GameTheory/Languages/Bridges/FOSG/AugmentedEFG.lean	563	L-BRIDGE	def	toAugmentedOfBoundedHorizon	public
GameTheory/Languages/Bridges/FOSG/AugmentedEFG.lean	582	L-BRIDGE	theorem	forget_toAugmentedOfBoundedHorizon	public
GameTheory/Languages/Bridges/FOSG/AugmentedEFG.lean	590	L-BRIDGE	theorem	noThickPublicSets_toAugmentedOfBoundedHorizon	public
GameTheory/Languages/Bridges/FOSG/AugmentedEFG/Base.lean	40	L-BRIDGE	abbrev	PlayerIx	public
GameTheory/Languages/Bridges/FOSG/AugmentedEFG/Base.lean	43	L-BRIDGE	def	playerEquiv	public
GameTheory/Languages/Bridges/FOSG/AugmentedEFG/Base.lean	47	L-BRIDGE	def	origPlayer	public
GameTheory/Languages/Bridges/FOSG/AugmentedEFG/Base.lean	50	L-BRIDGE	theorem	origPlayer_playerEquiv	public
GameTheory/Languages/Bridges/FOSG/AugmentedEFG/Base.lean	54	L-BRIDGE	theorem	playerEquiv_origPlayer	public
GameTheory/Languages/Bridges/FOSG/AugmentedEFG/Base.lean	65	L-BRIDGE	abbrev	Word	public
GameTheory/Languages/Bridges/FOSG/AugmentedEFG/Base.lean	70	L-BRIDGE	def	ofList	public
GameTheory/Languages/Bridges/FOSG/AugmentedEFG/Base.lean	74	L-BRIDGE	def	toList	public
GameTheory/Languages/Bridges/FOSG/AugmentedEFG/Base.lean	77	L-BRIDGE	theorem	toList_ofList_eq_self	public
GameTheory/Languages/Bridges/FOSG/AugmentedEFG/Base.lean	106	L-BRIDGE	instance	instDecidableEqPlayerEvent	public
GameTheory/Languages/Bridges/FOSG/AugmentedEFG/Base.lean	111	L-BRIDGE	instance	instFintypePlayerEvent	public
GameTheory/Languages/Bridges/FOSG/AugmentedEFG/Base.lean	132	L-BRIDGE	theorem	step_playerView_length_le_two	public
GameTheory/Languages/Bridges/FOSG/AugmentedEFG/Base.lean	137	L-BRIDGE	theorem	playerViewFrom_length_le_two_mul	public
GameTheory/Languages/Bridges/FOSG/AugmentedEFG/Base.lean	148	L-BRIDGE	theorem	history_playerView_length_le_two_mul_steps	public
GameTheory/Languages/Bridges/FOSG/AugmentedEFG/Base.lean	157	L-BRIDGE	abbrev	EncPlayerView	public
GameTheory/Languages/Bridges/FOSG/AugmentedEFG/Base.lean	164	L-BRIDGE	abbrev	EncPublicView	public
GameTheory/Languages/Bridges/FOSG/AugmentedEFG/Base.lean	168	L-BRIDGE	def	encodePlayerView	public
GameTheory/Languages/Bridges/FOSG/AugmentedEFG/Base.lean	174	L-BRIDGE	def	encodePublicView	public
GameTheory/Languages/Bridges/FOSG/AugmentedEFG/Base.lean	183	L-BRIDGE	def	infoStructure	public
GameTheory/Languages/Bridges/FOSG/AugmentedEFG/Base.lean	195	L-BRIDGE	def	actionOfIndex	public
GameTheory/Languages/Bridges/FOSG/AugmentedEFG/Base.lean	204	L-BRIDGE	def	indexOfAction	public
GameTheory/Languages/Bridges/FOSG/AugmentedEFG/Base.lean	213	L-BRIDGE	theorem	actionOfIndex_indexOfAction	public
GameTheory/Languages/Bridges/FOSG/AugmentedEFG/Base.lean	222	L-BRIDGE	theorem	fintype_card_pos_of_pmf	public
GameTheory/Languages/Bridges/FOSG/AugmentedEFG/Base.lean	235	L-BRIDGE	abbrev	PayoffVec	public
GameTheory/Languages/Bridges/FOSG/AugmentedEFG/Base.lean	238	L-BRIDGE	def	recordOption	public
GameTheory/Languages/Bridges/FOSG/AugmentedEFG/Base.lean	248	L-BRIDGE	def	legalize	public
GameTheory/Languages/Bridges/FOSG/AugmentedEFG/Base.lean	259	L-BRIDGE	def	transitionChance	public
GameTheory/Languages/Bridges/FOSG/AugmentedEFG/Base.lean	275	L-BRIDGE	def	choosePlayersFrom	public
GameTheory/Languages/Bridges/FOSG/AugmentedEFG/Base.lean	295	L-BRIDGE	def	fromHistory	public
GameTheory/Languages/Bridges/FOSG/AugmentedEFG/Base.lean	308	L-BRIDGE	theorem	tree_fromHistory_zero	public
GameTheory/Languages/Bridges/FOSG/AugmentedEFG/Base.lean	317	L-BRIDGE	theorem	tree_fromHistory_succ_terminal	public
GameTheory/Languages/Bridges/FOSG/AugmentedEFG/Base.lean	326	L-BRIDGE	theorem	tree_fromHistory_succ_nonterminal	public
GameTheory/Languages/Bridges/FOSG/AugmentedEFG/Base.lean	340	L-BRIDGE	theorem	choosePlayersFrom_decisionSpineThenChance	public
GameTheory/Languages/Bridges/FOSG/AugmentedEFG/Base.lean	380	L-BRIDGE	theorem	fromHistory_succ_nonterminal_decisionSpineThenChance	public
GameTheory/Languages/Bridges/FOSG/AugmentedEFG/Base.lean	403	L-BRIDGE	theorem	choosePlayersFrom_roundSpineShape	public
GameTheory/Languages/Bridges/FOSG/AugmentedEFG/Base.lean	443	L-BRIDGE	theorem	fromHistory_fullTreeShape	public
GameTheory/Languages/Bridges/FOSG/AugmentedEFG/Base.lean	478	L-BRIDGE	theorem	tree_eval_zero	public
GameTheory/Languages/Bridges/FOSG/AugmentedEFG/Base.lean	486	L-BRIDGE	def	toPlainEFGAtHorizon	public
GameTheory/Languages/Bridges/FOSG/AugmentedEFG/Base.lean	495	L-BRIDGE	theorem	toPlainEFGAtHorizon_zero_outcomeKernel	public
GameTheory/Languages/Bridges/FOSG/AugmentedEFG/Base.lean	508	L-BRIDGE	def	toPlainEFGOfBoundedHorizon	public
GameTheory/Languages/Bridges/FOSG/AugmentedEFG/Base.lean	515	L-BRIDGE	def	translateBehavioralProfile	public
GameTheory/Languages/Bridges/FOSG/AugmentedEFG/Base.lean	532	L-BRIDGE	def	EFGProfileRespectsFOSG	public
GameTheory/Languages/Bridges/FOSG/AugmentedEFG/Base.lean	544	L-BRIDGE	theorem	translateBehavioralProfile_respectsFOSG	public
GameTheory/Languages/Bridges/FOSG/AugmentedEFG/Base.lean	560	L-BRIDGE	theorem	tree_eval_zero_eq_runDistFrom_zero	public
GameTheory/Languages/Bridges/FOSG/AugmentedEFG/Base.lean	569	L-BRIDGE	theorem	tree_eval_succ_terminal_eq_runDistFrom	public
GameTheory/Languages/Bridges/FOSG/AugmentedEFG/Base.lean	579	L-BRIDGE	theorem	tree_eval_succ_nonterminal_unfold	public
GameTheory/Languages/Bridges/FOSG/AugmentedEFG/Base.lean	594	L-BRIDGE	def	efgChoiceProfile	public
GameTheory/Languages/Bridges/FOSG/AugmentedEFG/Base.lean	603	L-BRIDGE	def	efgChoicesEquiv	public
GameTheory/Languages/Bridges/FOSG/AugmentedEFG/Base.lean	609	L-BRIDGE	def	efgJointActionDist	public
GameTheory/Languages/Bridges/FOSG/AugmentedEFG/Base.lean	618	L-BRIDGE	theorem	efgChoicesEquiv_symm_recordOption	public
GameTheory/Languages/Bridges/FOSG/AugmentedEFG/Base.lean	645	L-BRIDGE	theorem	efgJointActionDist_eq_jointActionDist	public
GameTheory/Languages/Bridges/FOSG/AugmentedEFG/Base.lean	683	L-BRIDGE	theorem	efgJointActionDist_bind_eq_jointActionDist_bind	public
GameTheory/Languages/Bridges/FOSG/AugmentedEFG/Base.lean	693	L-BRIDGE	theorem	choosePlayersFrom_evalDist_gen	public
GameTheory/Languages/Bridges/FOSG/AugmentedEFG/Base.lean	812	L-BRIDGE	theorem	choosePlayersFrom_zero_evalDist_eq_efgJointActionDist_bind	public
GameTheory/Languages/Bridges/FOSG/AugmentedEFG/Base.lean	830	L-BRIDGE	theorem	sum_subtype_eq_sum_ite	public
GameTheory/Languages/Bridges/FOSG/AugmentedEFG/Base.lean	865	L-BRIDGE	theorem	jointActionDist_bind_legalize_eq_legalActionLaw_bind	public
GameTheory/Languages/Bridges/FOSG/AugmentedEFG/Base.lean	903	L-BRIDGE	theorem	jointActionDist_bind_legalize_eq_legalActionLaw_bind_coe	public
GameTheory/Languages/Bridges/FOSG/AugmentedEFG/Base.lean	961	L-BRIDGE	theorem	tree_eval_eq_runDistFrom_of_length_add_le	public
GameTheory/Languages/Bridges/FOSG/AugmentedEFG/Base.lean	1053	L-BRIDGE	theorem	toPlainEFGAtHorizon_outcomeKernel_eq_runDist	public
GameTheory/Languages/Bridges/FOSG/AugmentedEFG/Base.lean	1067	L-BRIDGE	theorem	toPlainEFGOfBoundedHorizon_outcomeKernel_eq_runDist	public
GameTheory/Languages/Bridges/FOSG/AugmentedEFG/Base.lean	1076	L-BRIDGE	theorem	toPlainEFGOfBoundedHorizon_outcomeKernel_eq_nativeBounded	public
GameTheory/Languages/Bridges/FOSG/AugmentedEFG/Base.lean	1086	L-BRIDGE	theorem	toPlainEFGOfBoundedHorizon_support_isTerminal	public
GameTheory/Languages/Bridges/FOSG/ObsModelCore.lean	36	L-BRIDGE	structure	State	public
GameTheory/Languages/Bridges/FOSG/ObsModelCore.lean	45	L-BRIDGE	def	WellFormed	public
GameTheory/Languages/Bridges/FOSG/ObsModelCore.lean	49	L-BRIDGE	def	init	public
GameTheory/Languages/Bridges/FOSG/ObsModelCore.lean	53	L-BRIDGE	theorem	world_init	public
GameTheory/Languages/Bridges/FOSG/ObsModelCore.lean	56	L-BRIDGE	theorem	info_init	public
GameTheory/Languages/Bridges/FOSG/ObsModelCore.lean	59	L-BRIDGE	theorem	init_wellFormed	public
GameTheory/Languages/Bridges/FOSG/ObsModelCore.lean	69	L-BRIDGE	def	playerViewIncrement	public
GameTheory/Languages/Bridges/FOSG/ObsModelCore.lean	77	L-BRIDGE	theorem	playerViewIncrement_of_some	public
GameTheory/Languages/Bridges/FOSG/ObsModelCore.lean	85	L-BRIDGE	theorem	playerViewIncrement_of_none	public
GameTheory/Languages/Bridges/FOSG/ObsModelCore.lean	94	L-BRIDGE	def	advance	public
GameTheory/Languages/Bridges/FOSG/ObsModelCore.lean	101	L-BRIDGE	theorem	advance_world	public
GameTheory/Languages/Bridges/FOSG/ObsModelCore.lean	106	L-BRIDGE	theorem	advance_info	public
GameTheory/Languages/Bridges/FOSG/ObsModelCore.lean	114	L-BRIDGE	abbrev	Obs	public
GameTheory/Languages/Bridges/FOSG/ObsModelCore.lean	120	L-BRIDGE	abbrev	LocalAct	public
GameTheory/Languages/Bridges/FOSG/ObsModelCore.lean	125	L-BRIDGE	def	toObsModelCore	public
GameTheory/Languages/Bridges/FOSG/ObsModelCore.lean	139	L-BRIDGE	theorem	toObsModelCore_init_world	public
GameTheory/Languages/Bridges/FOSG/ObsModelCore.lean	143	L-BRIDGE	theorem	toObsModelCore_observe	public
GameTheory/Languages/Bridges/FOSG/ObsModelCore.lean	147	L-BRIDGE	theorem	toObsModelCore_step_legal	public
GameTheory/Languages/Bridges/FOSG/ObsModelCore.lean	158	L-BRIDGE	theorem	toObsModelCore_step_illegal	public
GameTheory/Languages/Bridges/FOSG/ObsModelCore.lean	167	L-BRIDGE	theorem	toObsModelCore_currentObs	public
GameTheory/Languages/Bridges/FOSG/ObsModelCore.lean	174	L-BRIDGE	theorem	observe_advance_eq_append	public
GameTheory/Languages/Bridges/FOSG/SerialExec.lean	41	L-BRIDGE	abbrev	State	public
GameTheory/Languages/Bridges/FOSG/SerialExec.lean	45	L-BRIDGE	abbrev	erase	public
GameTheory/Languages/Bridges/FOSG/SerialExec.lean	49	L-BRIDGE	abbrev	root	public
GameTheory/Languages/Bridges/FOSG/SerialExec.lean	53	L-BRIDGE	def	runOriginal	public
GameTheory/Languages/Bridges/FOSG/SerialExec.lean	57	L-BRIDGE	theorem	runOriginal_zero	public
GameTheory/Languages/Bridges/FOSG/SerialExec.lean	64	L-BRIDGE	theorem	runOriginal_erases_to_native	public
GameTheory/Languages/Bridges/MAID_EFG.lean	45	L-BRIDGE	def	maidInfoS	public
GameTheory/Languages/Bridges/MAID_EFG.lean	60	L-BRIDGE	def	buildTree	public
GameTheory/Languages/Bridges/MAID_EFG.lean	88	L-BRIDGE	def	maidToEFGAt	public
GameTheory/Languages/Bridges/MAID_EFG.lean	97	L-BRIDGE	def	maidToEFG	public
GameTheory/Languages/Bridges/MAID_EFG.lean	103	L-BRIDGE	def	maidToEFGWithOrder	public
GameTheory/Languages/Bridges/MAID_EFG.lean	111	L-BRIDGE	theorem	maidToEFGWithOrder_topoOrder	public
GameTheory/Languages/Bridges/MAID_EFG.lean	122	L-BRIDGE	theorem	maidInfoS_infoset_eq	public
GameTheory/Languages/Bridges/MAID_EFG.lean	126	L-BRIDGE	theorem	maidInfoS_act_eq	public
GameTheory/Languages/Bridges/MAID_EFG.lean	131	L-BRIDGE	def	maidInfoS_actEquiv	public
GameTheory/Languages/Bridges/MAID_EFG.lean	138	L-BRIDGE	def	toEFGProfile	public
GameTheory/Languages/Bridges/MAID_EFG.lean	144	L-BRIDGE	def	fromEFGProfile	public
GameTheory/Languages/Bridges/MAID_EFG.lean	148	L-BRIDGE	theorem	toFrom	public
GameTheory/Languages/Bridges/MAID_EFG.lean	157	L-BRIDGE	theorem	fromTo	public
GameTheory/Languages/Bridges/MAID_EFG.lean	165	L-BRIDGE	def	policyBehavioralEquiv	public
GameTheory/Languages/Bridges/MAID_EFG.lean	174	L-BRIDGE	def	toEFGPureProfile	public
GameTheory/Languages/Bridges/MAID_EFG.lean	179	L-BRIDGE	def	fromEFGPureProfile	public
GameTheory/Languages/Bridges/MAID_EFG.lean	183	L-BRIDGE	theorem	fromToPure	public
GameTheory/Languages/Bridges/MAID_EFG.lean	189	L-BRIDGE	theorem	toFromPure	public
GameTheory/Languages/Bridges/MAID_EFG.lean	196	L-BRIDGE	def	purePolicyEquiv	public
GameTheory/Languages/Bridges/MAID_EFG.lean	205	L-BRIDGE	theorem	pureToBehavioral_toEFGPureProfile	public
GameTheory/Languages/Bridges/MAID_EFG.lean	215	L-BRIDGE	def	pureStrategyEquivPlayer	public
GameTheory/Languages/Bridges/MAID_EFG.lean	225	L-BRIDGE	theorem	evalStep_pure	private
GameTheory/Languages/Bridges/MAID_EFG.lean	233	L-BRIDGE	theorem	evalStep_bind	public
GameTheory/Languages/Bridges/MAID_EFG.lean	241	L-BRIDGE	theorem	foldl_evalStep_bind	public
GameTheory/Languages/Bridges/MAID_EFG.lean	254	L-BRIDGE	theorem	buildTree_evalDist	public
GameTheory/Languages/Bridges/MAID_EFG.lean	308	L-BRIDGE	theorem	maid_efg_evalDist_withOrder	public
GameTheory/Languages/Bridges/MAID_EFG.lean	322	L-BRIDGE	def	OrderSwapStep	public
GameTheory/Languages/Bridges/MAID_EFG.lean	333	L-BRIDGE	abbrev	OrderSwapReachable	public
GameTheory/Languages/Bridges/MAID_EFG.lean	338	L-BRIDGE	theorem	evalFold_swap_adj_any_order	public
GameTheory/Languages/Bridges/MAID_EFG.lean	357	L-BRIDGE	theorem	evalFold_orderSwapReachable	public
GameTheory/Languages/Bridges/MAID_EFG.lean	371	L-BRIDGE	theorem	maid_efg_evalDist_orderSwapReachable	public
GameTheory/Languages/Bridges/MAID_EFG.lean	383	L-BRIDGE	theorem	maid_efg_evalDist_fold_at	public
GameTheory/Languages/Bridges/MAID_EFG.lean	390	L-BRIDGE	theorem	maid_efg_evalDist_at	public
GameTheory/Languages/Bridges/MAID_EFG.lean	402	L-BRIDGE	theorem	buildTree_pol_irrel	public
GameTheory/Languages/Bridges/MAID_EFG.lean	414	L-BRIDGE	theorem	maidToEFGAt_pol_irrel	public
GameTheory/Languages/Bridges/MAID_EFG.lean	423	L-BRIDGE	theorem	maidToEFGAt_outcomeKernel	public
GameTheory/Languages/Bridges/MAID_EFG.lean	432	L-BRIDGE	theorem	maidToEFGAt_pure_outcomeKernel	public
GameTheory/Languages/Bridges/MAID_EFG.lean	450	L-BRIDGE	def	maidToEFGAt_pure_bisimulation	public
GameTheory/Languages/Bridges/MAID_EFG.lean	471	L-BRIDGE	theorem	maidToEFGAt_udist	public
GameTheory/Languages/Bridges/MAID_EFG.lean	484	L-BRIDGE	def	strategyEquivPlayer	private
GameTheory/Languages/Bridges/MAID_EFG.lean	499	L-BRIDGE	def	maidToEFGAt_bisimulation	public
GameTheory/Languages/Bridges/MAID_EFG.lean	520	L-BRIDGE	def	maidToEFGAt_simulation	public
GameTheory/Languages/Bridges/MAID_EFG.lean	530	L-BRIDGE	def	maidToEFGAt_morphism	public
GameTheory/Languages/Bridges/MAID_EFG.lean	557	L-BRIDGE	theorem	buildTree_obs_stable	private
GameTheory/Languages/Bridges/MAID_EFG.lean	597	L-BRIDGE	theorem	buildTree_decNode_mem	private
GameTheory/Languages/Bridges/MAID_EFG.lean	628	L-BRIDGE	theorem	buildTree_reach_decision_unique	private
GameTheory/Languages/Bridges/MAID_EFG.lean	722	L-BRIDGE	theorem	buildTree_isPerfectInfo_of_pairwise_observation	public
GameTheory/Languages/Bridges/MAID_EFG.lean	746	L-BRIDGE	theorem	buildTree_playerHistory_eq	private
GameTheory/Languages/Bridges/MAID_EFG.lean	929	L-BRIDGE	theorem	buildTree_perfectRecall	public
GameTheory/Languages/Bridges/MAID_EFG.lean	947	L-BRIDGE	theorem	kuhn_behavioral_to_mixed_udist_at	public
GameTheory/Languages/Bridges/MAID_EFG.lean	971	L-BRIDGE	theorem	kuhn_mixed_to_behavioral_udist_at	public
GameTheory/Languages/Bridges/MAID_EFG.lean	992	L-BRIDGE	def	maidToEFGAt_order_bisimulation	public
GameTheory/Languages/Bridges/MAID_EFG.lean	1007	L-BRIDGE	def	maidToEFG_bisimulation	public
GameTheory/Languages/Bridges/MAID_EFG.lean	1014	L-BRIDGE	def	maidToEFG_pure_bisimulation	public
GameTheory/Languages/Bridges/MAID_EFG.lean	1021	L-BRIDGE	theorem	maidToEFG_udist	public
GameTheory/Languages/Bridges/MAID_EFG.lean	1028	L-BRIDGE	theorem	maidToEFG_perfectRecall	public
GameTheory/Languages/Bridges/MAID_EFG.lean	1036	L-BRIDGE	theorem	kuhn_behavioral_to_mixed_udist	public
GameTheory/Languages/Bridges/MAID_EFG.lean	1048	L-BRIDGE	theorem	kuhn_mixed_to_behavioral_udist	public
GameTheory/Languages/Bridges/NFG_EFG.lean	41	L-BRIDGE	def	nfgInfoS	public
GameTheory/Languages/Bridges/NFG_EFG.lean	50	L-BRIDGE	def	actEquiv	public
GameTheory/Languages/Bridges/NFG_EFG.lean	62	L-BRIDGE	def	nfgTreeAux	public
GameTheory/Languages/Bridges/NFG_EFG.lean	75	L-BRIDGE	def	nfgTree	public
GameTheory/Languages/Bridges/NFG_EFG.lean	87	L-BRIDGE	def	NFGGame.toEFG	public
GameTheory/Languages/Bridges/NFG_EFG.lean	99	L-BRIDGE	theorem	nfgTreeAux_evalDist_pure	private
GameTheory/Languages/Bridges/NFG_EFG.lean	132	L-BRIDGE	theorem	nfgTree_evalDist_pure	public
GameTheory/Languages/Bridges/NFG_EFG.lean	153	L-BRIDGE	def	NFGGame.toEFG_morphism	public
GameTheory/Languages/Bridges/NFG_FOSG.lean	46	L-BRIDGE	def	actionsOfJoint	public
GameTheory/Languages/Bridges/NFG_FOSG.lean	58	L-BRIDGE	def	toFOSG	public
GameTheory/Languages/Bridges/NFG_FOSG.lean	80	L-BRIDGE	theorem	toFOSG_terminal_iff	public
GameTheory/Languages/Bridges/NFG_FOSG.lean	84	L-BRIDGE	theorem	toFOSG_active_init	public
GameTheory/Languages/Bridges/NFG_FOSG.lean	89	L-BRIDGE	theorem	toFOSG_not_terminal_init	public
GameTheory/Languages/Bridges/NFG_FOSG.lean	94	L-BRIDGE	theorem	toFOSG_transition_init	public
GameTheory/Languages/Bridges/NFG_FOSG.lean	98	L-BRIDGE	theorem	toFOSG_boundedHorizon	public
GameTheory/Languages/Bridges/NFG_FOSG.lean	129	L-BRIDGE	theorem	toFOSG_history_eq_nil_of_playerView_nil	public
GameTheory/Languages/Bridges/NFG_FOSG.lean	150	L-BRIDGE	theorem	toFOSG_lastState_true_of_steps_ne_nil	public
GameTheory/Languages/Bridges/NFG_FOSG.lean	190	L-BRIDGE	def	liftBehavioral	public
GameTheory/Languages/Bridges/NFG_FOSG.lean	219	L-BRIDGE	def	jointActionOf	public
GameTheory/Languages/Bridges/NFG_FOSG.lean	230	L-BRIDGE	theorem	jointActionOf_val	public
GameTheory/Languages/Bridges/NFG_FOSG.lean	234	L-BRIDGE	theorem	actionsOfJoint_jointActionOf	public
GameTheory/Languages/Bridges/NFG_FOSG.lean	240	L-BRIDGE	def	liftProfile	public
GameTheory/Languages/Bridges/NFG_FOSG.lean	247	L-BRIDGE	theorem	toFOSG_legalActionLaw_nil	public
GameTheory/Languages/Bridges/NFG_FOSG.lean	294	L-BRIDGE	instance	instDecidablePredToFOSGTerminal	public
GameTheory/Languages/Bridges/NFG_FOSG.lean	299	L-BRIDGE	instance	instFintypeToFOSGHistory	public
GameTheory/Languages/Bridges/NFG_FOSG.lean	305	L-BRIDGE	theorem	toFOSG_transition_init_support	public
GameTheory/Languages/Bridges/NFG_FOSG.lean	313	L-BRIDGE	def	oneStepHistory	public
GameTheory/Languages/Bridges/NFG_FOSG.lean	323	L-BRIDGE	theorem	toFOSG_runDist_one	public
GameTheory/Languages/Bridges/NFG_FOSG.lean	365	L-BRIDGE	theorem	toFOSG_oneStepHistory_utility	public
GameTheory/Languages/Bridges/NFG_FOSG.lean	379	L-BRIDGE	theorem	toFOSG_udist_eq	public
GameTheory/Languages/Bridges/NFG_FOSG.lean	401	L-BRIDGE	def	toFOSG_morphism	public
GameTheory/Languages/Bridges/OpenGame_DAG_MAID.lean	37	L-BRIDGE	abbrev	LocalKernel	public
GameTheory/Languages/Bridges/OpenGame_DAG_MAID.lean	41	L-BRIDGE	theorem	parents_acyclic	public
GameTheory/Languages/Bridges/OpenGame_DAG_MAID.lean	51	L-BRIDGE	def	maidStruct	public
GameTheory/Languages/Bridges/OpenGame_DAG_MAID.lean	69	L-BRIDGE	theorem	maidStruct_naturalOrder	public
GameTheory/Languages/Bridges/OpenGame_DAG_MAID.lean	76	L-BRIDGE	def	sem	public
GameTheory/Languages/Bridges/OpenGame_DAG_MAID.lean	87	L-BRIDGE	def	eval	public
GameTheory/Languages/Bridges/OpenGame_DAG_MAID.lean	96	L-BRIDGE	theorem	eval_toPMF	public
GameTheory/Languages/Bridges/OpenGame_DAG_MAID.lean	105	L-BRIDGE	def	deterministic	public
GameTheory/Languages/Bridges/OpenGame_DAG_MAID.lean	111	L-BRIDGE	theorem	nodeDist_deterministic	public
GameTheory/Languages/Bridges/OpenGame_DAG_MAID.lean	126	L-BRIDGE	theorem	eval_deterministic	public
GameTheory/Languages/Bridges/OpenGame_DAG_MAID.lean	140	L-BRIDGE	def	expectedPayoff	public
GameTheory/Languages/Bridges/OpenGame_DAG_MAID.lean	148	L-BRIDGE	theorem	expectedPayoff_deterministic	public
GameTheory/Languages/Bridges/OpenGame_DAG_MAID.lean	163	L-BRIDGE	abbrev	PlayerPolicy	public
GameTheory/Languages/Bridges/OpenGame_DAG_MAID.lean	169	L-BRIDGE	def	assemble	public
GameTheory/Languages/Bridges/OpenGame_DAG_MAID.lean	179	L-BRIDGE	def	groupPolicy	public
GameTheory/Languages/Bridges/OpenGame_DAG_MAID.lean	187	L-BRIDGE	theorem	assemble_groupPolicy	public
GameTheory/Languages/Bridges/OpenGame_DAG_MAID.lean	204	L-BRIDGE	def	behavioralNFG	public
GameTheory/Languages/Bridges/OpenGame_DAG_MAID.lean	217	L-BRIDGE	def	compileBehavioral	public
GameTheory/Languages/Bridges/OpenGame_DAG_MAID.lean	225	L-BRIDGE	def	IsBehavioralNash	public
GameTheory/Languages/Bridges/OpenGame_DAG_MAID.lean	235	L-BRIDGE	theorem	isBehavioralNash_iff_kernelNash	public
GameTheory/Languages/Bridges/OpenGame_EFG.lean	39	L-BRIDGE	def	efgInfo	public
GameTheory/Languages/Bridges/OpenGame_EFG.lean	59	L-BRIDGE	def	decodeAction	public
GameTheory/Languages/Bridges/OpenGame_EFG.lean	64	L-BRIDGE	def	leaderInfo	public
GameTheory/Languages/Bridges/OpenGame_EFG.lean	69	L-BRIDGE	def	followerInfo	public
GameTheory/Languages/Bridges/OpenGame_EFG.lean	75	L-BRIDGE	def	efgTree	public
GameTheory/Languages/Bridges/OpenGame_EFG.lean	83	L-BRIDGE	def	toEFG	public
GameTheory/Languages/Bridges/OpenGame_EFG.lean	92	L-BRIDGE	def	toPureProfile	public
GameTheory/Languages/Bridges/OpenGame_EFG.lean	98	L-BRIDGE	def	ofPureProfile	public
GameTheory/Languages/Bridges/OpenGame_EFG.lean	102	L-BRIDGE	theorem	toPureProfile_leader	public
GameTheory/Languages/Bridges/OpenGame_EFG.lean	106	L-BRIDGE	theorem	toPureProfile_follower	public
GameTheory/Languages/Bridges/OpenGame_EFG.lean	111	L-BRIDGE	def	pureProfileEquiv	public
GameTheory/Languages/Bridges/OpenGame_EFG.lean	140	L-BRIDGE	def	realizedOutcome	public
GameTheory/Languages/Bridges/OpenGame_EFG.lean	146	L-BRIDGE	theorem	efgTree_evalPure_eq_ofPureProfile	public
GameTheory/Languages/Bridges/OpenGame_EFG.lean	152	L-BRIDGE	theorem	efgTree_isDeterministic	public
GameTheory/Languages/Bridges/OpenGame_EFG.lean	161	L-BRIDGE	theorem	efgTree_evalPure	public
GameTheory/Languages/Bridges/OpenGame_EFG.lean	170	L-BRIDGE	theorem	efgTree_evalDist	public
GameTheory/Languages/Bridges/OpenGame_EFG.lean	178	L-BRIDGE	theorem	toEFG_outcomeKernel_eq_compileAction	public
GameTheory/Languages/Bridges/OpenGame_EFG.lean	189	L-BRIDGE	theorem	efgTree_evalDist_profile	public
GameTheory/Languages/Bridges/OpenGame_EFG.lean	196	L-BRIDGE	def	efgFollowerTree	public
GameTheory/Languages/Bridges/OpenGame_EFG.lean	200	L-BRIDGE	theorem	efgFollowerTree_isDeterministic	public
GameTheory/Languages/Bridges/OpenGame_EFG.lean	207	L-BRIDGE	theorem	efgFollowerTree_evalDist_profile	public
GameTheory/Languages/Bridges/OpenGame_EFG.lean	216	L-BRIDGE	theorem	realizedOutcome_toPureProfile	public
GameTheory/Languages/Bridges/OpenGame_EFG.lean	225	L-BRIDGE	theorem	ofPureProfile_update_leader	public
GameTheory/Languages/Bridges/OpenGame_EFG.lean	236	L-BRIDGE	theorem	ofPureProfile_update_follower	public
GameTheory/Languages/Bridges/OpenGame_EFG.lean	246	L-BRIDGE	theorem	realizedOutcome_update_leader	public
GameTheory/Languages/Bridges/OpenGame_EFG.lean	257	L-BRIDGE	theorem	realizedOutcome_update_follower	public
GameTheory/Languages/Bridges/OpenGame_EFG.lean	269	L-BRIDGE	theorem	toEFG_root_eu	public
GameTheory/Languages/Bridges/OpenGame_EFG.lean	280	L-BRIDGE	theorem	toEFG_follower_eu	public
GameTheory/Languages/Bridges/OpenGame_EFG.lean	292	L-BRIDGE	theorem	toEFG_root_eu_update_leader	public
GameTheory/Languages/Bridges/OpenGame_EFG.lean	306	L-BRIDGE	theorem	toEFG_root_eu_update_follower	public
GameTheory/Languages/Bridges/OpenGame_EFG.lean	320	L-BRIDGE	theorem	toEFG_follower_eu_obedient	public
GameTheory/Languages/Bridges/OpenGame_EFG.lean	329	L-BRIDGE	theorem	toEFG_follower_eu_update	public
GameTheory/Languages/Bridges/OpenGame_EFG.lean	345	L-BRIDGE	theorem	conditioned_root_isNash	public
GameTheory/Languages/Bridges/OpenGame_EFG.lean	365	L-BRIDGE	theorem	conditioned_follower_isNashFor	public
GameTheory/Languages/Bridges/OpenGame_EFG.lean	393	L-BRIDGE	theorem	conditioned_implies_efg_isSubgamePerfectEq	public
GameTheory/Languages/Bridges/OpenGame_EFG.lean	440	L-BRIDGE	theorem	efgTree_isPerfectInfo	public
GameTheory/Languages/Bridges/OpenGame_EFG.lean	483	L-BRIDGE	theorem	efg_isSubgamePerfectEq_implies_conditioned	public
GameTheory/Languages/Bridges/OpenGame_EFG.lean	537	L-BRIDGE	theorem	conditioned_isEquilibriumIn_iff_efg_isSubgamePerfectEq	public
GameTheory/Languages/Bridges/OpenGame_EFG.lean	546	L-BRIDGE	theorem	conditioned_isEquilibriumIn_iff_hasNoOneShotDeviation	public
GameTheory/Languages/Bridges/OpenGame_MAID.lean	38	L-BRIDGE	def	decisionNode	public
GameTheory/Languages/Bridges/OpenGame_MAID.lean	42	L-BRIDGE	def	utilityNode	public
GameTheory/Languages/Bridges/OpenGame_MAID.lean	46	L-BRIDGE	def	nodeKind	public
GameTheory/Languages/Bridges/OpenGame_MAID.lean	50	L-BRIDGE	def	nodeVal	public
GameTheory/Languages/Bridges/OpenGame_MAID.lean	53	L-BRIDGE	theorem	nodeVal_castAdd	public
GameTheory/Languages/Bridges/OpenGame_MAID.lean	57	L-BRIDGE	theorem	nodeVal_natAdd	public
GameTheory/Languages/Bridges/OpenGame_MAID.lean	63	L-BRIDGE	def	parentNodes	public
GameTheory/Languages/Bridges/OpenGame_MAID.lean	69	L-BRIDGE	theorem	parentNodes_lt	public
GameTheory/Languages/Bridges/OpenGame_MAID.lean	81	L-BRIDGE	theorem	parentNodes_acyclic	public
GameTheory/Languages/Bridges/OpenGame_MAID.lean	94	L-BRIDGE	def	sequentialStruct	public
GameTheory/Languages/Bridges/OpenGame_MAID.lean	122	L-BRIDGE	theorem	sequentialStruct_kind_decision	public
GameTheory/Languages/Bridges/OpenGame_MAID.lean	128	L-BRIDGE	theorem	sequentialStruct_kind_utility	public
GameTheory/Languages/Bridges/OpenGame_MAID.lean	135	L-BRIDGE	theorem	sequentialStruct_parents_decision	public
GameTheory/Languages/Bridges/OpenGame_MAID.lean	143	L-BRIDGE	theorem	sequentialStruct_parents_utility	public
GameTheory/Languages/Bridges/OpenGame_MAID.lean	151	L-BRIDGE	theorem	decisionNode_mem_parents_decision	public
GameTheory/Languages/Bridges/OpenGame_MAID.lean	160	L-BRIDGE	theorem	decisionNode_mem_parents_utility	public
GameTheory/Languages/Bridges/OpenGame_MAID.lean	167	L-BRIDGE	theorem	decisionNode_eq	public
GameTheory/Languages/Bridges/OpenGame_MAID.lean	186	L-BRIDGE	def	decisionNodeFor	public
GameTheory/Languages/Bridges/OpenGame_MAID.lean	194	L-BRIDGE	def	parentStage	public
GameTheory/Languages/Bridges/OpenGame_MAID.lean	206	L-BRIDGE	def	priorParent	public
GameTheory/Languages/Bridges/OpenGame_MAID.lean	214	L-BRIDGE	theorem	parentStage_priorParent	public
GameTheory/Languages/Bridges/OpenGame_MAID.lean	221	L-BRIDGE	theorem	priorParent_parentStage	public
GameTheory/Languages/Bridges/OpenGame_MAID.lean	232	L-BRIDGE	def	parentIndexEquiv	public
GameTheory/Languages/Bridges/OpenGame_MAID.lean	243	L-BRIDGE	theorem	parentValueType_eq	public
GameTheory/Languages/Bridges/OpenGame_MAID.lean	257	L-BRIDGE	def	parentValueEquiv	public
GameTheory/Languages/Bridges/OpenGame_MAID.lean	269	L-BRIDGE	def	cfgHistoryEquiv	public
GameTheory/Languages/Bridges/OpenGame_MAID.lean	278	L-BRIDGE	def	infosetCfgEquiv	public
GameTheory/Languages/Bridges/OpenGame_MAID.lean	303	L-BRIDGE	def	infosetHistoryEquiv	public
GameTheory/Languages/Bridges/OpenGame_MAID.lean	309	L-BRIDGE	theorem	infosetHistoryEquiv_canonical	public
GameTheory/Languages/Bridges/OpenGame_MAID.lean	320	L-BRIDGE	theorem	infosetValueType_eq	public
GameTheory/Languages/Bridges/OpenGame_MAID.lean	331	L-BRIDGE	def	pureStageEquiv	public
GameTheory/Languages/Bridges/OpenGame_MAID.lean	341	L-BRIDGE	def	purePolicyEquiv	public
GameTheory/Languages/Bridges/OpenGame_MAID.lean	348	L-BRIDGE	def	toPurePolicy	public
GameTheory/Languages/Bridges/OpenGame_MAID.lean	355	L-BRIDGE	def	ofPurePolicy	public
GameTheory/Languages/Bridges/OpenGame_MAID.lean	361	L-BRIDGE	theorem	ofPurePolicy_toPurePolicy	public
GameTheory/Languages/Bridges/OpenGame_MAID.lean	367	L-BRIDGE	theorem	toPurePolicy_ofPurePolicy	public
GameTheory/Languages/Bridges/OpenGame_MAID.lean	373	L-BRIDGE	theorem	toPurePolicy_apply	public
GameTheory/Languages/Bridges/OpenGame_MAID.lean	388	L-BRIDGE	theorem	toPurePolicy_update	public
GameTheory/Languages/Bridges/OpenGame_MAID.lean	416	L-BRIDGE	def	pathOfAssign	public
GameTheory/Languages/Bridges/OpenGame_MAID.lean	426	L-BRIDGE	theorem	cfgHistoryEquiv_projCfg	public
GameTheory/Languages/Bridges/OpenGame_MAID.lean	445	L-BRIDGE	def	assignOfPath	public
GameTheory/Languages/Bridges/OpenGame_MAID.lean	455	L-BRIDGE	theorem	pathOfAssign_assignOfPath	public
GameTheory/Languages/Bridges/OpenGame_MAID.lean	462	L-BRIDGE	theorem	assignOfPath_pathOfAssign	public
GameTheory/Languages/Bridges/OpenGame_MAID.lean	477	L-BRIDGE	def	assignPathEquiv	public
GameTheory/Languages/Bridges/OpenGame_MAID.lean	487	L-BRIDGE	theorem	utilityNode_eq	public
GameTheory/Languages/Bridges/OpenGame_MAID.lean	507	L-BRIDGE	def	utilityNodeFor	public
GameTheory/Languages/Bridges/OpenGame_MAID.lean	514	L-BRIDGE	def	utilityParentStage	public
GameTheory/Languages/Bridges/OpenGame_MAID.lean	526	L-BRIDGE	def	utilityParent	public
GameTheory/Languages/Bridges/OpenGame_MAID.lean	532	L-BRIDGE	theorem	utilityParentStage_utilityParent	public
GameTheory/Languages/Bridges/OpenGame_MAID.lean	539	L-BRIDGE	theorem	utilityParent_utilityParentStage	public
GameTheory/Languages/Bridges/OpenGame_MAID.lean	548	L-BRIDGE	def	utilityParentEquiv	public
GameTheory/Languages/Bridges/OpenGame_MAID.lean	557	L-BRIDGE	theorem	utilityParentValueType_eq	public
GameTheory/Languages/Bridges/OpenGame_MAID.lean	570	L-BRIDGE	def	utilityCfgPathEquiv	public
GameTheory/Languages/Bridges/OpenGame_MAID.lean	582	L-BRIDGE	def	pathOfUtilityCfg	public
GameTheory/Languages/Bridges/OpenGame_MAID.lean	593	L-BRIDGE	def	sequentialSem	public
GameTheory/Languages/Bridges/OpenGame_MAID.lean	619	L-BRIDGE	theorem	nodeDist_decision	private
GameTheory/Languages/Bridges/OpenGame_MAID.lean	633	L-BRIDGE	theorem	map_nodeDist_decision_eq_pure	public
GameTheory/Languages/Bridges/OpenGame_MAID.lean	655	L-BRIDGE	theorem	nodeDist_decision_realize_eq_pure	public
GameTheory/Languages/Bridges/OpenGame_MAID.lean	708	L-BRIDGE	theorem	nodeDist_utility	private
GameTheory/Languages/Bridges/OpenGame_MAID.lean	720	L-BRIDGE	theorem	nodeDist_realize_eq_pure	public
GameTheory/Languages/Bridges/OpenGame_MAID.lean	749	L-BRIDGE	theorem	nodeDist_realize_eq_pure_of_eq_from	public
GameTheory/Languages/Bridges/OpenGame_MAID.lean	801	L-BRIDGE	theorem	pathOfUtilityCfg_projCfg	public
GameTheory/Languages/Bridges/OpenGame_MAID.lean	815	L-BRIDGE	theorem	utilityOf_eq	public
GameTheory/Languages/Bridges/OpenGame_MAID.lean	833	L-BRIDGE	theorem	utilityOf_assignOfPath	public
GameTheory/Languages/Bridges/OpenGame_MAID.lean	843	L-BRIDGE	theorem	sequentialStruct_naturalOrder	public
GameTheory/Languages/Bridges/OpenGame_MAID.lean	852	L-BRIDGE	theorem	evalAssignDist_toPurePolicy	public
GameTheory/Languages/Bridges/OpenGame_MAID.lean	867	L-BRIDGE	theorem	map_evalAssignDist_toPurePolicy	public
GameTheory/Languages/Bridges/OpenGame_MAID.lean	880	L-BRIDGE	theorem	eu_toPurePolicy	public
GameTheory/Languages/Bridges/OpenGame_MAID.lean	897	L-BRIDGE	theorem	purePolicyKernelGame_eu_toPurePolicy	public
GameTheory/Languages/Bridges/OpenGame_MAID.lean	908	L-BRIDGE	theorem	purePolicyKernelGame_eu_update	public
GameTheory/Languages/Bridges/OpenGame_MAID.lean	930	L-BRIDGE	theorem	isEquilibriumIn_iff_isPurePolicyNash	public
GameTheory/Languages/Bridges/OpenGame_MAID.lean	963	L-BRIDGE	theorem	isPurePolicyNash_iff_kernelGameIsNash	public
GameTheory/Languages/Bridges/OpenGame_MAID.lean	976	L-BRIDGE	theorem	isEquilibriumIn_iff_mixedPurePolicyNash	public
GameTheory/Languages/Bridges/OpenGame_MAID.lean	1000	L-BRIDGE	theorem	sequentialStruct_perfectRecall	public
GameTheory/Languages/Bridges/OpenGame_MAID.lean	1027	L-BRIDGE	theorem	isEquilibriumIn_iff_behavioralNash	public
GameTheory/Languages/Bridges/OpenGame_MAID.lean	1048	L-BRIDGE	def	sequentialTopologicalOrder	public
GameTheory/Languages/Bridges/OpenGame_MAID.lean	1054	L-BRIDGE	theorem	sequentialStruct_noChance	public
GameTheory/Languages/Bridges/OpenGame_MAID.lean	1072	L-BRIDGE	theorem	sequentialTopologicalOrder_pairwiseObservation	public
GameTheory/Languages/Bridges/OpenGame_MAID.lean	1102	L-BRIDGE	def	nodesFrom	public
GameTheory/Languages/Bridges/OpenGame_MAID.lean	1107	L-BRIDGE	theorem	nodesFrom_stage	public
GameTheory/Languages/Bridges/OpenGame_MAID.lean	1120	L-BRIDGE	def	continuationProfile	public
GameTheory/Languages/Bridges/OpenGame_MAID.lean	1129	L-BRIDGE	theorem	continuationProfile_eq_of_lt	public
GameTheory/Languages/Bridges/OpenGame_MAID.lean	1138	L-BRIDGE	theorem	continuationProfile_realize_prior	public
GameTheory/Languages/Bridges/OpenGame_MAID.lean	1150	L-BRIDGE	theorem	continuationProfile_realize_current	public
GameTheory/Languages/Bridges/OpenGame_MAID.lean	1159	L-BRIDGE	theorem	realize_continuation_selected	public
GameTheory/Languages/Bridges/OpenGame_MAID.lean	1188	L-BRIDGE	def	assignmentBefore	public
GameTheory/Languages/Bridges/OpenGame_MAID.lean	1200	L-BRIDGE	def	encodeAction	public
GameTheory/Languages/Bridges/OpenGame_MAID.lean	1209	L-BRIDGE	def	decodeAction	public
GameTheory/Languages/Bridges/OpenGame_MAID.lean	1216	L-BRIDGE	theorem	decodeAction_encodeAction	public
GameTheory/Languages/Bridges/OpenGame_MAID.lean	1222	L-BRIDGE	theorem	encodeAction_decodeAction	public
GameTheory/Languages/Bridges/OpenGame_MAID.lean	1231	L-BRIDGE	theorem	valEquiv_symm_encodeAction	public
GameTheory/Languages/Bridges/OpenGame_MAID.lean	1241	L-BRIDGE	theorem	assignmentBefore_update	public
GameTheory/Languages/Bridges/OpenGame_MAID.lean	1332	L-BRIDGE	def	infosetAtHistory	public
GameTheory/Languages/Bridges/OpenGame_MAID.lean	1343	L-BRIDGE	theorem	infosetHistoryEquiv_infosetAtHistory	public
GameTheory/Languages/Bridges/OpenGame_MAID.lean	1375	L-BRIDGE	theorem	buildTree_assignmentBefore	public
GameTheory/Languages/Bridges/OpenGame_MAID.lean	1403	L-BRIDGE	theorem	decisionContinuation_evalDist	public
GameTheory/Languages/Bridges/OpenGame_MAID.lean	1439	L-BRIDGE	theorem	buildTree_reach_prefix	public
GameTheory/Languages/Bridges/OpenGame_MAID.lean	1533	L-BRIDGE	def	IsHistoryOneShotEquilibrium	public
GameTheory/Languages/Bridges/OpenGame_MAID.lean	1541	L-BRIDGE	theorem	isOneShotConditionedEquilibrium_iff_history	public
GameTheory/Languages/Bridges/OpenGame_MAID.lean	1604	L-BRIDGE	def	toEFG	public
GameTheory/Languages/Bridges/OpenGame_MAID.lean	1613	L-BRIDGE	theorem	toEFG_isPerfectInfo	public
GameTheory/Languages/Bridges/OpenGame_MAID.lean	1625	L-BRIDGE	theorem	toEFG_reach_history	public
GameTheory/Languages/Bridges/OpenGame_MAID.lean	1652	L-BRIDGE	def	toEFGPureProfile	public
GameTheory/Languages/Bridges/OpenGame_MAID.lean	1660	L-BRIDGE	theorem	toEFGPureProfile_infosetAtHistory	public
GameTheory/Languages/Bridges/OpenGame_MAID.lean	1674	L-BRIDGE	theorem	toEFGPureProfile_infosetHistory_symm	public
GameTheory/Languages/Bridges/OpenGame_MAID.lean	1687	L-BRIDGE	theorem	decisionContinuation_expect	public
GameTheory/Languages/Bridges/OpenGame_MAID.lean	1709	L-BRIDGE	theorem	hasNoOneShotDeviation_iff_history	public
GameTheory/Languages/Bridges/OpenGame_MAID.lean	1883	L-BRIDGE	theorem	efg_isSubgamePerfectEq_iff_hasNoOneShotDeviation	public
GameTheory/Languages/Bridges/OpenGame_MAID.lean	1899	L-BRIDGE	theorem	isOneShotConditionedEquilibrium_iff_efgHasNoOneShotDeviation	public
GameTheory/Languages/Bridges/OpenGame_MAID.lean	1917	L-BRIDGE	theorem	conditioned_isEquilibriumIn_iff_efgIsSubgamePerfect	public
GameTheory/Languages/Bridges/OpenGame_MAID.lean	1936	L-BRIDGE	def	toEFGBisimulation	public
GameTheory/Languages/Bridges/OpenGame_MAID.lean	1947	L-BRIDGE	def	toEFGPureBisimulation	public
GameTheory/Languages/Bridges/OpenGame_MAID.lean	1959	L-BRIDGE	theorem	isEquilibriumIn_iff_efgIsNash	public
GameTheory/Languages/Bridges/OpenGame_MAID.lean	1979	L-BRIDGE	theorem	toEFG_perfectRecall	public
GameTheory/Languages/Bridges/OpenGame_Mixed.lean	31	L-BRIDGE	def	boolMixedProfile	public
GameTheory/Languages/Bridges/OpenGame_Mixed.lean	36	L-BRIDGE	theorem	boolMixedProfile_false	public
GameTheory/Languages/Bridges/OpenGame_Mixed.lean	40	L-BRIDGE	theorem	boolMixedProfile_true	public
GameTheory/Languages/Bridges/OpenGame_Mixed.lean	44	L-BRIDGE	theorem	boolMixedProfile_update_false	public
GameTheory/Languages/Bridges/OpenGame_Mixed.lean	52	L-BRIDGE	theorem	boolMixedProfile_update_true	public
GameTheory/Languages/Bridges/OpenGame_Mixed.lean	62	L-BRIDGE	theorem	map_pmfPi_bool_eq_product	public
GameTheory/Languages/Bridges/OpenGame_Mixed.lean	73	L-BRIDGE	def	boolPayoffPair	public
GameTheory/Languages/Bridges/OpenGame_Mixed.lean	78	L-BRIDGE	theorem	mixed_eu_false_eq_pair_expect	private
GameTheory/Languages/Bridges/OpenGame_Mixed.lean	98	L-BRIDGE	theorem	mixed_eu_true_eq_pair_expect	private
GameTheory/Languages/Bridges/OpenGame_Mixed.lean	120	L-BRIDGE	theorem	isMixedNash2_iff_isNashMixed	public
GameTheory/Languages/Bridges/OpenGame_Mixed.lean	211	L-BRIDGE	theorem	actionDecision_tensor_isEquilibriumIn_iff_isNashMixed	public
GameTheory/Languages/EFG/Augmented.lean	29	L-EFG	structure	ReachableNode	public
GameTheory/Languages/EFG/Augmented.lean	39	L-EFG	abbrev	steps	public
GameTheory/Languages/EFG/Augmented.lean	42	L-EFG	def	IsPrefix	public
GameTheory/Languages/EFG/Augmented.lean	46	L-EFG	def	IsStrictPrefix	public
GameTheory/Languages/EFG/Augmented.lean	49	L-EFG	theorem	prefix_refl	public
GameTheory/Languages/EFG/Augmented.lean	52	L-EFG	theorem	prefix_trans	public
GameTheory/Languages/EFG/Augmented.lean	60	L-EFG	def	player?	public
GameTheory/Languages/EFG/Augmented.lean	67	L-EFG	def	actionArity?	public
GameTheory/Languages/EFG/Augmented.lean	74	L-EFG	def	IsDecisionFor	public
GameTheory/Languages/EFG/Augmented.lean	78	L-EFG	theorem	isDecisionFor_iff_player	public
GameTheory/Languages/EFG/Augmented.lean	99	L-EFG	theorem	actionArity?_eq_some_of_isDecisionFor	public
GameTheory/Languages/EFG/Augmented.lean	113	L-EFG	structure	ReachableDecision	public
GameTheory/Languages/EFG/Augmented.lean	124	L-EFG	def	toReachableNode	public
GameTheory/Languages/EFG/Augmented.lean	127	L-EFG	theorem	toReachableNode_player	public
GameTheory/Languages/EFG/Augmented.lean	131	L-EFG	theorem	toReachableNode_actionArity	public
GameTheory/Languages/EFG/Augmented.lean	145	L-EFG	structure	AugmentedGame	public
GameTheory/Languages/EFG/Augmented.lean	166	L-EFG	abbrev	forget	public
GameTheory/Languages/EFG/Augmented.lean	169	L-EFG	def	publicSet	public
GameTheory/Languages/EFG/Augmented.lean	173	L-EFG	def	infoSet	public
GameTheory/Languages/EFG/Augmented.lean	178	L-EFG	def	decisionInfoSet	public
GameTheory/Languages/EFG/Augmented.lean	182	L-EFG	theorem	mem_decisionInfoSet_iff	public
GameTheory/Languages/EFG/Augmented.lean	186	L-EFG	theorem	decisionInfoSet_subset_infoSet	public
GameTheory/Languages/EFG/Augmented.lean	193	L-EFG	theorem	infoSet_subset_publicSet	public
GameTheory/Languages/EFG/Augmented.lean	200	L-EFG	theorem	decisionInfoSet_subset_publicSet	public
GameTheory/Languages/EFG/Augmented.lean	207	L-EFG	def	NoThickPublicSets	public
GameTheory/Languages/EFG/Augmented.lean	215	L-EFG	def	PerfectRecall	public
GameTheory/Languages/EFG/Augmented.lean	220	L-EFG	theorem	decisionArity_eq_of_playerState_eq	public
GameTheory/Languages/EFG/Augmented.lean	230	L-EFG	def	actEquivOfPlayerStateEq	public
GameTheory/Languages/EFG/Compile.lean	20	L-EFG	abbrev	CtrlAct	public
GameTheory/Languages/EFG/Compile.lean	28	L-EFG	abbrev	PublicObs	public
GameTheory/Languages/EFG/Compile.lean	32	L-EFG	def	obsOfState	public
GameTheory/Languages/EFG/Compile.lean	51	L-EFG	def	compileInfoOn	public
GameTheory/Languages/EFG/CompileObs.lean	53	L-EFG	def	CompiledAct	public
GameTheory/Languages/EFG/CompileObs.lean	58	L-EFG	theorem	compiledAct_eq_of_some	public
GameTheory/Languages/EFG/CompileObs.lean	64	L-EFG	instance	compiledActFintype	public
GameTheory/Languages/EFG/CompileObs.lean	68	L-EFG	instance	compiledActNonempty	public
GameTheory/Languages/EFG/CompileObs.lean	83	L-EFG	def	treeStepPMF	public
GameTheory/Languages/EFG/CompileObs.lean	103	L-EFG	def	compileObsModel	public
GameTheory/Languages/EFG/CompileObs.lean	116	L-EFG	def	compileObsModelCore	public
GameTheory/Languages/EFG/CompileObs.lean	128	L-EFG	def	canonicalCoreInfoState	public
GameTheory/Languages/EFG/CompileObs.lean	132	L-EFG	theorem	currentObs_canonicalCoreInfoState	public
GameTheory/Languages/EFG/CompileObs.lean	139	L-EFG	def	liftPureProfileCore	public
GameTheory/Languages/EFG/CompileObs.lean	148	L-EFG	def	pureStrategyEquivCoreLocalStrategy	public
GameTheory/Languages/EFG/CompileObs.lean	166	L-EFG	def	descendPureProfileCore	public
GameTheory/Languages/EFG/CompileObs.lean	171	L-EFG	def	liftMixedProfileCore	public
GameTheory/Languages/EFG/CompileObs.lean	176	L-EFG	def	liftBehavioralProfileCore	public
GameTheory/Languages/EFG/CompileObs.lean	185	L-EFG	def	descendBehavioralProfileCore	public
GameTheory/Languages/EFG/CompileObs.lean	190	L-EFG	theorem	descendPureProfileCore_liftPureProfileCore	public
GameTheory/Languages/EFG/CompileObs.lean	197	L-EFG	theorem	pureStrategyEquivCoreLocalStrategy_apply_some	public
GameTheory/Languages/EFG/CompileObs.lean	202	L-EFG	theorem	pureStrategyEquivCoreLocalStrategy_apply_none	public
GameTheory/Languages/EFG/CompileObs.lean	207	L-EFG	theorem	descendBehavioralProfileCore_liftBehavioralProfileCore	public
GameTheory/Languages/EFG/CompileObs.lean	214	L-EFG	theorem	liftBehavioralProfileCore_descendBehavioralProfileCore	public
GameTheory/Languages/EFG/CompileObs.lean	239	L-EFG	structure	ObsCompilation	public
GameTheory/Languages/EFG/CompileObs.lean	249	L-EFG	def	canonicalInfoState	public
GameTheory/Languages/EFG/CompileObs.lean	254	L-EFG	theorem	currentObs_canonicalInfoState	public
GameTheory/Languages/EFG/CompileObs.lean	262	L-EFG	def	compiledPureAtObs	public
GameTheory/Languages/EFG/CompileObs.lean	270	L-EFG	def	compiledBehavioralAtObs	public
GameTheory/Languages/EFG/CompileObs.lean	278	L-EFG	def	liftPureProfile	public
GameTheory/Languages/EFG/CompileObs.lean	283	L-EFG	theorem	liftPureProfile_canonicalInfoState_some	public
GameTheory/Languages/EFG/CompileObs.lean	296	L-EFG	def	descendPureProfile	public
GameTheory/Languages/EFG/CompileObs.lean	306	L-EFG	def	liftBehavioralProfile	public
GameTheory/Languages/EFG/CompileObs.lean	311	L-EFG	theorem	liftBehavioralProfile_canonicalInfoState_some	public
GameTheory/Languages/EFG/CompileObs.lean	324	L-EFG	def	descendBehavioralProfile	public
GameTheory/Languages/EFG/CompileObs.lean	332	L-EFG	theorem	descendPureProfile_liftPureProfile	public
GameTheory/Languages/EFG/CompileObs.lean	339	L-EFG	theorem	descendBehavioralProfile_liftBehavioralProfile	public
GameTheory/Languages/EFG/CompileObs.lean	348	L-EFG	def	obsCompilation	public
GameTheory/Languages/EFG/CompileObsFacts.lean	30	L-EFG	abbrev	FlatIdx	public
GameTheory/Languages/EFG/CompileObsFacts.lean	33	L-EFG	abbrev	FlatProfile	public
GameTheory/Languages/EFG/CompileObsFacts.lean	41	L-EFG	def	productProfile	public
GameTheory/Languages/EFG/CompileObsFacts.lean	44	L-EFG	theorem	productProfile_apply	public
GameTheory/Languages/EFG/CompileObsFacts.lean	49	L-EFG	def	flatToBehavioral	public
GameTheory/Languages/EFG/CompileObsFacts.lean	53	L-EFG	def	flatProfileEquivPureProfile	public
GameTheory/Languages/EFG/CompileObsFacts.lean	59	L-EFG	instance	<anonymous@59>	public
GameTheory/Languages/EFG/CompileObsFacts.lean	62	L-EFG	instance	<anonymous@62>	public
GameTheory/Languages/EFG/CompileObsFacts.lean	67	L-EFG	abbrev	mixedProfileJoint	public
GameTheory/Languages/EFG/CompileObsFacts.lean	77	L-EFG	def	NoInfoSetRepeat	public
GameTheory/Languages/EFG/CompileObsFacts.lean	84	L-EFG	theorem	DecisionNodeIn_to_ReachBy	public
GameTheory/Languages/EFG/CompileObsFacts.lean	98	L-EFG	theorem	PerfectRecall_implies_NoInfoSetRepeat	public
GameTheory/Languages/EFG/CompileObsFacts.lean	123	L-EFG	abbrev	compiledCoreObs	public
GameTheory/Languages/EFG/CompileObsFacts.lean	137	L-EFG	instance	compiledCoreInfoStateFintype	public
GameTheory/Languages/EFG/CompileObsFacts.lean	142	L-EFG	theorem	projectStates_compiledCore	public
GameTheory/Languages/EFG/CompileObsFacts.lean	162	L-EFG	theorem	liftMixedProfileCore_joint	public
GameTheory/Languages/EFG/CompileObsFacts.lean	173	L-EFG	theorem	compiledCore_step_eq	private
GameTheory/Languages/EFG/CompileObsFacts.lean	193	L-EFG	theorem	obsOfState_decision_eq_some	private
GameTheory/Languages/EFG/CompileObsFacts.lean	198	L-EFG	theorem	compiledCore_step_of_decision	private
GameTheory/Languages/EFG/CompileObsFacts.lean	217	L-EFG	theorem	compiledCore_step_of_terminal	private
GameTheory/Languages/EFG/CompileObsFacts.lean	225	L-EFG	theorem	compiledCore_step_of_chance	private
GameTheory/Languages/EFG/CompileObsFacts.lean	237	L-EFG	theorem	castProfileAction_compiledCore	public
GameTheory/Languages/EFG/CompileObsFacts.lean	259	L-EFG	theorem	castJointAction_compiledCore	public
GameTheory/Languages/EFG/CompileObsFacts.lean	271	L-EFG	theorem	pureStep_compiledCore_eq	public
GameTheory/Languages/EFG/CompileObsFacts.lean	314	L-EFG	theorem	stepDist_compiledCore_eq_terminal	private
GameTheory/Languages/EFG/CompileObsFacts.lean	334	L-EFG	theorem	stepDist_compiledCore_eq_chance	private
GameTheory/Languages/EFG/CompileObsFacts.lean	355	L-EFG	theorem	stepDist_compiledCore_eq_decision	private
GameTheory/Languages/EFG/CompileObsFacts.lean	506	L-EFG	theorem	stepDist_compiledCore_eq	public
GameTheory/Languages/EFG/CompileObsFacts.lean	523	L-EFG	theorem	stepMassInvariant_compiledCore	public
GameTheory/Languages/EFG/CompileObsFacts.lean	542	L-EFG	theorem	stepSupportFactorization_compiledCore	public
GameTheory/Languages/EFG/CompileObsFacts.lean	583	L-EFG	theorem	stepDist_bind_evalDist_core	public
GameTheory/Languages/EFG/CompileObsFacts.lean	599	L-EFG	theorem	runDist_bind_evalDist_core	public
GameTheory/Languages/EFG/CompileObsFacts.lean	610	L-EFG	theorem	liftBehavioralProfileCore_pure_descend	public
GameTheory/Languages/EFG/CompileObsFacts.lean	619	L-EFG	theorem	runDistPure_bind_evalDist_core	public
GameTheory/Languages/EFG/CompileObsFacts.lean	631	L-EFG	def	HistoryCompatibleCore	private
GameTheory/Languages/EFG/CompileObsFacts.lean	637	L-EFG	def	HistorySupportStep	private
GameTheory/Languages/EFG/CompileObsFacts.lean	646	L-EFG	inductive	HistorySupportTrace	private
GameTheory/Languages/EFG/CompileObsFacts.lean	661	L-EFG	theorem	historySupportTrace_nonempty	private
GameTheory/Languages/EFG/CompileObsFacts.lean	675	L-EFG	theorem	historySupportTrace_length_pos	private
GameTheory/Languages/EFG/CompileObsFacts.lean	682	L-EFG	theorem	reachBy_singleton_of_historySupportStep	private
GameTheory/Languages/EFG/CompileObsFacts.lean	694	L-EFG	theorem	historySupportTrace_reachBy	private
GameTheory/Languages/EFG/CompileObsFacts.lean	717	L-EFG	theorem	playerHistory_mem_of_action_mem	private
GameTheory/Languages/EFG/CompileObsFacts.lean	744	L-EFG	theorem	action_mem_of_playerHistory_mem	private
GameTheory/Languages/EFG/CompileObsFacts.lean	768	L-EFG	theorem	playerHistory_agrees_of_historyCompatibleCore_update	private
GameTheory/Languages/EFG/CompileObsFacts.lean	781	L-EFG	theorem	historyCompatibleCore_update_of_playerHistory	private
GameTheory/Languages/EFG/CompileObsFacts.lean	797	L-EFG	theorem	pureRun_nonzero_to_historySupportTrace	private
GameTheory/Languages/EFG/CompileObsFacts.lean	874	L-EFG	theorem	historySupportTrace_pureRun_nonzero	private
GameTheory/Languages/EFG/CompileObsFacts.lean	936	L-EFG	theorem	exists_decision_of_projectStates_eq_some	private
GameTheory/Languages/EFG/CompileObsFacts.lean	955	L-EFG	theorem	infoState_some_of_not_subsingleton	private
GameTheory/Languages/EFG/CompileObsFacts.lean	990	L-EFG	theorem	obsLocalFeasibility_compiledCore	public
GameTheory/Languages/EFG/CompileObsFacts.lean	1030	L-EFG	def	treeHeight	public
GameTheory/Languages/EFG/CompileObsFacts.lean	1035	L-EFG	theorem	treeHeight_pos_of_nonterminal	private
GameTheory/Languages/EFG/CompileObsFacts.lean	1046	L-EFG	theorem	historyStepStep_height_lt	private
GameTheory/Languages/EFG/CompileObsFacts.lean	1065	L-EFG	theorem	reachBy_length_add_height_le	private
GameTheory/Languages/EFG/CompileObsFacts.lean	1084	L-EFG	theorem	historySupportStep_source_nonterminal	private
GameTheory/Languages/EFG/CompileObsFacts.lean	1097	L-EFG	theorem	historySupportTrace_length_eq_of_nonterminal	private
GameTheory/Languages/EFG/CompileObsFacts.lean	1122	L-EFG	theorem	lastState_terminal_of_pureRun_height	public
GameTheory/Languages/EFG/CompileObsFacts.lean	1164	L-EFG	theorem	noInfoSetRepeat_of_reachBy	private
GameTheory/Languages/EFG/CompileObsFacts.lean	1179	L-EFG	theorem	decisionNodeIn_of_reachBy	private
GameTheory/Languages/EFG/CompileObsFacts.lean	1197	L-EFG	theorem	reachBy_of_pureStep_nonzero	private
GameTheory/Languages/EFG/CompileObsFacts.lean	1218	L-EFG	theorem	decisionNodeIn_of_obsOfState_some	private
GameTheory/Languages/EFG/CompileObsFacts.lean	1231	L-EFG	theorem	lastState_take_eq	private
GameTheory/Languages/EFG/CompileObsFacts.lean	1237	L-EFG	theorem	pureRun_getElem_zero	private
GameTheory/Languages/EFG/CompileObsFacts.lean	1249	L-EFG	theorem	reachBy_trace_positions	private
GameTheory/Languages/EFG/CompileObsFacts.lean	1273	L-EFG	theorem	noNontrivialInfoStateRepeat_compiledCore	public
GameTheory/Languages/EFG/Examples.lean	22	L-EFG	def	oneInfo	public
GameTheory/Languages/EFG/Examples.lean	31	L-EFG	def	p0	public
GameTheory/Languages/EFG/Examples.lean	34	L-EFG	def	binaryChoiceTree	public
GameTheory/Languages/EFG/Examples.lean	39	L-EFG	def	binaryChoiceGame	public
GameTheory/Languages/EFG/Examples.lean	65	L-EFG	def	twoPlayerInfo	public
GameTheory/Languages/EFG/Examples.lean	72	L-EFG	def	cent_p0	public
GameTheory/Languages/EFG/Examples.lean	75	L-EFG	def	cent_p1	public
GameTheory/Languages/EFG/Examples.lean	78	L-EFG	inductive	CentipedeOutcome	public
GameTheory/Languages/EFG/Examples.lean	87	L-EFG	def	centipedeTree	public
GameTheory/Languages/EFG/Examples.lean	96	L-EFG	def	centipede	public
GameTheory/Languages/EFG/Examples.lean	113	L-EFG	def	centipedeProfile	public
GameTheory/Languages/EFG/Examples.lean	119	L-EFG	theorem	centipede_eval_take_take	public
GameTheory/Languages/EFG/Examples.lean	122	L-EFG	theorem	centipede_eval_take_pass	public
GameTheory/Languages/EFG/Examples.lean	126	L-EFG	theorem	centipede_eval_pass_take	public
GameTheory/Languages/EFG/Examples.lean	131	L-EFG	theorem	centipede_eval_pass_pass	public
GameTheory/Languages/EFG/Examples.lean	137	L-EFG	theorem	centipede_p1_prefers_take	public
GameTheory/Languages/EFG/Examples.lean	144	L-EFG	theorem	centipede_p0_prefers_take_given_p1_takes	public
GameTheory/Languages/EFG/Examples.lean	166	L-EFG	def	ultimatumInfo	public
GameTheory/Languages/EFG/Examples.lean	172	L-EFG	def	ult_p0	public
GameTheory/Languages/EFG/Examples.lean	173	L-EFG	def	ult_p1	public
GameTheory/Languages/EFG/Examples.lean	177	L-EFG	inductive	UltimatumOutcome	public
GameTheory/Languages/EFG/Examples.lean	186	L-EFG	def	ultimatumTree	public
GameTheory/Languages/EFG/Examples.lean	202	L-EFG	def	ultimatum	public
GameTheory/Languages/EFG/Examples.lean	227	L-EFG	theorem	ultimatum_responder_strict_half	public
GameTheory/Languages/EFG/Examples.lean	232	L-EFG	theorem	ultimatum_responder_strict_giveAll	public
GameTheory/Languages/EFG/Examples.lean	240	L-EFG	theorem	ultimatum_proposer_prefers_keepAll	public
GameTheory/Languages/EFG/Kuhn.lean	36	L-EFG	theorem	kuhn_behavioral_to_mixed_runDist	public
GameTheory/Languages/EFG/Kuhn.lean	50	L-EFG	theorem	kuhn_behavioral_to_mixed_evalDist	public
GameTheory/Languages/EFG/Kuhn.lean	126	L-EFG	theorem	kuhn_behavioral_to_mixed	public
GameTheory/Languages/EFG/Kuhn.lean	149	L-EFG	theorem	kuhn_behavioral_to_mixed_pr	public
GameTheory/Languages/EFG/Kuhn.lean	157	L-EFG	theorem	kuhn_behavioral_to_mixed_udist	public
GameTheory/Languages/EFG/Kuhn.lean	167	L-EFG	theorem	kuhn_mixed_to_behavioral_core	private
GameTheory/Languages/EFG/Kuhn.lean	199	L-EFG	theorem	compiledCore_runEq_to_evalDistEq	private
GameTheory/Languages/EFG/Kuhn.lean	298	L-EFG	theorem	kuhn_mixed_to_behavioral	public
GameTheory/Languages/EFG/Kuhn.lean	317	L-EFG	theorem	kuhn_mixed_to_behavioral_udist	public
GameTheory/Languages/EFG/OneShotDeviation.lean	45	L-EFG	def	HasNoOneShotDeviation	public
GameTheory/Languages/EFG/OneShotDeviation.lean	62	L-EFG	def	IsOneShotOptimalAtEveryNode	public
GameTheory/Languages/EFG/OneShotDeviation.lean	77	L-EFG	theorem	IsOneShotOptimalAtEveryNode.of_reachBy	public
GameTheory/Languages/EFG/OneShotDeviation.lean	100	L-EFG	theorem	hasNoOneShotDeviation_iff_everyNode	public
GameTheory/Languages/EFG/OneShotDeviation.lean	137	L-EFG	theorem	spe_hasNoOneShotDeviation	public
GameTheory/Languages/EFG/OneShotDeviation.lean	185	L-EFG	theorem	nash_of_noOSD_of_bounded	public
GameTheory/Languages/EFG/OneShotDeviation.lean	382	L-EFG	theorem	nash_of_noOSD	public
GameTheory/Languages/EFG/OneShotDeviation.lean	402	L-EFG	theorem	hasNoOneShotDeviation_spe_of_bounded	public
GameTheory/Languages/EFG/OneShotDeviation.lean	413	L-EFG	theorem	hasNoOneShotDeviation_spe	public
GameTheory/Languages/EFG/OneShotDeviation.lean	432	L-EFG	theorem	oneShotDeviation_iff_spe_of_bounded	public
GameTheory/Languages/EFG/OneShotDeviation.lean	442	L-EFG	theorem	oneShotDeviation_iff_spe	public
GameTheory/Languages/EFG/Refinements.lean	42	L-EFG	theorem	decisionNodeIn_reachBy	public
GameTheory/Languages/EFG/Refinements.lean	56	L-EFG	theorem	reachBy_deterministic	public
GameTheory/Languages/EFG/Refinements.lean	87	L-EFG	def	IsSubgame	public
GameTheory/Languages/EFG/Refinements.lean	94	L-EFG	theorem	isSubgame_root	public
GameTheory/Languages/EFG/Refinements.lean	98	L-EFG	theorem	isSubgame_terminal	public
GameTheory/Languages/EFG/Refinements.lean	107	L-EFG	def	EFGGame.IsSubgamePerfectEq	public
GameTheory/Languages/EFG/Refinements.lean	110	L-EFG	theorem	spe_implies_nash	public
GameTheory/Languages/EFG/Refinements.lean	116	L-EFG	theorem	spe_implies_isNash	public
GameTheory/Languages/EFG/Refinements.lean	124	L-EFG	theorem	terminal_isNashFor_euPref	public
GameTheory/Languages/EFG/Refinements.lean	138	L-EFG	def	IsPerfectInfo	public
GameTheory/Languages/EFG/Refinements.lean	145	L-EFG	theorem	perfectInfo_implies_perfectRecall	public
GameTheory/Languages/EFG/Refinements.lean	149	L-EFG	theorem	perfectInfo_isSubgame_decision	public
GameTheory/Languages/EFG/Refinements.lean	169	L-EFG	theorem	evalDist_eq_of_agree	public
GameTheory/Languages/EFG/Refinements.lean	191	L-EFG	theorem	IsPerfectInfo_subtree	public
GameTheory/Languages/EFG/Refinements.lean	203	L-EFG	theorem	perfectInfo_root_not_in_subtree	public
GameTheory/Languages/EFG/Refinements.lean	221	L-EFG	theorem	decisionNodeIn_of_reachBy	public
GameTheory/Languages/EFG/Refinements.lean	249	L-EFG	abbrev	entryS	public
GameTheory/Languages/EFG/Refinements.lean	253	L-EFG	abbrev	entryTree	public
GameTheory/Languages/EFG/Refinements.lean	260	L-EFG	abbrev	entryGame	public
GameTheory/Languages/EFG/Refinements.lean	263	L-EFG	def	entrySPE	public
GameTheory/Languages/EFG/Refinements.lean	264	L-EFG	def	entryNash	public
GameTheory/Languages/EFG/Refinements.lean	266	L-EFG	theorem	entry_spe_eu_p0	public
GameTheory/Languages/EFG/Refinements.lean	271	L-EFG	theorem	entry_nash_eu_p0	public
GameTheory/Languages/EFG/Refinements.lean	285	L-EFG	theorem	entryS_act_eq	private
GameTheory/Languages/EFG/Refinements.lean	292	L-EFG	theorem	entrySPE_isSPE	public
GameTheory/Languages/EFG/Refinements.lean	349	L-EFG	theorem	entryNash_isNash	public
GameTheory/Languages/EFG/Refinements.lean	360	L-EFG	theorem	entryNash_not_spe	public
GameTheory/Languages/EFG/Refinements.lean	396	L-EFG	theorem	entrySPE_isNash	public
GameTheory/Languages/EFG/Refinements.lean	403	L-EFG	theorem	entry_playerHistory_nil	private
GameTheory/Languages/EFG/Refinements.lean	418	L-EFG	theorem	entry_perfectRecall	public
GameTheory/Languages/EFG/Sequential.lean	43	L-EFG	def	historyProb	public
GameTheory/Languages/EFG/Sequential.lean	62	L-EFG	theorem	historyProb_nil	public
GameTheory/Languages/EFG/Sequential.lean	66	L-EFG	theorem	historyProb_terminal_cons	public
GameTheory/Languages/EFG/Sequential.lean	71	L-EFG	theorem	historyProb_chance_valid	public
GameTheory/Languages/EFG/Sequential.lean	80	L-EFG	theorem	historyProb_decision_valid	public
GameTheory/Languages/EFG/Sequential.lean	91	L-EFG	theorem	historyProb_ne_zero_reachable	public
GameTheory/Languages/EFG/Sequential.lean	141	L-EFG	theorem	historyProb_eq_zero_of_not_reachable	public
GameTheory/Languages/EFG/Sequential.lean	156	L-EFG	def	ConvergesPointwise	public
GameTheory/Languages/EFG/Sequential.lean	160	L-EFG	theorem	ConvergesPointwise.apply	public
GameTheory/Languages/EFG/Sequential.lean	174	L-EFG	def	FullyMixed	public
GameTheory/Languages/EFG/Sequential.lean	177	L-EFG	theorem	FullyMixed.apply	public
GameTheory/Languages/EFG/Sequential.lean	184	L-EFG	def	ConvergesPointwise	public
GameTheory/Languages/EFG/Sequential.lean	190	L-EFG	theorem	ConvergesPointwise.apply	public
GameTheory/Languages/EFG/Sequential.lean	203	L-EFG	def	ReachesTree	public
GameTheory/Languages/EFG/Sequential.lean	208	L-EFG	def	ReachesInfoSet	public
GameTheory/Languages/EFG/Sequential.lean	214	L-EFG	def	historyProb	public
GameTheory/Languages/EFG/Sequential.lean	221	L-EFG	def	continuationTree	public
GameTheory/Languages/EFG/Sequential.lean	231	L-EFG	theorem	continuationTree_spec	public
GameTheory/Languages/EFG/Sequential.lean	238	L-EFG	theorem	historyProb_ne_zero_reachesTree	public
GameTheory/Languages/EFG/Sequential.lean	243	L-EFG	theorem	historyProb_eq_zero_of_not_reachesTree	public
GameTheory/Languages/EFG/Sequential.lean	249	L-EFG	theorem	continuationTree_spec_of_reachesTree	public
GameTheory/Languages/EFG/Sequential.lean	254	L-EFG	theorem	continuationTree_spec_of_reachesInfoSet	public
GameTheory/Languages/EFG/Sequential.lean	263	L-EFG	def	continuationOutcome	public
GameTheory/Languages/EFG/Sequential.lean	269	L-EFG	abbrev	toAssessmentForm	public
GameTheory/Languages/EFG/Sequential.lean	279	L-EFG	abbrev	GenericAssessment	public
GameTheory/Languages/EFG/Sequential.lean	283	L-EFG	abbrev	AssessmentDeviationFamily	public
GameTheory/Languages/EFG/Sequential.lean	287	L-EFG	def	Assessment.toGeneric	public
GameTheory/Languages/EFG/Sequential.lean	293	L-EFG	def	Assessment.ofGeneric	public
GameTheory/Languages/EFG/Sequential.lean	297	L-EFG	theorem	Assessment.ofGeneric_toGeneric	public
GameTheory/Languages/EFG/Sequential.lean	302	L-EFG	theorem	Assessment.toGeneric_ofGeneric	public
GameTheory/Languages/EFG/Sequential.lean	308	L-EFG	def	Assessment.FullyMixed	public
GameTheory/Languages/EFG/Sequential.lean	312	L-EFG	def	infoSetMass	public
GameTheory/Languages/EFG/Sequential.lean	317	L-EFG	def	IsOnPath	public
GameTheory/Languages/EFG/Sequential.lean	322	L-EFG	def	BeliefSupportedAt	public
GameTheory/Languages/EFG/Sequential.lean	327	L-EFG	def	BeliefsSupported	public
GameTheory/Languages/EFG/Sequential.lean	330	L-EFG	theorem	BeliefsSupported.at	public
GameTheory/Languages/EFG/Sequential.lean	335	L-EFG	theorem	BeliefSupportedAt.reachesInfoSet	public
GameTheory/Languages/EFG/Sequential.lean	342	L-EFG	theorem	BeliefSupportedAt.continuationTree_spec	public
GameTheory/Languages/EFG/Sequential.lean	350	L-EFG	def	BayesRuleAt	public
GameTheory/Languages/EFG/Sequential.lean	355	L-EFG	def	BayesConsistentOnPath	public
GameTheory/Languages/EFG/Sequential.lean	360	L-EFG	def	BayesConsistentEverywhere	public
GameTheory/Languages/EFG/Sequential.lean	364	L-EFG	def	WeaklyConsistentAssessment	public
GameTheory/Languages/EFG/Sequential.lean	369	L-EFG	def	FullyConsistentAssessment	public
GameTheory/Languages/EFG/Sequential.lean	377	L-EFG	def	IsLimitConsistentAssessment	public
GameTheory/Languages/EFG/Sequential.lean	391	L-EFG	theorem	isLimitConsistentAssessment_iff	public
GameTheory/Languages/EFG/Sequential.lean	418	L-EFG	theorem	FullyConsistentAssessment.weaklyConsistent	public
GameTheory/Languages/EFG/Sequential.lean	425	L-EFG	def	AssessmentConvergesPointwise	public
GameTheory/Languages/EFG/Sequential.lean	433	L-EFG	theorem	assessmentConvergesPointwise_iff_generic	public
GameTheory/Languages/EFG/Sequential.lean	449	L-EFG	def	SequentiallyConsistentAssessment	public
GameTheory/Languages/EFG/Sequential.lean	456	L-EFG	theorem	sequentiallyConsistentAssessment_iff	public
GameTheory/Languages/EFG/Sequential.lean	468	L-EFG	def	continuationEU	public
GameTheory/Languages/EFG/Sequential.lean	479	L-EFG	def	SequentiallyRationalAtForFamily	public
GameTheory/Languages/EFG/Sequential.lean	487	L-EFG	def	SequentiallyRationalForFamily	public
GameTheory/Languages/EFG/Sequential.lean	494	L-EFG	def	SequentiallyRationalAtFor	public
GameTheory/Languages/EFG/Sequential.lean	500	L-EFG	def	SequentiallyRationalFor	public
GameTheory/Languages/EFG/Sequential.lean	506	L-EFG	def	euOutcomePref	public
GameTheory/Languages/EFG/Sequential.lean	511	L-EFG	def	SequentiallyRationalAt	public
GameTheory/Languages/EFG/Sequential.lean	516	L-EFG	def	SequentiallyRational	public
GameTheory/Languages/EFG/Sequential.lean	521	L-EFG	def	IsPerfectBayesianEqForFamily	public
GameTheory/Languages/EFG/Sequential.lean	529	L-EFG	def	IsPerfectBayesianEqForPref	public
GameTheory/Languages/EFG/Sequential.lean	538	L-EFG	def	IsPerfectBayesianEq	public
GameTheory/Languages/EFG/Sequential.lean	544	L-EFG	def	IsSequentialEqWithConsistencyForFamily	public
GameTheory/Languages/EFG/Sequential.lean	553	L-EFG	def	IsSequentialEqWithLimitConsistencyForFamily	public
GameTheory/Languages/EFG/Sequential.lean	565	L-EFG	def	IsSequentialEqWithConsistencyFor	public
GameTheory/Languages/EFG/Sequential.lean	573	L-EFG	def	IsSequentialEqWithLimitConsistencyFor	public
GameTheory/Languages/EFG/Sequential.lean	585	L-EFG	def	IsSequentialEqForPref	public
GameTheory/Languages/EFG/Sequential.lean	592	L-EFG	def	IsSequentialEq	public
GameTheory/Languages/EFG/Sequential.lean	595	L-EFG	theorem	isPerfectBayesianEqForPref_iff	public
GameTheory/Languages/EFG/Sequential.lean	603	L-EFG	theorem	isPerfectBayesianEqForFamily_iff	public
GameTheory/Languages/EFG/Sequential.lean	612	L-EFG	theorem	isSequentialEqWithConsistencyForFamily_iff	public
GameTheory/Languages/EFG/Sequential.lean	621	L-EFG	theorem	isSequentialEqForPref_iff	public
GameTheory/Languages/EFG/Sequential.lean	628	L-EFG	theorem	isPerfectBayesianEq_iff	public
GameTheory/Languages/EFG/Sequential.lean	633	L-EFG	theorem	isSequentialEq_iff	public
GameTheory/Languages/EFG/Sequential.lean	638	L-EFG	theorem	IsPerfectBayesianEq.sequentiallyRational	public
GameTheory/Languages/EFG/Sequential.lean	642	L-EFG	theorem	IsPerfectBayesianEq.weaklyConsistent	public
GameTheory/Languages/EFG/Sequential.lean	646	L-EFG	theorem	IsPerfectBayesianEq.beliefsSupported	public
GameTheory/Languages/EFG/Sequential.lean	650	L-EFG	theorem	IsPerfectBayesianEq.bayesConsistentOnPath	public
GameTheory/Languages/EFG/Sequential.lean	654	L-EFG	theorem	IsSequentialEq.sequentiallyRational	public
GameTheory/Languages/EFG/Sequential.lean	658	L-EFG	theorem	IsSequentialEq.sequentiallyConsistent	public
GameTheory/Languages/EFG/SOS.lean	21	L-EFG	def	jointActionOfHistoryStep	public
GameTheory/Languages/EFG/SOS.lean	29	L-EFG	theorem	jointActionOfHistoryStep_chance	public
GameTheory/Languages/EFG/SOS.lean	35	L-EFG	theorem	jointActionOfHistoryStep_action_self	public
GameTheory/Languages/EFG/SOS.lean	42	L-EFG	theorem	jointActionOfHistoryStep_action_other	public
GameTheory/Languages/EFG/SOS.lean	52	L-EFG	theorem	historyStepStep_implies_compiled_step	public
GameTheory/Languages/EFG/SOS.lean	73	L-EFG	theorem	compiled_step_implies_exists_historyStep	public
GameTheory/Languages/EFG/SOS.lean	93	L-EFG	theorem	reachBy_implies_compiled	public
GameTheory/Languages/EFG/SOS.lean	112	L-EFG	theorem	compiled_reach_iff_exists_history	public
GameTheory/Languages/EFG/SOS.lean	139	L-EFG	def	nativeInfoHomSimulation	public
GameTheory/Languages/EFG/Syntax.lean	37	L-EFG	structure	InfoStructure	public
GameTheory/Languages/EFG/Syntax.lean	45	L-EFG	abbrev	InfoStructure.Player	public
GameTheory/Languages/EFG/Syntax.lean	48	L-EFG	abbrev	InfoStructure.Act	public
GameTheory/Languages/EFG/Syntax.lean	53	L-EFG	inductive	GameTree	public
GameTheory/Languages/EFG/Syntax.lean	59	L-EFG	structure	EFGGame	public
GameTheory/Languages/EFG/Syntax.lean	70	L-EFG	def	PureStrategy	public
GameTheory/Languages/EFG/Syntax.lean	73	L-EFG	instance	<anonymous@73>	public
GameTheory/Languages/EFG/Syntax.lean	76	L-EFG	abbrev	MixedProfile	public
GameTheory/Languages/EFG/Syntax.lean	79	L-EFG	def	BehavioralStrategy	public
GameTheory/Languages/EFG/Syntax.lean	83	L-EFG	abbrev	PureProfile	public
GameTheory/Languages/EFG/Syntax.lean	87	L-EFG	abbrev	BehavioralProfile	public
GameTheory/Languages/EFG/Syntax.lean	92	L-EFG	def	pureToBehavioral	public
GameTheory/Languages/EFG/Syntax.lean	100	L-EFG	def	GameTree.evalDist	public
GameTheory/Languages/EFG/Syntax.lean	110	L-EFG	theorem	evalDist_terminal	public
GameTheory/Languages/EFG/Syntax.lean	114	L-EFG	theorem	evalDist_chance	public
GameTheory/Languages/EFG/Syntax.lean	120	L-EFG	theorem	evalDist_decision	public
GameTheory/Languages/EFG/Syntax.lean	131	L-EFG	inductive	IsDeterministic	public
GameTheory/Languages/EFG/Syntax.lean	140	L-EFG	def	GameTree.evalPure	public
GameTheory/Languages/EFG/Syntax.lean	147	L-EFG	theorem	evalPure_terminal	public
GameTheory/Languages/EFG/Syntax.lean	151	L-EFG	theorem	evalPure_decision	public
GameTheory/Languages/EFG/Syntax.lean	158	L-EFG	theorem	evalDist_pureToBehavioral_eq_pure	public
GameTheory/Languages/EFG/Syntax.lean	168	L-EFG	def	GameTree.toKernel	public
GameTheory/Languages/EFG/Syntax.lean	178	L-EFG	inductive	DecisionNodeIn	public
GameTheory/Languages/EFG/Syntax.lean	188	L-EFG	theorem	DecisionNodeIn_terminal_false	public
GameTheory/Languages/EFG/Syntax.lean	194	L-EFG	theorem	DecisionNodeIn_chance_inv	public
GameTheory/Languages/EFG/Syntax.lean	203	L-EFG	theorem	DecisionNodeIn_decision_inv	public
GameTheory/Languages/EFG/Syntax.lean	217	L-EFG	theorem	swap_decisions	public
GameTheory/Languages/EFG/Syntax.lean	229	L-EFG	theorem	swap_chance_decision	public
GameTheory/Languages/EFG/Syntax.lean	241	L-EFG	theorem	swap_chances	public
GameTheory/Languages/EFG/Syntax.lean	258	L-EFG	def	EFGGame.toKernelGame	public
GameTheory/Languages/EFG/Syntax.lean	268	L-EFG	def	EFGGame.toStrategicKernelGame	public
GameTheory/Languages/EFG/Syntax.lean	277	L-EFG	theorem	toStrategicKernelGame_outcomeKernel	public
GameTheory/Languages/EFG/Syntax.lean	284	L-EFG	theorem	toStrategicKernelGame_udist	public
GameTheory/Languages/EFG/Syntax.lean	290	L-EFG	theorem	pureToBehavioral_update	public
GameTheory/Languages/EFG/Syntax.lean	300	L-EFG	def	EFGGame.withTree	public
GameTheory/Languages/EFG/Syntax.lean	307	L-EFG	def	EFGGame.IsSubgamePerfectFor	public
GameTheory/Languages/EFG/Syntax.lean	315	L-EFG	def	EFGGame.IsSubgamePerfect	public
GameTheory/Languages/EFG/Syntax.lean	326	L-EFG	inductive	HistoryStep	public
GameTheory/Languages/EFG/Syntax.lean	331	L-EFG	structure	EFGGame.Assessment	public
GameTheory/Languages/EFG/Syntax.lean	336	L-EFG	def	EFGGame.IsSequentialEqFor	public
GameTheory/Languages/EFG/Syntax.lean	343	L-EFG	def	EFGGame.IsPerfectBayesianEqFor	public
GameTheory/Languages/EFG/Syntax.lean	350	L-EFG	def	HistoryStepStep	public
GameTheory/Languages/EFG/Syntax.lean	361	L-EFG	abbrev	ReachBy	public
GameTheory/Languages/EFG/Syntax.lean	367	L-EFG	theorem	here	public
GameTheory/Languages/EFG/Syntax.lean	371	L-EFG	theorem	chance	public
GameTheory/Languages/EFG/Syntax.lean	382	L-EFG	theorem	action	public
GameTheory/Languages/EFG/Syntax.lean	397	L-EFG	def	playerHistory	public
GameTheory/Languages/EFG/Syntax.lean	410	L-EFG	def	PerfectRecall	public
GameTheory/Languages/EFG/Syntax.lean	423	L-EFG	theorem	PerfectRecall_terminal	public
GameTheory/Languages/EFG/Syntax.lean	432	L-EFG	theorem	PerfectRecall_single_infoSet	public
GameTheory/Languages/EFG/Syntax.lean	445	L-EFG	theorem	ReachBy_terminal_absurd	public
GameTheory/Languages/EFG/Syntax.lean	454	L-EFG	theorem	ReachBy_decision_inv	public
GameTheory/Languages/EFG/Syntax.lean	478	L-EFG	theorem	ReachBy_chance_inv'	public
GameTheory/Languages/EFG/Syntax.lean	499	L-EFG	theorem	ReachBy_append	public
GameTheory/Languages/EFG/Syntax.lean	508	L-EFG	theorem	ReachBy_split	public
GameTheory/Languages/EFG/Syntax.lean	516	L-EFG	theorem	playerHistory_append	public
GameTheory/Languages/EFG/Tests.lean	20	L-EFG	def	oneInfo	public
GameTheory/Languages/EFG/Tests.lean	26	L-EFG	def	p0	public
GameTheory/Languages/EFG/Tests.lean	28	L-EFG	def	decisionTree	public
GameTheory/Languages/EFG/Tests.lean	32	L-EFG	def	chanceDecisionTree	public
GameTheory/Languages/EFG/Theorems.lean	23	L-EFG	theorem	kuhn_behavioral_to_mixed	public
GameTheory/Languages/EFG/Theorems.lean	33	L-EFG	theorem	kuhn_mixed_to_behavioral	public
GameTheory/Languages/EFG/Theorems.lean	45	L-EFG	def	evalBehavioral	public
GameTheory/Languages/EFG/Theorems.lean	50	L-EFG	def	evalPure	public
GameTheory/Languages/EFG/Theorems.lean	57	L-EFG	def	mixedOfBehavioralPure	public
GameTheory/Languages/EFG/Theorems.lean	66	L-EFG	theorem	kuhn_behavioral_to_mixed_pure	public
GameTheory/Languages/EFG/Theorems.lean	87	L-EFG	theorem	kuhn_complete	public
GameTheory/Languages/EFG/Theorems.lean	111	L-EFG	theorem	kuhn_outcome_both_directions	public
GameTheory/Languages/EFG/Theorems.lean	151	L-EFG	theorem	kuhn_outcome_both_directions_of_perfectRecall	public
GameTheory/Languages/EFG/TreeShape.lean	18	L-EFG	inductive	ChanceRoot	public
GameTheory/Languages/EFG/TreeShape.lean	25	L-EFG	inductive	DecisionSpineThen	public
GameTheory/Languages/EFG/TreeShape.lean	36	L-EFG	abbrev	DecisionSpineThenChance	public
GameTheory/Languages/EFG/TreeShape.lean	43	L-EFG	theorem	chance	public
GameTheory/Languages/EFG/TreeShape.lean	50	L-EFG	theorem	decision	public
GameTheory/Languages/EFG/TreeShape.lean	62	L-EFG	inductive	FullTreeShape	public
GameTheory/Languages/EFG/TreeShape.lean	71	L-EFG	inductive	RoundSpineShape	public
GameTheory/Languages/ElectronicMailGame.lean	41	D-COMM	inductive	EmailWorld	public
GameTheory/Languages/ElectronicMailGame.lean	47	D-COMM	instance	<anonymous@47>	public
GameTheory/Languages/ElectronicMailGame.lean	50	D-COMM	inductive	EmailView	public
GameTheory/Languages/ElectronicMailGame.lean	56	D-COMM	inductive	EmailAction	public
GameTheory/Languages/ElectronicMailGame.lean	64	D-COMM	def	viewOf	public
GameTheory/Languages/ElectronicMailGame.lean	71	D-COMM	def	typeProfile	public
GameTheory/Languages/ElectronicMailGame.lean	75	D-COMM	def	emailPrior	public
GameTheory/Languages/ElectronicMailGame.lean	79	D-COMM	abbrev	attackState	public
GameTheory/Languages/ElectronicMailGame.lean	84	D-COMM	def	emailUtility	public
GameTheory/Languages/ElectronicMailGame.lean	90	D-COMM	def	game	public
GameTheory/Languages/ElectronicMailGame.lean	97	D-COMM	def	attackOnMessage	public
GameTheory/Languages/ElectronicMailGame.lean	104	D-COMM	def	trueNeverAttack	public
GameTheory/Languages/ElectronicMailGame.lean	108	D-COMM	def	worldPrior	public
GameTheory/Languages/ElectronicMailGame.lean	111	D-COMM	def	emailPartition	public
GameTheory/Languages/ElectronicMailGame.lean	120	D-COMM	def	attackStateEvent	public
GameTheory/Languages/ElectronicMailGame.lean	122	D-COMM	theorem	viewOf_noMessage	public
GameTheory/Languages/ElectronicMailGame.lean	126	D-COMM	theorem	viewOf_onlyFirst_true	public
GameTheory/Languages/ElectronicMailGame.lean	129	D-COMM	theorem	viewOf_onlyFirst_false	public
GameTheory/Languages/ElectronicMailGame.lean	132	D-COMM	theorem	viewOf_bothConfirmed	public
GameTheory/Languages/ElectronicMailGame.lean	136	D-COMM	theorem	EmailWorld_univ	private
GameTheory/Languages/ElectronicMailGame.lean	144	D-COMM	theorem	bothConfirmed_mem_mutualPBelief_attackStateEvent	public
GameTheory/Languages/ElectronicMailGame.lean	163	D-COMM	theorem	not_commonPBeliefAt_attackStateEvent_bothConfirmed_of_half_lt	public
GameTheory/Languages/ElectronicMailGame.lean	204	D-COMM	theorem	exAnte_attackOnMessage_true	public
GameTheory/Languages/ElectronicMailGame.lean	221	D-COMM	theorem	exAnte_trueNeverAttack	public
GameTheory/Languages/ElectronicMailGame.lean	230	D-COMM	theorem	attackOnMessage_not_bayesNash	public
GameTheory/Languages/Expressiveness/Basic.lean	30	L-BRIDGE	structure	Language	public
GameTheory/Languages/Expressiveness/Basic.lean	41	L-BRIDGE	def	Realizes	public
GameTheory/Languages/Expressiveness/Basic.lean	46	L-BRIDGE	def	restrict	public
GameTheory/Languages/Expressiveness/Basic.lean	50	L-BRIDGE	theorem	restrict_compile	public
GameTheory/Languages/Expressiveness/Basic.lean	62	L-BRIDGE	structure	Reduction	public
GameTheory/Languages/Expressiveness/Basic.lean	76	L-BRIDGE	def	id	public
GameTheory/Languages/Expressiveness/Basic.lean	83	L-BRIDGE	def	comp	public
GameTheory/Languages/Expressiveness/Basic.lean	93	L-BRIDGE	structure	SubReduction	public
GameTheory/Languages/Expressiveness/Basic.lean	109	L-BRIDGE	def	toReduction	public
GameTheory/Languages/Expressiveness/Basic.lean	125	L-BRIDGE	structure	PreorderLens	public
GameTheory/Languages/Expressiveness/Basic.lean	137	L-BRIDGE	def	ExpressiveClass	public
GameTheory/Languages/Expressiveness/Basic.lean	142	L-BRIDGE	def	ExpressiveLe	public
GameTheory/Languages/Expressiveness/Basic.lean	147	L-BRIDGE	def	ExpressiveEq	public
GameTheory/Languages/Expressiveness/Basic.lean	153	L-BRIDGE	theorem	expressiveLe_of_reduction	public
GameTheory/Languages/Expressiveness/Basic.lean	162	L-BRIDGE	theorem	expressiveEq_of_reductions	public
GameTheory/Languages/Expressiveness/Basic.lean	169	L-BRIDGE	def	Characterizes	public
GameTheory/Languages/Expressiveness/Basic.lean	176	L-BRIDGE	structure	EquivalenceLens	public
GameTheory/Languages/Expressiveness/Basic.lean	189	L-BRIDGE	def	ExpressiveClass	public
GameTheory/Languages/Expressiveness/Basic.lean	194	L-BRIDGE	def	ExpressiveLe	public
GameTheory/Languages/Expressiveness/Basic.lean	199	L-BRIDGE	def	ExpressiveEq	public
GameTheory/Languages/Expressiveness/Basic.lean	209	L-BRIDGE	theorem	expressiveLe_of_reduction	public
GameTheory/Languages/Expressiveness/Basic.lean	218	L-BRIDGE	theorem	expressiveEq_of_reductions	public
GameTheory/Languages/Expressiveness/Basic.lean	225	L-BRIDGE	def	Characterizes	public
GameTheory/Languages/Expressiveness/CausalContext.lean	48	L-BRIDGE	abbrev	CausalNodeKind	public
GameTheory/Languages/Expressiveness/CausalContext.lean	56	L-BRIDGE	structure	CausalContextFreeForm	public
GameTheory/Languages/Expressiveness/CausalContext.lean	98	L-BRIDGE	instance	<anonymous@98>	public
GameTheory/Languages/Expressiveness/CausalContext.lean	102	L-BRIDGE	instance	<anonymous@102>	public
GameTheory/Languages/Expressiveness/CausalContext.lean	106	L-BRIDGE	instance	<anonymous@106>	public
GameTheory/Languages/Expressiveness/CausalContext.lean	111	L-BRIDGE	abbrev	ChanceNode	public
GameTheory/Languages/Expressiveness/CausalContext.lean	115	L-BRIDGE	abbrev	DecisionNode	public
GameTheory/Languages/Expressiveness/CausalContext.lean	119	L-BRIDGE	abbrev	UtilityNode	public
GameTheory/Languages/Expressiveness/CausalContext.lean	123	L-BRIDGE	abbrev	Cfg	public
GameTheory/Languages/Expressiveness/CausalContext.lean	127	L-BRIDGE	abbrev	TAssign	public
GameTheory/Languages/Expressiveness/CausalContext.lean	130	L-BRIDGE	instance	<anonymous@130>	public
GameTheory/Languages/Expressiveness/CausalContext.lean	133	L-BRIDGE	instance	<anonymous@133>	public
GameTheory/Languages/Expressiveness/CausalContext.lean	136	L-BRIDGE	instance	<anonymous@136>	public
GameTheory/Languages/Expressiveness/CausalContext.lean	139	L-BRIDGE	instance	<anonymous@139>	public
GameTheory/Languages/Expressiveness/CausalContext.lean	142	L-BRIDGE	instance	<anonymous@142>	public
GameTheory/Languages/Expressiveness/CausalContext.lean	145	L-BRIDGE	instance	<anonymous@145>	public
GameTheory/Languages/Expressiveness/CausalContext.lean	148	L-BRIDGE	instance	<anonymous@148>	public
GameTheory/Languages/Expressiveness/CausalContext.lean	152	L-BRIDGE	instance	<anonymous@152>	public
GameTheory/Languages/Expressiveness/CausalContext.lean	158	L-BRIDGE	abbrev	Infoset	public
GameTheory/Languages/Expressiveness/CausalContext.lean	164	L-BRIDGE	abbrev	Action	public
GameTheory/Languages/Expressiveness/CausalContext.lean	168	L-BRIDGE	def	obsProjection	public
GameTheory/Languages/Expressiveness/CausalContext.lean	172	L-BRIDGE	theorem	obsProjection_apply	public
GameTheory/Languages/Expressiveness/CausalContext.lean	179	L-BRIDGE	def	decisionInfosetOfAssignment	public
GameTheory/Languages/Expressiveness/CausalContext.lean	183	L-BRIDGE	theorem	decisionInfosetOfAssignment_eq_iff	public
GameTheory/Languages/Expressiveness/CausalContext.lean	191	L-BRIDGE	instance	<anonymous@191>	public
GameTheory/Languages/Expressiveness/CausalContext.lean	194	L-BRIDGE	instance	<anonymous@194>	public
GameTheory/Languages/Expressiveness/CausalContext.lean	199	L-BRIDGE	abbrev	PlayerStrategy	public
GameTheory/Languages/Expressiveness/CausalContext.lean	205	L-BRIDGE	abbrev	Policy	public
GameTheory/Languages/Expressiveness/CausalContext.lean	210	L-BRIDGE	def	toMAIDStruct	public
GameTheory/Languages/Expressiveness/CausalContext.lean	225	L-BRIDGE	def	toMAIDSem	public
GameTheory/Languages/Expressiveness/CausalContext.lean	230	L-BRIDGE	def	toKernelGame	public
GameTheory/Languages/Expressiveness/CausalContext.lean	236	L-BRIDGE	def	toEFGAt	public
GameTheory/Languages/Expressiveness/CausalContext.lean	243	L-BRIDGE	def	toEFG	public
GameTheory/Languages/Expressiveness/CausalContext.lean	248	L-BRIDGE	def	toEFGAtKernelGame	public
GameTheory/Languages/Expressiveness/CausalContext.lean	255	L-BRIDGE	def	toEFGAt_bisimulation	public
GameTheory/Languages/Expressiveness/CausalContext.lean	263	L-BRIDGE	def	ofMAID	public
GameTheory/Languages/Expressiveness/CausalContext.lean	280	L-BRIDGE	theorem	ofMAID_toMAIDStruct	public
GameTheory/Languages/Expressiveness/CausalContext.lean	285	L-BRIDGE	theorem	ofMAID_toMAIDSem	public
GameTheory/Languages/Expressiveness/CausalContext.lean	290	L-BRIDGE	theorem	ofMAID_toEFGAt	public
GameTheory/Languages/Expressiveness/CausalContext.lean	300	L-BRIDGE	structure	CausalContextFreeEFGPresentation	public
GameTheory/Languages/Expressiveness/CausalContext.lean	310	L-BRIDGE	def	toEFG	public
GameTheory/Languages/Expressiveness/CausalContext.lean	314	L-BRIDGE	def	toKernelGame	public
GameTheory/Languages/Expressiveness/CausalContext.lean	319	L-BRIDGE	def	toNativeKernelGame	public
GameTheory/Languages/Expressiveness/CausalContext.lean	325	L-BRIDGE	def	toEFG_bisimulation	public
GameTheory/Languages/Expressiveness/CausalContext.lean	337	L-BRIDGE	structure	CausalContextFreeEFGTreeCertificate	public
GameTheory/Languages/Expressiveness/CausalContext.lean	344	L-BRIDGE	def	IsCausalContextFreeEFGTree	public
GameTheory/Languages/Expressiveness/CausalContext.lean	354	L-BRIDGE	theorem	generatedUtilityDistributionEquivalent	public
GameTheory/Languages/Expressiveness/CausalContext.lean	364	L-BRIDGE	theorem	causalContextFree_toEFGAt_isCausalContextFreeEFGTree	public
GameTheory/Languages/Expressiveness/CausalContext.lean	376	L-BRIDGE	theorem	maidToEFGAt_isCausalContextFreeEFGTree	public
GameTheory/Languages/Expressiveness/CausalContext.lean	389	L-BRIDGE	theorem	maidToEFG_isCausalContextFreeEFGTree	public
GameTheory/Languages/Expressiveness/CausalContext.lean	399	L-BRIDGE	theorem	isCausalContextFreeEFGTree_iff	public
GameTheory/Languages/Expressiveness/EFG_FOSG.lean	40	L-BRIDGE	structure	BoundedFOSGPresentation	public
GameTheory/Languages/Expressiveness/EFG_FOSG.lean	73	L-BRIDGE	def	historyFintype	public
GameTheory/Languages/Expressiveness/EFG_FOSG.lean	79	L-BRIDGE	def	toKernelGame	public
GameTheory/Languages/Expressiveness/EFG_FOSG.lean	86	L-BRIDGE	def	toPlainEFG	public
GameTheory/Languages/Expressiveness/EFG_FOSG.lean	93	L-BRIDGE	def	toPlainEFGKernelGame	public
GameTheory/Languages/Expressiveness/EFG_FOSG.lean	99	L-BRIDGE	def	toAugmentedEFG	public
GameTheory/Languages/Expressiveness/EFG_FOSG.lean	107	L-BRIDGE	def	translateStrategy	public
GameTheory/Languages/Expressiveness/EFG_FOSG.lean	125	L-BRIDGE	def	translateProfile	public
GameTheory/Languages/Expressiveness/EFG_FOSG.lean	137	L-BRIDGE	theorem	toPlainEFGKernelGame_outcomeKernel_eq_native	public
GameTheory/Languages/Expressiveness/EFG_FOSG.lean	176	L-BRIDGE	theorem	toPlainEFGKernelGame_udist_eq_native	public
GameTheory/Languages/Expressiveness/EFG_FOSG.lean	196	L-BRIDGE	def	BoundedFOSGLanguage	public
GameTheory/Languages/Expressiveness/EFG_FOSG.lean	202	L-BRIDGE	def	FOSGPlainEFGLanguage	public
GameTheory/Languages/Expressiveness/EFG_FOSG.lean	209	L-BRIDGE	def	boundedFOSGToPlainEFGProfileMapReduction	public
GameTheory/Languages/Expressiveness/EFG_FOSG.lean	219	L-BRIDGE	theorem	boundedFOSG_expressiveLe_plainEFG_profileMap	public
GameTheory/Languages/Expressiveness/MAID_EFG.lean	37	L-BRIDGE	structure	MAIDPresentation	public
GameTheory/Languages/Expressiveness/MAID_EFG.lean	47	L-BRIDGE	def	toKernelGame	public
GameTheory/Languages/Expressiveness/MAID_EFG.lean	53	L-BRIDGE	def	toEFG	public
GameTheory/Languages/Expressiveness/MAID_EFG.lean	57	L-BRIDGE	def	toEFGAt	public
GameTheory/Languages/Expressiveness/MAID_EFG.lean	62	L-BRIDGE	def	toEFGKernelGame	public
GameTheory/Languages/Expressiveness/MAID_EFG.lean	68	L-BRIDGE	def	toEFG_bisimulation	public
GameTheory/Languages/Expressiveness/MAID_EFG.lean	74	L-BRIDGE	def	toEFGAt_bisimulation	public
GameTheory/Languages/Expressiveness/MAID_EFG.lean	82	L-BRIDGE	def	MAIDLanguage	public
GameTheory/Languages/Expressiveness/MAID_EFG.lean	91	L-BRIDGE	def	MAIDEFGLanguage	public
GameTheory/Languages/Expressiveness/MAID_EFG.lean	101	L-BRIDGE	def	CausalContextFreeEFGLanguage	public
GameTheory/Languages/Expressiveness/MAID_EFG.lean	107	L-BRIDGE	def	maidToMAIDEFGReduction	public
GameTheory/Languages/Expressiveness/MAID_EFG.lean	115	L-BRIDGE	def	maidefgToMAIDReduction	public
GameTheory/Languages/Expressiveness/MAID_EFG.lean	123	L-BRIDGE	def	MAIDPresentation.toCausalContextFreeEFGPresentation	public
GameTheory/Languages/Expressiveness/MAID_EFG.lean	131	L-BRIDGE	def	CausalContextFreeEFGPresentation.toMAIDPresentation	public
GameTheory/Languages/Expressiveness/MAID_EFG.lean	138	L-BRIDGE	def	maidToCausalContextFreeEFGReduction	public
GameTheory/Languages/Expressiveness/MAID_EFG.lean	149	L-BRIDGE	def	causalContextFreeEFGToMAIDReduction	public
GameTheory/Languages/Expressiveness/MAID_EFG.lean	158	L-BRIDGE	theorem	maid_expressiveEq_maidefg	public
GameTheory/Languages/Expressiveness/MAID_EFG.lean	166	L-BRIDGE	theorem	maid_expressiveEq_causalContextFreeEFG	public
GameTheory/Languages/Expressiveness/MAID_EFG.lean	181	L-BRIDGE	structure	MAIDEFGTreeCertificate	public
GameTheory/Languages/Expressiveness/MAID_EFG.lean	190	L-BRIDGE	def	IsMAIDEFGTree	public
GameTheory/Languages/Expressiveness/MAID_EFG.lean	200	L-BRIDGE	theorem	generatedUtilityDistributionEquivalent	public
GameTheory/Languages/Expressiveness/MAID_EFG.lean	209	L-BRIDGE	theorem	maidToEFGAt_isMAIDEFGTree	public
GameTheory/Languages/Expressiveness/MAID_EFG.lean	224	L-BRIDGE	theorem	maidToEFG_isMAIDEFGTree	public
GameTheory/Languages/Expressiveness/MAID_EFG.lean	233	L-BRIDGE	theorem	isMAIDEFGTree_iff	public
GameTheory/Languages/Expressiveness/MAID_EFG.lean	259	L-BRIDGE	theorem	isMAIDEFGTree_iff_isCausalContextFreeEFGTree	public
GameTheory/Languages/Expressiveness/Relations.lean	30	L-BRIDGE	def	ProtocolEquivalent	public
GameTheory/Languages/Expressiveness/Relations.lean	33	L-BRIDGE	theorem	protocolEquivalent_refl	public
GameTheory/Languages/Expressiveness/Relations.lean	37	L-BRIDGE	theorem	protocolEquivalent_symm	public
GameTheory/Languages/Expressiveness/Relations.lean	43	L-BRIDGE	theorem	protocolEquivalent_trans	public
GameTheory/Languages/Expressiveness/Relations.lean	51	L-BRIDGE	def	protocolLens	public
GameTheory/Languages/Expressiveness/Relations.lean	61	L-BRIDGE	def	UtilityDistributionSimulation	public
GameTheory/Languages/Expressiveness/Relations.lean	64	L-BRIDGE	theorem	utilityDistributionSimulation_refl	public
GameTheory/Languages/Expressiveness/Relations.lean	68	L-BRIDGE	theorem	utilityDistributionSimulation_trans	public
GameTheory/Languages/Expressiveness/Relations.lean	78	L-BRIDGE	def	UtilityDistributionEquivalent	public
GameTheory/Languages/Expressiveness/Relations.lean	81	L-BRIDGE	theorem	utilityDistributionEquivalent_refl	public
GameTheory/Languages/Expressiveness/Relations.lean	85	L-BRIDGE	theorem	utilityDistributionEquivalent_symm	public
GameTheory/Languages/Expressiveness/Relations.lean	91	L-BRIDGE	theorem	utilityDistributionEquivalent_trans	public
GameTheory/Languages/Expressiveness/Relations.lean	101	L-BRIDGE	def	utilityDistributionLens	public
GameTheory/Languages/Expressiveness/Relations.lean	115	L-BRIDGE	def	ProfileMapUtilityDistributionSimulation	public
GameTheory/Languages/Expressiveness/Relations.lean	119	L-BRIDGE	theorem	profileMapUtilityDistributionSimulation_refl	public
GameTheory/Languages/Expressiveness/Relations.lean	123	L-BRIDGE	theorem	profileMapUtilityDistributionSimulation_trans	public
GameTheory/Languages/Expressiveness/Relations.lean	133	L-BRIDGE	def	profileMapUtilityDistributionSimulationLens	public
GameTheory/Languages/Expressiveness/Relations.lean	140	L-BRIDGE	def	ProfileMapUtilityDistributionEquivalent	public
GameTheory/Languages/Expressiveness/Relations.lean	144	L-BRIDGE	theorem	profileMapUtilityDistributionEquivalent_refl	public
GameTheory/Languages/Expressiveness/Relations.lean	149	L-BRIDGE	theorem	profileMapUtilityDistributionEquivalent_symm	public
GameTheory/Languages/Expressiveness/Relations.lean	154	L-BRIDGE	theorem	profileMapUtilityDistributionEquivalent_trans	public
GameTheory/Languages/Expressiveness/Relations.lean	163	L-BRIDGE	def	profileMapUtilityDistributionLens	public
GameTheory/Languages/Expressiveness/Relations.lean	176	L-BRIDGE	structure	ExpectedUtilityMap	public
GameTheory/Languages/Expressiveness/Relations.lean	186	L-BRIDGE	def	id	public
GameTheory/Languages/Expressiveness/Relations.lean	191	L-BRIDGE	def	comp	public
GameTheory/Languages/Expressiveness/Relations.lean	208	L-BRIDGE	def	ExpectedUtilitySimulation	public
GameTheory/Languages/Expressiveness/Relations.lean	211	L-BRIDGE	theorem	expectedUtilitySimulation_refl	public
GameTheory/Languages/Expressiveness/Relations.lean	215	L-BRIDGE	theorem	expectedUtilitySimulation_trans	public
GameTheory/Languages/Expressiveness/Relations.lean	226	L-BRIDGE	def	ExpectedUtilityEquivalent	public
GameTheory/Languages/Expressiveness/Relations.lean	229	L-BRIDGE	theorem	expectedUtilityEquivalent_refl	public
GameTheory/Languages/Expressiveness/Relations.lean	233	L-BRIDGE	theorem	expectedUtilityEquivalent_symm	public
GameTheory/Languages/Expressiveness/Relations.lean	238	L-BRIDGE	theorem	expectedUtilityEquivalent_trans	public
GameTheory/Languages/Expressiveness/Relations.lean	246	L-BRIDGE	def	expectedUtilityLens	public
GameTheory/Languages/FOSG/Basic.lean	25	L-FOSG	structure	FOSG	public
GameTheory/Languages/FOSG/Basic.lean	75	L-FOSG	abbrev	legal	public
GameTheory/Languages/FOSG/Basic.lean	81	L-FOSG	abbrev	availableActionsAtState	public
GameTheory/Languages/FOSG/Basic.lean	86	L-FOSG	theorem	mem_availableActionsAtState_iff	public
GameTheory/Languages/FOSG/Basic.lean	93	L-FOSG	def	locallyLegalAtState	public
GameTheory/Languages/FOSG/Basic.lean	99	L-FOSG	theorem	legal_iff_forall	public
GameTheory/Languages/FOSG/Basic.lean	106	L-FOSG	abbrev	LegalAction	public
GameTheory/Languages/FOSG/Basic.lean	109	L-FOSG	theorem	legalAction_val	public
GameTheory/Languages/FOSG/Basic.lean	114	L-FOSG	theorem	inactive_eq_none	public
GameTheory/Languages/FOSG/Basic.lean	127	L-FOSG	theorem	legal_inactive_none	public
GameTheory/Languages/FOSG/Basic.lean	134	L-FOSG	theorem	active_has_some	public
GameTheory/Languages/FOSG/Basic.lean	146	L-FOSG	theorem	legal_active_some	public
GameTheory/Languages/FOSG/Basic.lean	153	L-FOSG	theorem	active_eq_empty_of_terminal	public
GameTheory/Languages/FOSG/Basic.lean	159	L-FOSG	theorem	not_legal_of_terminal	public
GameTheory/Languages/FOSG/Basic.lean	165	L-FOSG	theorem	exists_legal_of_not_terminal	public
GameTheory/Languages/FOSG/Basic.lean	171	L-FOSG	theorem	legal_noopAction_of_active_empty_of_not_terminal	public
GameTheory/Languages/FOSG/Basic.lean	179	L-FOSG	theorem	legal_iff_active_eq_empty	public
GameTheory/Languages/FOSG/Basic.lean	196	L-FOSG	theorem	LegalAction.val_eq_noop_of_active_empty	public
GameTheory/Languages/FOSG/Basic.lean	202	L-FOSG	def	noopLegalAction	public
GameTheory/Languages/FOSG/Basic.lean	208	L-FOSG	theorem	noopLegalAction_val	public
GameTheory/Languages/FOSG/Compile.lean	39	L-FOSG	def	extendByOutcome	public
GameTheory/Languages/FOSG/Compile.lean	43	L-FOSG	theorem	extendByOutcome_of_support	public
GameTheory/Languages/FOSG/Compile.lean	49	L-FOSG	theorem	extendByOutcome_of_no_support	public
GameTheory/Languages/FOSG/Compile.lean	55	L-FOSG	theorem	extendByOutcome_isPrefix	public
GameTheory/Languages/FOSG/Compile.lean	65	L-FOSG	theorem	extendByOutcome_prefix_canonical_imp	public
GameTheory/Languages/FOSG/Compile.lean	87	L-FOSG	theorem	extendByOutcome_eq_appendStep_of_head	public
GameTheory/Languages/FOSG/Compile.lean	101	L-FOSG	def	initialSegment	public
GameTheory/Languages/FOSG/Compile.lean	109	L-FOSG	theorem	initialSegment_steps	public
GameTheory/Languages/FOSG/Compile.lean	112	L-FOSG	theorem	initialSegment_isPrefix	public
GameTheory/Languages/FOSG/Compile.lean	117	L-FOSG	theorem	initialSegment_length	public
GameTheory/Languages/FOSG/Compile.lean	124	L-FOSG	def	runDistFrom	public
GameTheory/Languages/FOSG/Compile.lean	138	L-FOSG	theorem	runDistFrom_zero	public
GameTheory/Languages/FOSG/Compile.lean	145	L-FOSG	theorem	runDistFrom_succ_terminal	public
GameTheory/Languages/FOSG/Compile.lean	154	L-FOSG	theorem	runDistFrom_terminal	public
GameTheory/Languages/FOSG/Compile.lean	165	L-FOSG	theorem	runDistFrom_succ_nonterminal	public
GameTheory/Languages/FOSG/Compile.lean	177	L-FOSG	theorem	runDistFrom_congr	public
GameTheory/Languages/FOSG/Compile.lean	200	L-FOSG	theorem	runDistFrom_bind_runDistFrom	public
GameTheory/Languages/FOSG/Compile.lean	228	L-FOSG	theorem	runDistFrom_succ_active_empty	public
GameTheory/Languages/FOSG/Compile.lean	244	L-FOSG	theorem	runDistFrom_eq_zero_of_exactHorizon_not_prefix	public
GameTheory/Languages/FOSG/Compile.lean	302	L-FOSG	def	ExactHorizon	public
GameTheory/Languages/FOSG/Compile.lean	309	L-FOSG	def	BoundedHorizon	public
GameTheory/Languages/FOSG/Compile.lean	313	L-FOSG	theorem	exactHorizon_iff	public
GameTheory/Languages/FOSG/Compile.lean	319	L-FOSG	theorem	ExactHorizon.bounded	public
GameTheory/Languages/FOSG/Compile.lean	326	L-FOSG	theorem	runDistFrom_eq_zero_of_length_gt	public
GameTheory/Languages/FOSG/Compile.lean	373	L-FOSG	theorem	runDistFrom_eq_zero_of_nonterminal_target_lt	public
GameTheory/Languages/FOSG/Compile.lean	420	L-FOSG	theorem	runDistFrom_eq_zero_of_exactHorizon_length_ne	public
GameTheory/Languages/FOSG/Compile.lean	469	L-FOSG	def	runDist	public
GameTheory/Languages/FOSG/Compile.lean	476	L-FOSG	theorem	runDist_congr	public
GameTheory/Languages/FOSG/Compile.lean	486	L-FOSG	theorem	runDist_zero	public
GameTheory/Languages/FOSG/Compile.lean	493	L-FOSG	theorem	runDist_eq_zero_of_exactHorizon_length_ne	public
GameTheory/Languages/FOSG/Compile.lean	505	L-FOSG	theorem	runDist_eq_zero_of_length_gt	public
GameTheory/Languages/FOSG/Compile.lean	516	L-FOSG	theorem	runDist_eq_zero_of_nonterminal_of_boundedHorizon	public
GameTheory/Languages/FOSG/Compile.lean	535	L-FOSG	theorem	runDist_support_isTerminal_of_boundedHorizon	public
GameTheory/Languages/FOSG/Compile.lean	548	L-FOSG	theorem	runDistFrom_eq_zero_of_terminal_not_prefix	public
GameTheory/Languages/FOSG/Compile.lean	601	L-FOSG	theorem	runDistFrom_eq_probFrom_of_terminal_target	public
GameTheory/Languages/FOSG/Compile.lean	785	L-FOSG	theorem	runDist_support_isTerminal_of_exactHorizon	public
GameTheory/Languages/FOSG/Compile.lean	801	L-FOSG	theorem	runDistFrom_eq_probFrom_of_exactHorizon	public
GameTheory/Languages/FOSG/Compile.lean	988	L-FOSG	theorem	runDist_eq_terminalWeight_of_exactHorizon	public
GameTheory/Languages/FOSG/Compile.lean	1011	L-FOSG	theorem	length_le_of_boundedHorizon	public
GameTheory/Languages/FOSG/Compile.lean	1042	L-FOSG	theorem	history_length_le_of_boundedHorizon	public
GameTheory/Languages/FOSG/Compile.lean	1075	L-FOSG	def	historyFintypeOfLengthLe	public
GameTheory/Languages/FOSG/Compile.lean	1098	L-FOSG	def	historyFintypeOfBoundedHorizon	public
GameTheory/Languages/FOSG/Compile.lean	1105	L-FOSG	theorem	runDist_eq_terminalWeight_of_boundedHorizon	public
GameTheory/Languages/FOSG/Compile.lean	1130	L-FOSG	def	HasNormalizedTerminalLaw	public
GameTheory/Languages/FOSG/Compile.lean	1140	L-FOSG	theorem	hasNormalizedTerminalLaw_of_exactHorizon	public
GameTheory/Languages/FOSG/Compile.lean	1159	L-FOSG	theorem	hasNormalizedTerminalLaw_of_boundedHorizon	public
GameTheory/Languages/FOSG/Compile.lean	1182	L-FOSG	def	terminalLawPMF	public
GameTheory/Languages/FOSG/Compile.lean	1192	L-FOSG	theorem	terminalLawPMF_apply	public
GameTheory/Languages/FOSG/Compile.lean	1200	L-FOSG	theorem	terminalLawPMF_eq_runDist_of_boundedHorizon	public
GameTheory/Languages/FOSG/Compile.lean	1210	L-FOSG	theorem	terminalLawPMF_eq_runDist_of_exactHorizon	public
GameTheory/Languages/FOSG/Compile.lean	1222	L-FOSG	def	toKernelGame	public
GameTheory/Languages/FOSG/Compile.lean	1231	L-FOSG	theorem	toKernelGame_outcomeKernel	public
GameTheory/Languages/FOSG/Compile.lean	1240	L-FOSG	theorem	toKernelGame_eu_eq	public
GameTheory/Languages/FOSG/Compile.lean	1257	L-FOSG	def	toKernelGameAtHorizon	public
GameTheory/Languages/FOSG/Compile.lean	1267	L-FOSG	theorem	toKernelGameAtHorizon_outcomeKernel	public
GameTheory/Languages/FOSG/Compile.lean	1274	L-FOSG	theorem	toKernelGameAtHorizon_eu_eq	public
GameTheory/Languages/FOSG/Compile.lean	1287	L-FOSG	abbrev	toKernelGameOfBoundedHorizon	public
GameTheory/Languages/FOSG/Compile.lean	1294	L-FOSG	theorem	toKernelGameOfBoundedHorizon_outcomeKernel	public
GameTheory/Languages/FOSG/Compile.lean	1304	L-FOSG	theorem	toKernelGameOfBoundedHorizon_support_isTerminal	public
GameTheory/Languages/FOSG/Compile.lean	1319	L-FOSG	theorem	toKernelGameAtHorizon_eq_toKernelGameOfBoundedHorizon_outcomeKernel	public
GameTheory/Languages/FOSG/Compile.lean	1328	L-FOSG	theorem	toKernelGameOfBoundedHorizon_eu_eq	public
GameTheory/Languages/FOSG/Compile.lean	1344	L-FOSG	abbrev	toKernelGameOfExactHorizon	public
GameTheory/Languages/FOSG/Compile.lean	1351	L-FOSG	theorem	toKernelGameOfExactHorizon_outcomeKernel	public
GameTheory/Languages/FOSG/Compile.lean	1361	L-FOSG	theorem	toKernelGameOfExactHorizon_support_isTerminal	public
GameTheory/Languages/FOSG/Compile.lean	1376	L-FOSG	theorem	toKernelGameOfExactHorizon_eu_eq	public
GameTheory/Languages/FOSG/Examples.lean	32	L-FOSG	def	historyFintypeOfLengthLeOne	public
GameTheory/Languages/FOSG/Examples.lean	90	L-FOSG	inductive	Solo	public
GameTheory/Languages/FOSG/Examples.lean	94	L-FOSG	def	soloIndex	private
GameTheory/Languages/FOSG/Examples.lean	97	L-FOSG	instance	<anonymous@97>	public
GameTheory/Languages/FOSG/Examples.lean	104	L-FOSG	abbrev	SoloAct	public
GameTheory/Languages/FOSG/Examples.lean	105	L-FOSG	abbrev	SoloObs	public
GameTheory/Languages/FOSG/Examples.lean	106	L-FOSG	abbrev	SoloPub	public
GameTheory/Languages/FOSG/Examples.lean	108	L-FOSG	inductive	SoloState	public
GameTheory/Languages/FOSG/Examples.lean	113	L-FOSG	def	binaryChoiceActive	public
GameTheory/Languages/FOSG/Examples.lean	117	L-FOSG	def	binaryChoiceAvailable	public
GameTheory/Languages/FOSG/Examples.lean	121	L-FOSG	def	binaryChoiceTerminal	public
GameTheory/Languages/FOSG/Examples.lean	125	L-FOSG	def	binaryChoicePick	public
GameTheory/Languages/FOSG/Examples.lean	142	L-FOSG	def	binaryChoiceTransition	public
GameTheory/Languages/FOSG/Examples.lean	161	L-FOSG	def	binaryChoice	public
GameTheory/Languages/FOSG/Examples.lean	195	L-FOSG	instance	<anonymous@195>	public
GameTheory/Languages/FOSG/Examples.lean	201	L-FOSG	def	startAction	public
GameTheory/Languages/FOSG/Examples.lean	204	L-FOSG	theorem	startAction_legal	public
GameTheory/Languages/FOSG/Examples.lean	218	L-FOSG	def	startLegalAction	public
GameTheory/Languages/FOSG/Examples.lean	221	L-FOSG	theorem	binaryChoice_step_from_start_isTerminal	public
GameTheory/Languages/FOSG/Examples.lean	243	L-FOSG	theorem	binaryChoiceBoundedHorizon	public
GameTheory/Languages/FOSG/Examples.lean	262	L-FOSG	instance	<anonymous@262>	public
GameTheory/Languages/FOSG/Examples.lean	267	L-FOSG	def	binaryChoiceKernel	public
GameTheory/Languages/FOSG/Examples.lean	272	L-FOSG	inductive	Player	public
GameTheory/Languages/FOSG/Examples.lean	277	L-FOSG	def	playerIndex	private
GameTheory/Languages/FOSG/Examples.lean	281	L-FOSG	instance	<anonymous@281>	public
GameTheory/Languages/FOSG/Examples.lean	286	L-FOSG	abbrev	Act	public
GameTheory/Languages/FOSG/Examples.lean	287	L-FOSG	abbrev	PrivObs	public
GameTheory/Languages/FOSG/Examples.lean	288	L-FOSG	abbrev	PubObs	public
GameTheory/Languages/FOSG/Examples.lean	290	L-FOSG	inductive	State	public
GameTheory/Languages/FOSG/Examples.lean	295	L-FOSG	def	active	public
GameTheory/Languages/FOSG/Examples.lean	299	L-FOSG	def	availableActions	public
GameTheory/Languages/FOSG/Examples.lean	303	L-FOSG	def	terminal	public
GameTheory/Languages/FOSG/Examples.lean	307	L-FOSG	def	payoff	public
GameTheory/Languages/FOSG/Examples.lean	314	L-FOSG	def	leftMove	public
GameTheory/Languages/FOSG/Examples.lean	330	L-FOSG	def	rightMove	public
GameTheory/Languages/FOSG/Examples.lean	343	L-FOSG	def	transition	public
GameTheory/Languages/FOSG/Examples.lean	357	L-FOSG	def	game	public
GameTheory/Languages/FOSG/Examples.lean	396	L-FOSG	instance	<anonymous@396>	public
GameTheory/Languages/FOSG/Examples.lean	402	L-FOSG	theorem	step_from_start_isTerminal	public
GameTheory/Languages/FOSG/Examples.lean	436	L-FOSG	theorem	boundedHorizon	public
GameTheory/Languages/FOSG/Examples.lean	454	L-FOSG	instance	<anonymous@454>	public
GameTheory/Languages/FOSG/Examples.lean	459	L-FOSG	def	kernel	public
GameTheory/Languages/FOSG/Execution.lean	33	L-FOSG	def	extendBySteps	public
GameTheory/Languages/FOSG/Execution.lean	40	L-FOSG	theorem	extendBySteps_nil	public
GameTheory/Languages/FOSG/Execution.lean	44	L-FOSG	theorem	extendBySteps_cons	public
GameTheory/Languages/FOSG/Execution.lean	51	L-FOSG	theorem	steps_extendBySteps	public
GameTheory/Languages/FOSG/Execution.lean	64	L-FOSG	theorem	lastState_extendBySteps	public
GameTheory/Languages/FOSG/Execution.lean	77	L-FOSG	theorem	extendBySteps_eq	public
GameTheory/Languages/FOSG/Execution.lean	90	L-FOSG	def	jointActionDist	public
GameTheory/Languages/FOSG/Execution.lean	97	L-FOSG	theorem	jointActionDist_apply	public
GameTheory/Languages/FOSG/Execution.lean	105	L-FOSG	theorem	jointActionDist_congr	public
GameTheory/Languages/FOSG/Execution.lean	116	L-FOSG	theorem	legalBehavioralProfile_jointActionDist_eq_zero_of_not_legal	public
GameTheory/Languages/FOSG/Execution.lean	139	L-FOSG	theorem	legalBehavioralProfile_legalJointMass_eq_one	public
GameTheory/Languages/FOSG/Execution.lean	171	L-FOSG	def	legalActionLaw	public
GameTheory/Languages/FOSG/Execution.lean	181	L-FOSG	theorem	legalActionLaw_apply	public
GameTheory/Languages/FOSG/Execution.lean	189	L-FOSG	theorem	legalActionLaw_congr	public
GameTheory/Languages/FOSG/Execution.lean	207	L-FOSG	theorem	legalActionLaw_bind_eq_jointActionDist_bind	public
GameTheory/Languages/FOSG/Execution.lean	255	L-FOSG	theorem	legalActionLaw_bind_coord	public
GameTheory/Languages/FOSG/Execution.lean	272	L-FOSG	theorem	legalActionLaw_bind_of_coord	public
GameTheory/Languages/FOSG/Execution.lean	295	L-FOSG	theorem	legalActionLaw_eq_pure_noop_of_active_empty	public
GameTheory/Languages/FOSG/Execution.lean	330	L-FOSG	def	nextStateLaw	public
GameTheory/Languages/FOSG/Execution.lean	338	L-FOSG	theorem	nextStateLaw_apply	public
GameTheory/Languages/FOSG/Execution.lean	349	L-FOSG	theorem	legalBehavioralProfile_jointStepMass_eq_one	public
GameTheory/Languages/FOSG/Execution.lean	361	L-FOSG	theorem	nextStateLaw_eq_bind_legalActionLaw	public
GameTheory/Languages/FOSG/Execution.lean	371	L-FOSG	def	AgreeOff	public
GameTheory/Languages/FOSG/Execution.lean	378	L-FOSG	def	stepActionProb	public
GameTheory/Languages/FOSG/Execution.lean	384	L-FOSG	def	playerStepActionProb	public
GameTheory/Languages/FOSG/Execution.lean	391	L-FOSG	def	othersStepActionProb	public
GameTheory/Languages/FOSG/Execution.lean	399	L-FOSG	def	stepProb	public
GameTheory/Languages/FOSG/Execution.lean	404	L-FOSG	theorem	stepActionProb_ne_top	public
GameTheory/Languages/FOSG/Execution.lean	414	L-FOSG	theorem	stepProb_ne_top	public
GameTheory/Languages/FOSG/Execution.lean	422	L-FOSG	theorem	stepProb_eq_stepActionProb_mul_transition	public
GameTheory/Languages/FOSG/Execution.lean	428	L-FOSG	theorem	stepProb_eq_transition_mul_stepActionProb	public
GameTheory/Languages/FOSG/Execution.lean	435	L-FOSG	theorem	legalBehavioralProfile_stepActionProb_eq_one_of_active_empty	public
GameTheory/Languages/FOSG/Execution.lean	458	L-FOSG	theorem	legalBehavioralProfile_stepProb_eq_transition_of_active_empty	public
GameTheory/Languages/FOSG/Execution.lean	468	L-FOSG	theorem	stepActionProb_eq_player_mul_others	public
GameTheory/Languages/FOSG/Execution.lean	480	L-FOSG	theorem	stepActionProb_eq_others_mul_player	public
GameTheory/Languages/FOSG/Execution.lean	487	L-FOSG	theorem	othersStepActionProb_eq_of_agreeOff	public
GameTheory/Languages/FOSG/Execution.lean	501	L-FOSG	def	counterfactualStepProb	public
GameTheory/Languages/FOSG/Execution.lean	506	L-FOSG	theorem	stepProb_eq_player_mul_counterfactual	public
GameTheory/Languages/FOSG/Execution.lean	519	L-FOSG	theorem	stepProb_eq_counterfactual_mul_player	public
GameTheory/Languages/FOSG/Execution.lean	526	L-FOSG	theorem	counterfactualStepProb_eq_of_agreeOff	public
GameTheory/Languages/FOSG/Execution.lean	539	L-FOSG	def	probFrom	public
GameTheory/Languages/FOSG/Execution.lean	550	L-FOSG	def	playerProbFrom	public
GameTheory/Languages/FOSG/Execution.lean	561	L-FOSG	def	counterfactualProbFrom	public
GameTheory/Languages/FOSG/Execution.lean	570	L-FOSG	theorem	probFrom_nil	public
GameTheory/Languages/FOSG/Execution.lean	574	L-FOSG	theorem	probFrom_cons	public
GameTheory/Languages/FOSG/Execution.lean	584	L-FOSG	theorem	playerProbFrom_nil	public
GameTheory/Languages/FOSG/Execution.lean	589	L-FOSG	theorem	playerProbFrom_cons	public
GameTheory/Languages/FOSG/Execution.lean	598	L-FOSG	theorem	counterfactualProbFrom_nil	public
GameTheory/Languages/FOSG/Execution.lean	602	L-FOSG	theorem	counterfactualProbFrom_cons	public
GameTheory/Languages/FOSG/Execution.lean	611	L-FOSG	theorem	counterfactualProbFrom_eq_of_agreeOff	public
GameTheory/Languages/FOSG/Execution.lean	630	L-FOSG	def	prob	public
GameTheory/Languages/FOSG/Execution.lean	635	L-FOSG	theorem	prob_nil	public
GameTheory/Languages/FOSG/Execution.lean	639	L-FOSG	theorem	probFrom_ne_top	public
GameTheory/Languages/FOSG/Execution.lean	652	L-FOSG	theorem	prob_ne_top	public
GameTheory/Languages/FOSG/Execution.lean	660	L-FOSG	theorem	probFrom_eq_playerProbFrom_mul_counterfactualProbFrom	public
GameTheory/Languages/FOSG/Execution.lean	683	L-FOSG	theorem	probFrom_append	public
GameTheory/Languages/FOSG/Execution.lean	706	L-FOSG	theorem	probFrom_append_singleton	public
GameTheory/Languages/FOSG/Execution.lean	720	L-FOSG	theorem	prob_snoc	public
GameTheory/Languages/FOSG/Execution.lean	736	L-FOSG	def	playerProb	public
GameTheory/Languages/FOSG/Execution.lean	743	L-FOSG	def	counterfactualProb	public
GameTheory/Languages/FOSG/Execution.lean	748	L-FOSG	theorem	counterfactualProb_eq_of_agreeOff	public
GameTheory/Languages/FOSG/Execution.lean	757	L-FOSG	theorem	prob_eq_playerProb_mul_counterfactualProb	public
GameTheory/Languages/FOSG/Execution.lean	767	L-FOSG	theorem	prob_extendBySteps	public
GameTheory/Languages/FOSG/Execution.lean	780	L-FOSG	theorem	prob_appendStep	public
GameTheory/Languages/FOSG/Execution.lean	793	L-FOSG	def	terminalWeight	public
GameTheory/Languages/FOSG/Execution.lean	798	L-FOSG	theorem	terminalWeight_ne_top	public
GameTheory/Languages/FOSG/Execution.lean	806	L-FOSG	theorem	terminalWeight_of_terminal	public
GameTheory/Languages/FOSG/Execution.lean	813	L-FOSG	theorem	terminalWeight_of_not_terminal	public
GameTheory/Languages/FOSG/Execution.lean	822	L-FOSG	def	terminalMassOn	public
GameTheory/Languages/FOSG/Execution.lean	828	L-FOSG	def	terminalLaw	public
GameTheory/Languages/FOSG/Execution.lean	833	L-FOSG	theorem	terminalMassOn_empty	public
GameTheory/Languages/FOSG/Execution.lean	840	L-FOSG	theorem	terminalMassOn_singleton	public
GameTheory/Languages/FOSG/Execution.lean	847	L-FOSG	theorem	terminalLaw_apply	public
GameTheory/Languages/FOSG/History.lean	26	L-FOSG	structure	Step	public
GameTheory/Languages/FOSG/History.lean	37	L-FOSG	abbrev	ownAction?	public
GameTheory/Languages/FOSG/History.lean	41	L-FOSG	abbrev	publicObs	public
GameTheory/Languages/FOSG/History.lean	45	L-FOSG	abbrev	privateObs	public
GameTheory/Languages/FOSG/History.lean	48	L-FOSG	theorem	ownAction?_eq_none_of_not_mem_active	public
GameTheory/Languages/FOSG/History.lean	53	L-FOSG	theorem	exists_ownAction_of_mem_active	public
GameTheory/Languages/FOSG/History.lean	66	L-FOSG	instance	instFintypeLegalAction	public
GameTheory/Languages/FOSG/History.lean	72	L-FOSG	abbrev	StepData	private
GameTheory/Languages/FOSG/History.lean	76	L-FOSG	instance	instFintypeStep	public
GameTheory/Languages/FOSG/History.lean	99	L-FOSG	def	StepChainFrom	public
GameTheory/Languages/FOSG/History.lean	105	L-FOSG	def	lastStateFrom	public
GameTheory/Languages/FOSG/History.lean	111	L-FOSG	def	stateTraceFrom	public
GameTheory/Languages/FOSG/History.lean	116	L-FOSG	theorem	lastStateFrom_nil	public
GameTheory/Languages/FOSG/History.lean	120	L-FOSG	theorem	lastStateFrom_cons	public
GameTheory/Languages/FOSG/History.lean	124	L-FOSG	theorem	stateTraceFrom_nil	public
GameTheory/Languages/FOSG/History.lean	128	L-FOSG	theorem	stateTraceFrom_cons	public
GameTheory/Languages/FOSG/History.lean	132	L-FOSG	theorem	stateTraceFrom_length	public
GameTheory/Languages/FOSG/History.lean	141	L-FOSG	theorem	lastStateFrom_append_singleton	public
GameTheory/Languages/FOSG/History.lean	150	L-FOSG	theorem	lastStateFrom_append	public
GameTheory/Languages/FOSG/History.lean	160	L-FOSG	theorem	stateTraceFrom_append_singleton	public
GameTheory/Languages/FOSG/History.lean	172	L-FOSG	theorem	StepChainFrom.snoc	public
GameTheory/Languages/FOSG/History.lean	187	L-FOSG	theorem	StepChainFrom.append	public
GameTheory/Languages/FOSG/History.lean	201	L-FOSG	theorem	StepChainFrom.left	public
GameTheory/Languages/FOSG/History.lean	214	L-FOSG	theorem	StepChainFrom.right	public
GameTheory/Languages/FOSG/History.lean	228	L-FOSG	structure	History	public
GameTheory/Languages/FOSG/History.lean	236	L-FOSG	theorem	ext	public
GameTheory/Languages/FOSG/History.lean	245	L-FOSG	def	nil	public
GameTheory/Languages/FOSG/History.lean	249	L-FOSG	def	lastState	public
GameTheory/Languages/FOSG/History.lean	253	L-FOSG	def	stateTrace	public
GameTheory/Languages/FOSG/History.lean	257	L-FOSG	def	actionTrace	public
GameTheory/Languages/FOSG/History.lean	261	L-FOSG	def	snoc	public
GameTheory/Languages/FOSG/History.lean	268	L-FOSG	def	appendStep	public
GameTheory/Languages/FOSG/History.lean	274	L-FOSG	theorem	steps_nil	public
GameTheory/Languages/FOSG/History.lean	277	L-FOSG	theorem	lastState_nil	public
GameTheory/Languages/FOSG/History.lean	280	L-FOSG	theorem	stateTrace_nil	public
GameTheory/Languages/FOSG/History.lean	283	L-FOSG	theorem	actionTrace_nil	public
GameTheory/Languages/FOSG/History.lean	286	L-FOSG	theorem	steps_snoc	public
GameTheory/Languages/FOSG/History.lean	291	L-FOSG	theorem	steps_appendStep	public
GameTheory/Languages/FOSG/History.lean	295	L-FOSG	theorem	lastState_snoc	public
GameTheory/Languages/FOSG/History.lean	302	L-FOSG	theorem	stateTrace_snoc	public
GameTheory/Languages/FOSG/History.lean	309	L-FOSG	theorem	actionTrace_snoc	public
GameTheory/Languages/FOSG/History.lean	315	L-FOSG	theorem	stateTrace_length	public
GameTheory/Languages/FOSG/History.lean	320	L-FOSG	theorem	lastState_appendStep	public
GameTheory/Languages/FOSG/History.lean	326	L-FOSG	theorem	stateTrace_appendStep	public
GameTheory/Languages/FOSG/History.lean	332	L-FOSG	theorem	appendStep_eq_snoc	public
GameTheory/Languages/FOSG/History.lean	337	L-FOSG	theorem	length_states_eq_actions_succ	public
GameTheory/Languages/FOSG/History.lean	343	L-FOSG	def	IsPrefix	public
GameTheory/Languages/FOSG/History.lean	347	L-FOSG	def	IsDescendant	public
GameTheory/Languages/FOSG/History.lean	351	L-FOSG	def	IsTerminal	public
GameTheory/Languages/FOSG/History.lean	355	L-FOSG	def	terminalHistories	public
GameTheory/Languages/FOSG/History.lean	358	L-FOSG	theorem	isPrefix_iff	public
GameTheory/Languages/FOSG/History.lean	363	L-FOSG	theorem	isDescendant_iff	public
GameTheory/Languages/FOSG/History.lean	368	L-FOSG	theorem	prefix_refl	public
GameTheory/Languages/FOSG/History.lean	373	L-FOSG	theorem	nil_prefix	public
GameTheory/Languages/FOSG/History.lean	378	L-FOSG	theorem	prefix_of_eq	public
GameTheory/Languages/FOSG/History.lean	384	L-FOSG	theorem	prefix_snoc	public
GameTheory/Languages/FOSG/History.lean	391	L-FOSG	theorem	prefix_trans	public
GameTheory/Languages/FOSG/History.lean	400	L-FOSG	theorem	descendant_refl	public
GameTheory/Languages/FOSG/History.lean	405	L-FOSG	theorem	descendant_trans	public
GameTheory/Languages/FOSG/History.lean	411	L-FOSG	theorem	mem_terminalHistories_iff	public
GameTheory/Languages/FOSG/History.lean	416	L-FOSG	theorem	not_isTerminal_of_legalAction	public
GameTheory/Languages/FOSG/History.lean	422	L-FOSG	theorem	exists_legalAction_of_not_terminal	public
GameTheory/Languages/FOSG/Information.lean	23	L-FOSG	inductive	PlayerEvent	public
GameTheory/Languages/FOSG/Information.lean	33	L-FOSG	def	publicPart	public
GameTheory/Languages/FOSG/Information.lean	38	L-FOSG	def	actionPart	public
GameTheory/Languages/FOSG/Information.lean	44	L-FOSG	def	observationPart	public
GameTheory/Languages/FOSG/Information.lean	48	L-FOSG	theorem	publicPart_act	public
GameTheory/Languages/FOSG/Information.lean	51	L-FOSG	theorem	publicPart_obs	public
GameTheory/Languages/FOSG/Information.lean	54	L-FOSG	theorem	actionPart_act	public
GameTheory/Languages/FOSG/Information.lean	57	L-FOSG	theorem	actionPart_obs	public
GameTheory/Languages/FOSG/Information.lean	60	L-FOSG	theorem	observationPart_act	public
GameTheory/Languages/FOSG/Information.lean	63	L-FOSG	theorem	observationPart_obs	public
GameTheory/Languages/FOSG/Information.lean	69	L-FOSG	abbrev	InfoState	public
GameTheory/Languages/FOSG/Information.lean	73	L-FOSG	abbrev	PublicState	public
GameTheory/Languages/FOSG/Information.lean	81	L-FOSG	def	last?	public
GameTheory/Languages/FOSG/Information.lean	86	L-FOSG	theorem	last?_append_singleton	public
GameTheory/Languages/FOSG/Information.lean	97	L-FOSG	def	observationEvents	public
GameTheory/Languages/FOSG/Information.lean	101	L-FOSG	def	latestObservation?	public
GameTheory/Languages/FOSG/Information.lean	104	L-FOSG	theorem	observationEvents_nil	public
GameTheory/Languages/FOSG/Information.lean	107	L-FOSG	theorem	latestObservation?_nil	public
GameTheory/Languages/FOSG/Information.lean	110	L-FOSG	theorem	latestObservation?_append_obs	public
GameTheory/Languages/FOSG/Information.lean	116	L-FOSG	theorem	latestObservation?_append_act_obs	public
GameTheory/Languages/FOSG/Information.lean	130	L-FOSG	def	playerView	public
GameTheory/Languages/FOSG/Information.lean	135	L-FOSG	theorem	playerView_of_some	public
GameTheory/Languages/FOSG/Information.lean	141	L-FOSG	theorem	playerView_of_none	public
GameTheory/Languages/FOSG/Information.lean	147	L-FOSG	theorem	filterMap_publicPart_playerView	public
GameTheory/Languages/FOSG/Information.lean	153	L-FOSG	theorem	playerView_length_pos	public
GameTheory/Languages/FOSG/Information.lean	159	L-FOSG	theorem	latestObservation?_append_playerView	public
GameTheory/Languages/FOSG/Information.lean	180	L-FOSG	def	publicViewFrom	public
GameTheory/Languages/FOSG/Information.lean	185	L-FOSG	def	playerViewFrom	public
GameTheory/Languages/FOSG/Information.lean	190	L-FOSG	def	publicView	public
GameTheory/Languages/FOSG/Information.lean	194	L-FOSG	def	playerView	public
GameTheory/Languages/FOSG/Information.lean	199	L-FOSG	def	projectActions	public
GameTheory/Languages/FOSG/Information.lean	204	L-FOSG	def	projectObservations	public
GameTheory/Languages/FOSG/Information.lean	207	L-FOSG	theorem	publicViewFrom_append_singleton	public
GameTheory/Languages/FOSG/Information.lean	217	L-FOSG	theorem	publicViewFrom_append	public
GameTheory/Languages/FOSG/Information.lean	227	L-FOSG	theorem	playerViewFrom_append_singleton	public
GameTheory/Languages/FOSG/Information.lean	237	L-FOSG	theorem	playerViewFrom_append	public
GameTheory/Languages/FOSG/Information.lean	247	L-FOSG	theorem	publicView_nil	public
GameTheory/Languages/FOSG/Information.lean	250	L-FOSG	theorem	playerView_nil	public
GameTheory/Languages/FOSG/Information.lean	253	L-FOSG	theorem	publicView_snoc	public
GameTheory/Languages/FOSG/Information.lean	261	L-FOSG	theorem	playerView_snoc	public
GameTheory/Languages/FOSG/Information.lean	269	L-FOSG	theorem	latestObservation?_playerView_snoc	public
GameTheory/Languages/FOSG/Information.lean	280	L-FOSG	theorem	latestObservation?_playerView_appendStep	public
GameTheory/Languages/FOSG/Information.lean	294	L-FOSG	theorem	publicViewFrom_eq_filterMap_playerViewFrom	public
GameTheory/Languages/FOSG/Information.lean	305	L-FOSG	theorem	publicView_eq_filterMap_playerView	public
GameTheory/Languages/FOSG/Information.lean	312	L-FOSG	theorem	publicView_eq_of_playerView_eq	public
GameTheory/Languages/FOSG/Information.lean	319	L-FOSG	theorem	projectActions_eq_of_playerView_eq	public
GameTheory/Languages/FOSG/Information.lean	326	L-FOSG	theorem	projectObservations_eq_of_playerView_eq	public
GameTheory/Languages/FOSG/Information.lean	333	L-FOSG	theorem	playerView_length_snoc	public
GameTheory/Languages/FOSG/Information.lean	340	L-FOSG	theorem	playerView_length_lt_snoc	public
GameTheory/Languages/FOSG/Information.lean	347	L-FOSG	theorem	playerView_ne_snoc	public
GameTheory/Languages/FOSG/Information.lean	357	L-FOSG	theorem	playerView_eq_append_of_prefix	public
GameTheory/Languages/FOSG/Information.lean	367	L-FOSG	theorem	playerView_length_lt_of_properPrefix	public
GameTheory/Languages/FOSG/Information.lean	385	L-FOSG	theorem	playerView_ne_of_properPrefix	public
GameTheory/Languages/FOSG/Information.lean	394	L-FOSG	def	infoSet	public
GameTheory/Languages/FOSG/Information.lean	398	L-FOSG	def	IsDecisionHistory	public
GameTheory/Languages/FOSG/Information.lean	403	L-FOSG	def	decisionInfoSet	public
GameTheory/Languages/FOSG/Information.lean	407	L-FOSG	def	publicSet	public
GameTheory/Languages/FOSG/Information.lean	410	L-FOSG	theorem	mem_publicSet_of_mem_infoSet	public
GameTheory/Languages/FOSG/Information.lean	418	L-FOSG	theorem	infoSet_subset_publicSet	public
GameTheory/Languages/FOSG/Information.lean	425	L-FOSG	theorem	decisionInfoSet_subset_infoSet	public
GameTheory/Languages/FOSG/Information.lean	431	L-FOSG	theorem	mem_decisionInfoSet_iff	public
GameTheory/Languages/FOSG/Information.lean	437	L-FOSG	theorem	infoSet_mem_publicSet	public
GameTheory/Languages/FOSG/Information.lean	447	L-FOSG	def	ObsRecall	public
GameTheory/Languages/FOSG/Information.lean	454	L-FOSG	def	ActionRecall	public
GameTheory/Languages/FOSG/Information.lean	464	L-FOSG	def	PerfectRecall	public
GameTheory/Languages/FOSG/Information.lean	467	L-FOSG	theorem	obsRecall	public
GameTheory/Languages/FOSG/Information.lean	472	L-FOSG	theorem	actionRecall	public
GameTheory/Languages/FOSG/Information.lean	477	L-FOSG	theorem	perfectRecall	public
GameTheory/Languages/FOSG/Information.lean	481	L-FOSG	theorem	perfectRecall_obs	public
GameTheory/Languages/FOSG/Information.lean	486	L-FOSG	theorem	perfectRecall_action	public
GameTheory/Languages/FOSG/Native/History.lean	39	L-FOSG	abbrev	ExecutionState	public
GameTheory/Languages/FOSG/Native/History.lean	43	L-FOSG	abbrev	KuhnLocalStrategy	public
GameTheory/Languages/FOSG/Native/History.lean	47	L-FOSG	abbrev	KuhnPureProfile	public
GameTheory/Languages/FOSG/Native/History.lean	51	L-FOSG	abbrev	KuhnBehavioralProfile	public
GameTheory/Languages/FOSG/Native/History.lean	55	L-FOSG	abbrev	runDist	public
GameTheory/Languages/FOSG/Native/History.lean	62	L-FOSG	abbrev	runDistPure	public
GameTheory/Languages/FOSG/Native/History.lean	70	L-FOSG	abbrev	executionBehavioralToMixedJoint	public
GameTheory/Languages/FOSG/Native/History.lean	79	L-FOSG	abbrev	NoNontrivialInfoStateRepeat	public
GameTheory/Languages/FOSG/Native/History.lean	85	L-FOSG	abbrev	StepMassInvariant	public
GameTheory/Languages/FOSG/Native/History.lean	91	L-FOSG	abbrev	StepSupportFactorization	public
GameTheory/Languages/FOSG/Native/History.lean	97	L-FOSG	abbrev	ActionPosteriorLocal	public
GameTheory/Languages/FOSG/Native/History.lean	104	L-FOSG	abbrev	ObsLocalFeasibilityFull	public
GameTheory/Languages/FOSG/Native/History.lean	116	L-FOSG	theorem	behavioral_to_mixed_runDist	public
GameTheory/Languages/FOSG/Native/History.lean	138	L-FOSG	theorem	mixed_to_behavioral_semantic	public
GameTheory/Languages/FOSG/Native/History.lean	165	L-FOSG	theorem	mixed_to_behavioral_of_obsLocal	public
GameTheory/Languages/FOSG/Native/History.lean	184	L-FOSG	abbrev	PureStrategy	public
GameTheory/Languages/FOSG/Native/History.lean	189	L-FOSG	abbrev	MixedProfile	public
GameTheory/Languages/FOSG/Native/History.lean	192	L-FOSG	instance	mixedProfilePureStrategyFintype	public
GameTheory/Languages/FOSG/Native/History.lean	200	L-FOSG	abbrev	BehavioralProfile	public
GameTheory/Languages/FOSG/Native/History.lean	204	L-FOSG	abbrev	mixedProfileJoint	public
GameTheory/Languages/FOSG/Native/History.lean	210	L-FOSG	def	liftPureStrategy	public
GameTheory/Languages/FOSG/Native/History.lean	216	L-FOSG	def	liftPureProfile	public
GameTheory/Languages/FOSG/Native/History.lean	221	L-FOSG	def	liftMixedProfile	public
GameTheory/Languages/FOSG/Native/History.lean	226	L-FOSG	theorem	liftMixedProfile_joint	public
GameTheory/Languages/FOSG/Native/History.lean	243	L-FOSG	def	behavioralToMixed	public
GameTheory/Languages/FOSG/Native/History.lean	252	L-FOSG	def	behavioralToMixedJoint	public
GameTheory/Languages/FOSG/Native/History.lean	267	L-FOSG	theorem	mixed_to_behavioral_runDist	public
GameTheory/Languages/FOSG/Native/History.lean	293	L-FOSG	theorem	mixed_to_behavioral_runDist_of_obsLocal	public
GameTheory/Languages/FOSG/Native/History.lean	324	L-FOSG	def	toHistoryObsModelCore	public
GameTheory/Languages/FOSG/Native/History.lean	343	L-FOSG	instance	historyInfoStateFintype	public
GameTheory/Languages/FOSG/Native/HistoryMarginal.lean	49	L-FOSG	def	SeenBefore	public
GameTheory/Languages/FOSG/Native/HistoryMarginal.lean	54	L-FOSG	theorem	stepChainFrom_prefix	public
GameTheory/Languages/FOSG/Native/HistoryMarginal.lean	66	L-FOSG	theorem	stepChainFrom_last_src	public
GameTheory/Languages/FOSG/Native/HistoryMarginal.lean	78	L-FOSG	theorem	seenBefore_mono_appendStep	public
GameTheory/Languages/FOSG/Native/HistoryMarginal.lean	94	L-FOSG	theorem	seenBefore_current_appendStep	public
GameTheory/Languages/FOSG/Native/HistoryMarginal.lean	104	L-FOSG	theorem	not_seenBefore_current	public
GameTheory/Languages/FOSG/Native/HistoryMarginal.lean	112	L-FOSG	theorem	stepProb_pure_congr_at_history	public
GameTheory/Languages/FOSG/Native/HistoryMarginal.lean	131	L-FOSG	theorem	prob_pure_congr_of_agreeOnSeenBefore	public
GameTheory/Languages/FOSG/Native/HistoryMarginal.lean	180	L-FOSG	theorem	marginal_prob	public
GameTheory/Languages/FOSG/Native/Reachable.lean	37	L-FOSG	abbrev	ReachablePureStrategy	public
GameTheory/Languages/FOSG/Native/Reachable.lean	41	L-FOSG	abbrev	ReachableBehavioralProfile	public
GameTheory/Languages/FOSG/Native/Reachable.lean	59	L-FOSG	def	reachableBehavioralToMixed	public
GameTheory/Languages/FOSG/Native/Reachable.lean	67	L-FOSG	def	reachableBehavioralToMixedJoint	public
GameTheory/Languages/FOSG/Native/Reachable.lean	75	L-FOSG	theorem	reachable_stepActionProb_pureToBehavioral	public
GameTheory/Languages/FOSG/Native/Reachable.lean	87	L-FOSG	theorem	reachable_marginal_stepActionProb	public
GameTheory/Languages/FOSG/Native/Reachable.lean	152	L-FOSG	theorem	reachable_marginal_stepProb	public
GameTheory/Languages/FOSG/Native/Reachable.lean	176	L-FOSG	def	swapReachableProfileBy	public
GameTheory/Languages/FOSG/Native/Reachable.lean	184	L-FOSG	theorem	swapReachableProfileBy_involutive	public
GameTheory/Languages/FOSG/Native/Reachable.lean	200	L-FOSG	theorem	swapReachableBy_weight_eq	public
GameTheory/Languages/FOSG/Native/Reachable.lean	219	L-FOSG	theorem	reachable_scalar_indep	public
GameTheory/Languages/FOSG/Native/Reachable.lean	309	L-FOSG	def	ReachableSeenBefore	public
GameTheory/Languages/FOSG/Native/Reachable.lean	314	L-FOSG	theorem	reachable_seenBefore_mono_appendStep	public
GameTheory/Languages/FOSG/Native/Reachable.lean	330	L-FOSG	theorem	reachable_seenBefore_current_appendStep	public
GameTheory/Languages/FOSG/Native/Reachable.lean	341	L-FOSG	theorem	reachable_not_seenBefore_current	public
GameTheory/Languages/FOSG/Native/Reachable.lean	351	L-FOSG	theorem	reachable_stepProb_pure_congr_at_history	public
GameTheory/Languages/FOSG/Native/Reachable.lean	371	L-FOSG	theorem	reachable_prob_pure_congr_of_agreeOnSeenBefore	public
GameTheory/Languages/FOSG/Native/Reachable.lean	420	L-FOSG	theorem	reachable_scalar_indep_stepProb	public
GameTheory/Languages/FOSG/Native/Reachable.lean	454	L-FOSG	theorem	reachable_marginal_prob	public
GameTheory/Languages/FOSG/Native/Reachable.lean	512	L-FOSG	theorem	reachable_marginal_terminalWeight	public
GameTheory/Languages/FOSG/Native/Reachable.lean	541	L-FOSG	theorem	reachable_marginal_terminalMassOn	public
GameTheory/Languages/FOSG/Native/Reachable.lean	565	L-FOSG	theorem	reachable_marginal_terminalLaw	public
GameTheory/Languages/FOSG/Native/Reachable.lean	574	L-FOSG	theorem	reachable_marginal_terminalWeight_toReal	public
GameTheory/Languages/FOSG/Native/Reachable.lean	600	L-FOSG	theorem	reachable_marginal_terminalUtilitySum	public
GameTheory/Languages/FOSG/Native/Reachable.lean	644	L-FOSG	theorem	reachable_marginal_terminalExpectation	public
GameTheory/Languages/FOSG/Native/Reachable.lean	690	L-FOSG	theorem	behavioral_to_mixed_prob_reachable	public
GameTheory/Languages/FOSG/Native/Reachable.lean	698	L-FOSG	theorem	behavioral_to_mixed_terminalWeight_reachable	public
GameTheory/Languages/FOSG/Native/Reachable.lean	706	L-FOSG	theorem	behavioral_to_mixed_terminalMassOn_reachable	public
GameTheory/Languages/FOSG/Native/Reachable.lean	714	L-FOSG	theorem	behavioral_to_mixed_terminalLaw_reachable	public
GameTheory/Languages/FOSG/Native/Reachable.lean	723	L-FOSG	theorem	behavioral_to_mixed_eu_reachable	public
GameTheory/Languages/FOSG/Native/StepIndependence.lean	51	L-FOSG	theorem	stepActionProb_pureToBehavioral	public
GameTheory/Languages/FOSG/Native/StepIndependence.lean	67	L-FOSG	theorem	marginal_stepActionProb_raw	public
GameTheory/Languages/FOSG/Native/StepIndependence.lean	124	L-FOSG	theorem	marginal_stepActionProb	public
GameTheory/Languages/FOSG/Native/StepIndependence.lean	144	L-FOSG	theorem	marginal_stepProb	public
GameTheory/Languages/FOSG/Native/StepIndependence.lean	188	L-FOSG	def	swapProfileBy	public
GameTheory/Languages/FOSG/Native/StepIndependence.lean	196	L-FOSG	theorem	swapProfileBy_involutive	public
GameTheory/Languages/FOSG/Native/StepIndependence.lean	212	L-FOSG	theorem	swapBy_weight_eq	public
GameTheory/Languages/FOSG/Native/StepIndependence.lean	234	L-FOSG	theorem	scalar_indep	public
GameTheory/Languages/FOSG/Native/StepIndependence.lean	329	L-FOSG	theorem	scalar_indep_stepProb	public
GameTheory/Languages/FOSG/Native/TerminalLaw.lean	49	L-FOSG	theorem	marginal_terminalWeight	public
GameTheory/Languages/FOSG/Native/TerminalLaw.lean	81	L-FOSG	theorem	marginal_terminalMassOn	public
GameTheory/Languages/FOSG/Native/TerminalLaw.lean	108	L-FOSG	theorem	marginal_terminalLaw	public
GameTheory/Languages/FOSG/Native/TerminalLaw.lean	120	L-FOSG	theorem	marginal_terminalWeight_toReal	public
GameTheory/Languages/FOSG/Native/TerminalLaw.lean	149	L-FOSG	def	terminalWeightClassical	public
GameTheory/Languages/FOSG/Native/TerminalLaw.lean	157	L-FOSG	theorem	marginal_terminalUtilitySum	public
GameTheory/Languages/FOSG/Native/TerminalLaw.lean	209	L-FOSG	theorem	behavioral_to_mixed_prob	public
GameTheory/Languages/FOSG/Native/TerminalLaw.lean	220	L-FOSG	theorem	behavioral_to_mixed_terminalWeight	public
GameTheory/Languages/FOSG/Native/TerminalLaw.lean	231	L-FOSG	theorem	behavioral_to_mixed_terminalMassOn	public
GameTheory/Languages/FOSG/Native/TerminalLaw.lean	242	L-FOSG	theorem	behavioral_to_mixed_terminalLaw	public
GameTheory/Languages/FOSG/Native/TerminalLaw.lean	254	L-FOSG	theorem	behavioral_to_mixed_eu	public
GameTheory/Languages/FOSG/OutcomeClosure.lean	38	L-FOSG	def	valueStep	public
GameTheory/Languages/FOSG/OutcomeClosure.lean	49	L-FOSG	theorem	valueStep_terminal	public
GameTheory/Languages/FOSG/OutcomeClosure.lean	57	L-FOSG	theorem	valueStep_nonterminal	public
GameTheory/Languages/FOSG/OutcomeClosure.lean	70	L-FOSG	structure	OutcomeValue	public
GameTheory/Languages/FOSG/OutcomeClosure.lean	99	L-FOSG	def	ofProjectedStep	public
GameTheory/Languages/FOSG/OutcomeClosure.lean	165	L-FOSG	def	ofLastStateValue	public
GameTheory/Languages/FOSG/OutcomeClosure.lean	207	L-FOSG	theorem	stateStepValue_of_projectedStep	public
GameTheory/Languages/FOSG/OutcomeClosure.lean	276	L-FOSG	def	ofProjectedLastStateStep	public
GameTheory/Languages/FOSG/OutcomeClosure.lean	326	L-FOSG	def	toValueProcess	public
GameTheory/Languages/FOSG/OutcomeClosure.lean	370	L-FOSG	theorem	runDistFrom_eq_run	public
GameTheory/Languages/FOSG/OutcomeClosure.lean	405	L-FOSG	theorem	map_observe_runDistFrom_eq_value	public
GameTheory/Languages/FOSG/OutcomeClosure.lean	415	L-FOSG	theorem	map_observe_runDist_eq_value	public
GameTheory/Languages/FOSG/ReachableHistory/Law.lean	36	L-FOSG	theorem	reachableHistoryBehavioralToMixedStrategy_factorAt_of_ignores	public
GameTheory/Languages/FOSG/ReachableHistory/Law.lean	100	L-FOSG	theorem	reachableHistoryBehavioralToMixedStrategy_factorAt	public
GameTheory/Languages/FOSG/ReachableHistory/Law.lean	127	L-FOSG	def	liftReachableHistoryPureProfile	public
GameTheory/Languages/FOSG/ReachableHistory/Law.lean	134	L-FOSG	def	reachableHistoryOutcomeDistPureProfile	public
GameTheory/Languages/FOSG/ReachableHistory/Law.lean	144	L-FOSG	def	liftReachableHistoryMixedProfile	public
GameTheory/Languages/FOSG/ReachableHistory/Law.lean	152	L-FOSG	theorem	liftReachableHistoryMixedProfile_joint	public
GameTheory/Languages/FOSG/ReachableHistory/Law.lean	170	L-FOSG	theorem	reachableHistoryOutcomeDistPure_liftReachableHistoryPureProfile	public
GameTheory/Languages/FOSG/ReachableHistory/Law.lean	179	L-FOSG	theorem	reachableHistoryPureStepDist_eq_runDistFrom_one	public
GameTheory/Languages/FOSG/ReachableHistory/Law.lean	272	L-FOSG	theorem	reachableHistoryOutcomeDistPureProfile_eq_runDist	public
GameTheory/Languages/FOSG/ReachableHistory/Law.lean	316	L-FOSG	def	reachableLegalFallbackBehavioral	public
GameTheory/Languages/FOSG/ReachableHistory/Law.lean	324	L-FOSG	def	eraseReachableHistoryBehavioral	public
GameTheory/Languages/FOSG/ReachableHistory/Law.lean	330	L-FOSG	theorem	reachableHistoryBehavioralJointActionDist_map_val	public
GameTheory/Languages/FOSG/ReachableHistory/Law.lean	380	L-FOSG	theorem	reachableHistoryBehavioralStepDist_eq_runDistFrom_one	public
GameTheory/Languages/FOSG/ReachableHistory/Law.lean	487	L-FOSG	theorem	reachableHistoryOutcomeDist_eq_runDist	public
GameTheory/Languages/FOSG/ReachableHistory/Law.lean	526	L-FOSG	theorem	eraseReachableHistoryBehavioral_isLegal	public
GameTheory/Languages/FOSG/ReachableHistory/Law.lean	545	L-FOSG	def	reachableLegalHistoryMixedToBehavioral	public
GameTheory/Languages/FOSG/ReachableHistory/Law.lean	562	L-FOSG	def	reachableMixedToLegalBehavioral	public
GameTheory/Languages/FOSG/ReachableHistory/Law.lean	574	L-FOSG	theorem	reachableMixedToLegalBehavioral_toProfile	public
GameTheory/Languages/FOSG/ReachableHistory/Law.lean	584	L-FOSG	theorem	reachableLegalHistoryMixedToBehavioral_historyOutcomeDist	public
GameTheory/Languages/FOSG/ReachableHistory/Law.lean	631	L-FOSG	theorem	reachable_mixed_to_behavioral	public
GameTheory/Languages/FOSG/ReachableHistory/Law.lean	656	L-FOSG	theorem	reachable_mixed_to_legal_behavioral	public
GameTheory/Languages/FOSG/ReachableHistory/Law.lean	688	L-FOSG	theorem	reachable_mixed_to_legal_behavioral_runDist	public
GameTheory/Languages/FOSG/ReachableHistory/Law.lean	711	L-FOSG	theorem	reachableMixedToLegalBehavioral_runDist	public
GameTheory/Languages/FOSG/ReachableHistory/Law.lean	742	L-FOSG	theorem	reachable_mixed_to_canonical_behavioral_unilateral_deviation_runDist	public
GameTheory/Languages/FOSG/ReachableHistory/Law.lean	767	L-FOSG	theorem	reachableLegalHistoryMixedToBehavioral_unilateral_deviation_runDist	public
GameTheory/Languages/FOSG/ReachableHistory/Law.lean	904	L-FOSG	theorem	reachable_unilateral_target_toProfile	public
GameTheory/Languages/FOSG/ReachableHistory/Law.lean	951	L-FOSG	theorem	reachable_mixed_to_behavioral_unilateral_deviation_runDist_eq	public
GameTheory/Languages/FOSG/ReachableHistory/Law.lean	1022	L-FOSG	theorem	reachable_mixed_to_behavioral_unilateral_deviation_runDist	public
GameTheory/Languages/FOSG/ReachableHistory/Law.lean	1042	L-FOSG	def	reachableLegalPureStrategyDefault	public
GameTheory/Languages/FOSG/ReachableHistory/Law.lean	1056	L-FOSG	def	reachableDefaultMixedProfile	public
GameTheory/Languages/FOSG/ReachableHistory/Law.lean	1063	L-FOSG	def	reachableMixedToLegalBehavioralStrategy	public
GameTheory/Languages/FOSG/ReachableHistory/Law.lean	1071	L-FOSG	theorem	reachableMixedToLegalBehavioralStrategy_eq_component	public
GameTheory/Languages/FOSG/ReachableHistory/Law.lean	1086	L-FOSG	def	reachableMixedPureGameFormAtHorizon	public
GameTheory/Languages/FOSG/ReachableHistory/Law.lean	1096	L-FOSG	def	reachableBehavioralGameFormAtHorizon	public
GameTheory/Languages/FOSG/ReachableHistory/Law.lean	1107	L-FOSG	def	reachableKuhnNashDeviationSimulation	public
GameTheory/Languages/FOSG/ReachableHistory/Law.lean	1137	L-FOSG	theorem	reachableKuhn_target_nashFor_of_source_nashFor	public
GameTheory/Languages/FOSG/ReachableHistory/Law.lean	1158	L-FOSG	def	reachableKuhnCoarseCorrelatedDeviationSimulation	public
GameTheory/Languages/FOSG/ReachableHistory/Law.lean	1192	L-FOSG	def	reachableKuhnCorrelatedDeviationSimulation	public
GameTheory/Languages/FOSG/ReachableHistory/Law.lean	1238	L-FOSG	theorem	reachable_mixed_to_legal_behavioral_mapped_runDist	public
GameTheory/Languages/FOSG/ReachableHistory/Law.lean	1262	L-FOSG	def	legalPureMixedProfileRestrictReachable	public
GameTheory/Languages/FOSG/ReachableHistory/Law.lean	1268	L-FOSG	def	legalPureProfileRestrictReachable	public
GameTheory/Languages/FOSG/ReachableHistory/Law.lean	1273	L-FOSG	def	legalBehavioralProfileRestrictReachable	public
GameTheory/Languages/FOSG/ReachableHistory/Law.lean	1277	L-FOSG	theorem	legalPureMixedProfileRestrictReachable_joint	public
GameTheory/Languages/FOSG/ReachableHistory/Law.lean	1297	L-FOSG	theorem	legalPureProfileRestrictReachable_extend_runDist	public
GameTheory/Languages/FOSG/ReachableHistory/Law.lean	1317	L-FOSG	theorem	legalBehavioralProfileRestrictReachable_extend_runDist	public
GameTheory/Languages/FOSG/ReachableHistory/Law.lean	1338	L-FOSG	theorem	mixed_legalPure_to_legalBehavioral_runDist	public
GameTheory/Languages/FOSG/ReachableHistory/Native.lean	32	L-FOSG	abbrev	HistoryPureProfile	public
GameTheory/Languages/FOSG/ReachableHistory/Native.lean	36	L-FOSG	abbrev	HistoryBehavioralProfile	public
GameTheory/Languages/FOSG/ReachableHistory/Native.lean	40	L-FOSG	def	liftHistoryPureStrategy	public
GameTheory/Languages/FOSG/ReachableHistory/Native.lean	47	L-FOSG	def	liftHistoryPureProfile	public
GameTheory/Languages/FOSG/ReachableHistory/Native.lean	53	L-FOSG	def	liftHistoryMixedProfile	public
GameTheory/Languages/FOSG/ReachableHistory/Native.lean	58	L-FOSG	theorem	liftHistoryMixedProfile_joint	public
GameTheory/Languages/FOSG/ReachableHistory/Native.lean	75	L-FOSG	def	historyTraceLast	public
GameTheory/Languages/FOSG/ReachableHistory/Native.lean	80	L-FOSG	def	historyOutcomeDist	public
GameTheory/Languages/FOSG/ReachableHistory/Native.lean	88	L-FOSG	def	historyOutcomeDistPure	public
GameTheory/Languages/FOSG/ReachableHistory/Native.lean	95	L-FOSG	abbrev	HistoryStepMassInvariant	public
GameTheory/Languages/FOSG/ReachableHistory/Native.lean	100	L-FOSG	abbrev	HistoryStepSupportFactorization	public
GameTheory/Languages/FOSG/ReachableHistory/Native.lean	105	L-FOSG	abbrev	HistoryActionPosteriorLocal	public
GameTheory/Languages/FOSG/ReachableHistory/Native.lean	116	L-FOSG	theorem	mixed_to_behavioral_native_history	public
GameTheory/Languages/FOSG/ReachableHistory/Native.lean	145	L-FOSG	theorem	historyOutcomeDistPure_liftHistoryPureProfile	public
GameTheory/Languages/FOSG/ReachableHistory/Native.lean	159	L-FOSG	theorem	mixed_to_behavioral	public
GameTheory/Languages/FOSG/ReachableHistory/Native.lean	179	L-FOSG	theorem	mixed_to_behavioral_historyProb	public
GameTheory/Languages/FOSG/ReachableHistory/Native.lean	199	L-FOSG	theorem	mixed_to_behavioral_historyMassOn	public
GameTheory/Languages/FOSG/ReachableHistory/Native.lean	224	L-FOSG	def	IsLegalMixedProfile	public
GameTheory/Languages/FOSG/ReachableHistory/Native.lean	231	L-FOSG	def	legalFallbackBehavioral	public
GameTheory/Languages/FOSG/ReachableHistory/Native.lean	240	L-FOSG	theorem	legalFallbackBehavioral_isLegal	public
GameTheory/Languages/FOSG/ReachableHistory/Native.lean	263	L-FOSG	def	legalHistoryMixedToBehavioral	public
GameTheory/Languages/FOSG/ReachableHistory/Native.lean	276	L-FOSG	theorem	legalHistoryMixedToBehavioral_historyOutcomeDist	public
GameTheory/Languages/FOSG/ReachableHistory/Native.lean	307	L-FOSG	theorem	legalHistoryMixedToBehavioral_isLegal	public
GameTheory/Languages/FOSG/ReachableHistory/Native.lean	372	L-FOSG	theorem	mixed_to_legal_behavioral	public
GameTheory/Languages/FOSG/ReachableHistory/Native.lean	403	L-FOSG	abbrev	ReachableInfoLegalMove	public
GameTheory/Languages/FOSG/ReachableHistory/Native.lean	408	L-FOSG	theorem	reachable_availableMoves_nonempty	public
GameTheory/Languages/FOSG/ReachableHistory/Native.lean	415	L-FOSG	def	reachableInfoLegalMoveDefault	public
GameTheory/Languages/FOSG/ReachableHistory/Native.lean	435	L-FOSG	abbrev	ReachableMixedProfile	public
GameTheory/Languages/FOSG/ReachableHistory/Native.lean	438	L-FOSG	instance	reachableLegalPureStrategyFintype	public
GameTheory/Languages/FOSG/ReachableHistory/Native.lean	446	L-FOSG	instance	reachableInfoStateDecidableEq	public
GameTheory/Languages/FOSG/ReachableHistory/Native.lean	451	L-FOSG	abbrev	reachableMixedProfileJoint	public
GameTheory/Languages/FOSG/ReachableHistory/Native.lean	464	L-FOSG	def	toReachableHistoryObsModelCore	public
GameTheory/Languages/FOSG/ReachableHistory/Native.lean	495	L-FOSG	instance	reachableHistoryInfoStateFintype	public
GameTheory/Languages/FOSG/ReachableHistory/Native.lean	502	L-FOSG	instance	reachableInfoLegalMoveFintype	public
GameTheory/Languages/FOSG/ReachableHistory/Native.lean	510	L-FOSG	instance	reachableHistoryLocalStrategyFintype	public
GameTheory/Languages/FOSG/ReachableHistory/ObsModelFacts.lean	33	L-FOSG	def	reachableHistoryOutcomeDist	public
GameTheory/Languages/FOSG/ReachableHistory/ObsModelFacts.lean	43	L-FOSG	def	reachableHistoryOutcomeDistPure	public
GameTheory/Languages/FOSG/ReachableHistory/ObsModelFacts.lean	53	L-FOSG	abbrev	ReachableHistoryStepMassInvariant	public
GameTheory/Languages/FOSG/ReachableHistory/ObsModelFacts.lean	60	L-FOSG	abbrev	ReachableHistoryStepSupportFactorization	public
GameTheory/Languages/FOSG/ReachableHistory/ObsModelFacts.lean	67	L-FOSG	abbrev	ReachableHistoryActionPosteriorLocal	public
GameTheory/Languages/FOSG/ReachableHistory/ObsModelFacts.lean	72	L-FOSG	theorem	reachableInfoLegalMove_eq_none_of_terminal	public
GameTheory/Languages/FOSG/ReachableHistory/ObsModelFacts.lean	92	L-FOSG	theorem	reachableHistory_stepActionDeterminism	public
GameTheory/Languages/FOSG/ReachableHistory/ObsModelFacts.lean	198	L-FOSG	theorem	reachableHistory_stepMassInvariant	public
GameTheory/Languages/FOSG/ReachableHistory/ObsModelFacts.lean	204	L-FOSG	theorem	reachableHistory_stepSupportFactorization	public
GameTheory/Languages/FOSG/ReachableHistory/ObsModelFacts.lean	210	L-FOSG	theorem	playerViewFrom_cons_eq_cons_view	public
GameTheory/Languages/FOSG/ReachableHistory/ObsModelFacts.lean	238	L-FOSG	theorem	playerViewFrom_cons_eq_cons_action	public
GameTheory/Languages/FOSG/ReachableHistory/ObsModelFacts.lean	266	L-FOSG	theorem	playerViewFrom_cons_ne_nil	public
GameTheory/Languages/FOSG/ReachableHistory/ObsModelFacts.lean	275	L-FOSG	theorem	playerViewFrom_append_singleton_ne_nil	public
GameTheory/Languages/FOSG/ReachableHistory/ObsModelFacts.lean	284	L-FOSG	theorem	playerViewFrom_append_singleton_eq	public
GameTheory/Languages/FOSG/ReachableHistory/ObsModelFacts.lean	343	L-FOSG	theorem	publicViewFrom_length	public
GameTheory/Languages/FOSG/ReachableHistory/ObsModelFacts.lean	350	L-FOSG	theorem	publicView_length	public
GameTheory/Languages/FOSG/ReachableHistory/ObsModelFacts.lean	354	L-FOSG	theorem	reachableInfoLegalMove_eq_none_of_terminal_view_eq	public
GameTheory/Languages/FOSG/ReachableHistory/ObsModelFacts.lean	379	L-FOSG	theorem	reachableInfoLegalMove_subsingleton_of_terminal	public
GameTheory/Languages/FOSG/ReachableHistory/ObsModelFacts.lean	388	L-FOSG	theorem	reachableHistory_projectStates_eq_last	public
GameTheory/Languages/FOSG/ReachableHistory/ObsModelFacts.lean	396	L-FOSG	theorem	reachableInfoLegalMove_cast_val	public
GameTheory/Languages/FOSG/ReachableHistory/ObsModelFacts.lean	403	L-FOSG	theorem	reachableInfoLegalMove_cast_currentObs_val	public
GameTheory/Languages/FOSG/ReachableHistory/ObsModelFacts.lean	415	L-FOSG	theorem	subst_heq_fosg	public
GameTheory/Languages/FOSG/ReachableHistory/ObsModelFacts.lean	420	L-FOSG	theorem	reachableHistory_castJointAction_val	public
GameTheory/Languages/FOSG/ReachableHistory/ObsModelFacts.lean	435	L-FOSG	theorem	projectActions_snoc_eq	public
GameTheory/Languages/FOSG/ReachableHistory/ObsModelFacts.lean	472	L-FOSG	theorem	sourceView_and_ownAction_eq_of_target_view_eq	public
GameTheory/Languages/FOSG/ReachableHistory/ObsModelFacts.lean	496	L-FOSG	theorem	reachableHistory_pureStep_snoc	public
GameTheory/Languages/FOSG/ReachableHistory/ObsModelFacts.lean	568	L-FOSG	theorem	reachableHistory_source_nonterminal_of_target_nonterminal	public
GameTheory/Languages/FOSG/ReachableHistory/ObsModelFacts.lean	598	L-FOSG	theorem	reachableHistory_pureRun_last_steps_length_le	public
GameTheory/Languages/FOSG/ReachableHistory/ObsModelFacts.lean	656	L-FOSG	theorem	reachableHistory_pureStep_component_eq	public
GameTheory/Languages/FOSG/ReachableHistory/ObsModelFacts.lean	725	L-FOSG	theorem	reachableHistory_pureRun_update_obs_local_nonterminal	public
GameTheory/Languages/FOSG/ReachableHistory/ObsModelFacts.lean	835	L-FOSG	theorem	reachableHistory_pureRun_nonterminal_last_steps_length	public
GameTheory/Languages/FOSG/ReachableHistory/ObsModelFacts.lean	876	L-FOSG	theorem	reachableHistory_repeated_projectStates_subsingleton	public
GameTheory/Languages/FOSG/ReachableHistory/ObsModelFacts.lean	937	L-FOSG	theorem	reachableHistory_current_coord_ignores_of_reachable	public
GameTheory/Languages/FOSG/ReachableHistory/ObsModelFacts.lean	996	L-FOSG	theorem	reachableHistory_obsLocalFeasibility	public
GameTheory/Languages/FOSG/ReachableHistory/ObsModelFacts.lean	1067	L-FOSG	theorem	reachableHistory_actionPosteriorLocal	public
GameTheory/Languages/FOSG/ReachableHistory/ObsModelFacts.lean	1080	L-FOSG	theorem	ownAction_eq_of_source_target_view_eq	public
GameTheory/Languages/FOSG/ReachableHistory/ObsModelFacts.lean	1121	L-FOSG	def	liftReachableHistoryPureStrategy	public
GameTheory/Languages/FOSG/ReachableHistory/ObsModelFacts.lean	1140	L-FOSG	def	reachableInfoLegalMoveOfBehavioralSupport	public
GameTheory/Languages/FOSG/ReachableHistory/ObsModelFacts.lean	1158	L-FOSG	def	liftReachableHistoryBehavioralStrategy	public
GameTheory/Languages/FOSG/ReachableHistory/ObsModelFacts.lean	1168	L-FOSG	theorem	erase_liftReachableHistoryBehavioralStrategy	public
GameTheory/Languages/FOSG/ReachableHistory/ObsModelFacts.lean	1211	L-FOSG	def	eraseReachableHistoryPureStrategy	public
GameTheory/Languages/FOSG/ReachableHistory/ObsModelFacts.lean	1224	L-FOSG	theorem	liftReachableHistoryPureStrategy_erase	public
GameTheory/Languages/FOSG/ReachableHistory/ObsModelFacts.lean	1237	L-FOSG	def	reachableHistoryBehavioralToMixedStrategy	public
GameTheory/Languages/FOSG/ReachableHistory/ObsModelFacts.lean	1254	L-FOSG	def	reachableLegalBehavioralToMixed	public
GameTheory/Languages/FOSG/ReachableHistory/ObsModelFacts.lean	1262	L-FOSG	theorem	reachableLegalBehavioralToMixed_lift	public
GameTheory/Languages/FOSG/ReachableHistory/ObsModelFacts.lean	1281	L-FOSG	def	liftReachableHistoryBehavioralProfile	public
GameTheory/Languages/FOSG/Serial.lean	46	L-FOSG	def	singleMove	public
GameTheory/Languages/FOSG/Serial.lean	53	L-FOSG	theorem	singleMove_self	public
GameTheory/Languages/FOSG/Serial.lean	57	L-FOSG	theorem	singleMove_other	public
GameTheory/Languages/FOSG/Serial.lean	63	L-FOSG	def	ExtendsPartial	public
GameTheory/Languages/FOSG/Serial.lean	69	L-FOSG	def	recordChoice	public
GameTheory/Languages/FOSG/Serial.lean	73	L-FOSG	theorem	recordChoice_self	public
GameTheory/Languages/FOSG/Serial.lean	78	L-FOSG	theorem	recordChoice_other	public
GameTheory/Languages/FOSG/Serial.lean	83	L-FOSG	theorem	extendsPartial_noop	public
GameTheory/Languages/FOSG/Serial.lean	91	L-FOSG	theorem	extendsPartial_recordChoice	public
GameTheory/Languages/FOSG/Serial.lean	108	L-FOSG	def	MatchesActedPrefix	public
GameTheory/Languages/FOSG/Serial.lean	115	L-FOSG	def	prefixChoice	public
GameTheory/Languages/FOSG/Serial.lean	125	L-FOSG	def	playerLegal	public
GameTheory/Languages/FOSG/Serial.lean	131	L-FOSG	theorem	eq_singleMove_of_current_some_other_none	public
GameTheory/Languages/FOSG/Serial.lean	142	L-FOSG	theorem	playerLegal_iff_exists_singleMove	public
GameTheory/Languages/FOSG/Serial.lean	157	L-FOSG	theorem	playerLegal_current_some	public
GameTheory/Languages/FOSG/Serial.lean	162	L-FOSG	theorem	playerLegal_other_none	public
GameTheory/Languages/FOSG/Serial.lean	168	L-FOSG	def	baseChanceLegalAction	public
GameTheory/Languages/FOSG/Serial.lean	172	L-FOSG	theorem	baseChanceLegalAction_val	public
GameTheory/Languages/FOSG/Serial.lean	178	L-FOSG	def	actionAtActive	public
GameTheory/Languages/FOSG/Serial.lean	182	L-FOSG	theorem	actionAtActive_spec	public
GameTheory/Languages/FOSG/Serial.lean	189	L-FOSG	def	moveOfLegalAction	public
GameTheory/Languages/FOSG/Serial.lean	194	L-FOSG	theorem	moveOfLegalAction_current	public
GameTheory/Languages/FOSG/Serial.lean	200	L-FOSG	theorem	moveOfLegalAction_other	public
GameTheory/Languages/FOSG/Serial.lean	206	L-FOSG	theorem	matchesActedPrefix_noop	public
GameTheory/Languages/FOSG/Serial.lean	212	L-FOSG	theorem	matchesActedPrefix_prefixChoice	public
GameTheory/Languages/FOSG/Serial.lean	218	L-FOSG	theorem	prefixChoice_nil	public
GameTheory/Languages/FOSG/Serial.lean	224	L-FOSG	theorem	prefixChoice_apply_of_mem	public
GameTheory/Languages/FOSG/Serial.lean	230	L-FOSG	theorem	prefixChoice_apply_of_not_mem	public
GameTheory/Languages/FOSG/Serial.lean	236	L-FOSG	theorem	matchesActedPrefix_recordChoice_move	public
GameTheory/Languages/FOSG/Serial.lean	250	L-FOSG	theorem	prefixChoice_recordChoice_move	public
GameTheory/Languages/FOSG/Serial.lean	270	L-FOSG	def	orderedActive	public
GameTheory/Languages/FOSG/Serial.lean	274	L-FOSG	theorem	mem_orderedActive_iff	public
GameTheory/Languages/FOSG/Serial.lean	279	L-FOSG	theorem	orderedActive_eq_nil_of_active_eq_empty	public
GameTheory/Languages/FOSG/Serial.lean	292	L-FOSG	theorem	active_eq_empty_of_orderedActive_eq_nil	public
GameTheory/Languages/FOSG/Serial.lean	301	L-FOSG	theorem	current_mem_active_of_split	public
GameTheory/Languages/FOSG/Serial.lean	312	L-FOSG	theorem	current_not_mem_rest_of_split	public
GameTheory/Languages/FOSG/Serial.lean	329	L-FOSG	def	ValidDecision	public
GameTheory/Languages/FOSG/Serial.lean	340	L-FOSG	inductive	SerialState	public
GameTheory/Languages/FOSG/Serial.lean	357	L-FOSG	def	active	public
GameTheory/Languages/FOSG/Serial.lean	367	L-FOSG	def	terminal	public
GameTheory/Languages/FOSG/Serial.lean	372	L-FOSG	instance	instDecidablePredTerminal	public
GameTheory/Languages/FOSG/Serial.lean	384	L-FOSG	def	world	public
GameTheory/Languages/FOSG/Serial.lean	389	L-FOSG	theorem	world_base	public
GameTheory/Languages/FOSG/Serial.lean	392	L-FOSG	theorem	world_decide	public
GameTheory/Languages/FOSG/Serial.lean	397	L-FOSG	theorem	world_chance	public
GameTheory/Languages/FOSG/Serial.lean	402	L-FOSG	def	legal	public
GameTheory/Languages/FOSG/Serial.lean	414	L-FOSG	def	availableActions	public
GameTheory/Languages/FOSG/Serial.lean	430	L-FOSG	theorem	legal_iff_jointActionLegal	public
GameTheory/Languages/FOSG/Serial.lean	587	L-FOSG	abbrev	LegalAction	public
GameTheory/Languages/FOSG/Serial.lean	590	L-FOSG	abbrev	FOSGLegalAction	public
GameTheory/Languages/FOSG/Serial.lean	595	L-FOSG	def	toFOSGLegalAction	public
GameTheory/Languages/FOSG/Serial.lean	599	L-FOSG	def	ofFOSGLegalAction	public
GameTheory/Languages/FOSG/Serial.lean	603	L-FOSG	theorem	toFOSGLegalAction_val	public
GameTheory/Languages/FOSG/Serial.lean	606	L-FOSG	theorem	ofFOSGLegalAction_val	public
GameTheory/Languages/FOSG/Serial.lean	609	L-FOSG	theorem	active_eq_empty_of_base_terminal	public
GameTheory/Languages/FOSG/Serial.lean	616	L-FOSG	theorem	legalAction_eq_of_extends_matchesOrderedActive	public
GameTheory/Languages/FOSG/Serial.lean	640	L-FOSG	theorem	not_mem_acted_of_mem_remaining	public
GameTheory/Languages/FOSG/Serial.lean	654	L-FOSG	theorem	validDecision_of_prefix	public
GameTheory/Languages/FOSG/Serial.lean	670	L-FOSG	theorem	base_playerLegal_of_legalAction	public
GameTheory/Languages/FOSG/Serial.lean	684	L-FOSG	theorem	decide_playerLegal_of_legalAction	public
GameTheory/Languages/FOSG/Serial.lean	701	L-FOSG	theorem	validDecision_from_base	public
GameTheory/Languages/FOSG/Serial.lean	718	L-FOSG	theorem	validDecision_step	public
GameTheory/Languages/FOSG/Serial.lean	740	L-FOSG	def	basePlayerSuccessorWithOrder	public
GameTheory/Languages/FOSG/Serial.lean	758	L-FOSG	def	basePlayerSuccessor	public
GameTheory/Languages/FOSG/Serial.lean	763	L-FOSG	theorem	world_basePlayerSuccessorWithOrder	public
GameTheory/Languages/FOSG/Serial.lean	778	L-FOSG	theorem	world_basePlayerSuccessor	public
GameTheory/Languages/FOSG/Serial.lean	786	L-FOSG	def	decidePlayerSuccessor	public
GameTheory/Languages/FOSG/Serial.lean	803	L-FOSG	theorem	world_decidePlayerSuccessor	public
GameTheory/Languages/FOSG/Serial.lean	815	L-FOSG	def	baseReplayAction	public
GameTheory/Languages/FOSG/Serial.lean	825	L-FOSG	theorem	basePlayerSuccessorWithOrder_replay_cons	public
GameTheory/Languages/FOSG/Serial.lean	843	L-FOSG	theorem	basePlayerSuccessorWithOrder_replay_last	public
GameTheory/Languages/FOSG/Serial.lean	877	L-FOSG	theorem	basePlayerSuccessor_replay_cons	public
GameTheory/Languages/FOSG/Serial.lean	892	L-FOSG	theorem	basePlayerSuccessor_replay_last	public
GameTheory/Languages/FOSG/Serial.lean	907	L-FOSG	def	decideReplayAction	public
GameTheory/Languages/FOSG/Serial.lean	927	L-FOSG	theorem	decidePlayerSuccessor_replay_cons	public
GameTheory/Languages/FOSG/Serial.lean	946	L-FOSG	theorem	decidePlayerSuccessor_replay_last	public
GameTheory/Languages/FOSG/Serial.lean	991	L-FOSG	def	chanceResolutionAction	public
GameTheory/Languages/FOSG/Serial.lean	997	L-FOSG	def	transition	public
GameTheory/Languages/FOSG/Serial.lean	1013	L-FOSG	theorem	transition_base_empty_eq	public
GameTheory/Languages/FOSG/Serial.lean	1025	L-FOSG	theorem	transition_base_nonempty_eq	public
GameTheory/Languages/FOSG/Serial.lean	1032	L-FOSG	theorem	transition_decide_eq	public
GameTheory/Languages/FOSG/Serial.lean	1043	L-FOSG	def	reward	public
GameTheory/Languages/FOSG/Serial.lean	1063	L-FOSG	theorem	reward_decide_eq_zero	public
GameTheory/Languages/FOSG/Serial.lean	1072	L-FOSG	theorem	reward_chance_base_eq	public
GameTheory/Languages/FOSG/Serial.lean	1079	L-FOSG	theorem	reward_decide_successor_eq_zero	public
GameTheory/Languages/FOSG/Serial.lean	1089	L-FOSG	theorem	reward_basePlayerSuccessor_eq_zero	public
GameTheory/Languages/FOSG/Serial.lean	1097	L-FOSG	theorem	reward_base_empty_base_eq_of_active_empty	public
GameTheory/Languages/FOSG/Serial.lean	1148	L-FOSG	def	privObs	public
GameTheory/Languages/FOSG/Serial.lean	1169	L-FOSG	theorem	privObs_decide_eq_none	public
GameTheory/Languages/FOSG/Serial.lean	1178	L-FOSG	theorem	privObs_chance_base_eq	public
GameTheory/Languages/FOSG/Serial.lean	1185	L-FOSG	theorem	privObs_decide_successor_eq_none	public
GameTheory/Languages/FOSG/Serial.lean	1197	L-FOSG	def	pubObs	public
GameTheory/Languages/FOSG/Serial.lean	1217	L-FOSG	theorem	pubObs_decide_eq_none	public
GameTheory/Languages/FOSG/Serial.lean	1226	L-FOSG	theorem	pubObs_chance_base_eq	public
GameTheory/Languages/FOSG/Serial.lean	1233	L-FOSG	theorem	pubObs_decide_successor_eq_none	public
GameTheory/Languages/FOSG/Serial.lean	1242	L-FOSG	theorem	pubObs_basePlayerSuccessor_eq_none	public
GameTheory/Languages/FOSG/Serial.lean	1250	L-FOSG	theorem	pubObs_base_empty_base_eq_of_active_empty	public
GameTheory/Languages/FOSG/Serial.lean	1302	L-FOSG	theorem	bookkeeping_decide_step	public
GameTheory/Languages/FOSG/Serial.lean	1323	L-FOSG	theorem	resolution_chance_step	public
GameTheory/Languages/FOSG/Serial.lean	1337	L-FOSG	theorem	map_base_apply	public
GameTheory/Languages/FOSG/Serial.lean	1349	L-FOSG	theorem	map_base_apply_decide	public
GameTheory/Languages/FOSG/Serial.lean	1358	L-FOSG	theorem	map_base_apply_chance	public
GameTheory/Languages/FOSG/Serial.lean	1366	L-FOSG	theorem	base_empty_support	public
GameTheory/Languages/FOSG/Serial.lean	1387	L-FOSG	theorem	chance_support	public
GameTheory/Languages/FOSG/Serial.lean	1396	L-FOSG	def	serialize	public
GameTheory/Languages/FOSG/Serial.lean	1453	L-FOSG	instance	instDecidablePredSerializeTerminal	public
GameTheory/Languages/FOSG/Serial.lean	1466	L-FOSG	def	IsSerial	public
GameTheory/Languages/FOSG/Serial.lean	1471	L-FOSG	theorem	serialize_isSerial	public
GameTheory/Languages/FOSG/Strategy.lean	40	L-FOSG	def	availableMovesAtState	public
GameTheory/Languages/FOSG/Strategy.lean	45	L-FOSG	theorem	mem_availableMovesAtState_iff	public
GameTheory/Languages/FOSG/Strategy.lean	53	L-FOSG	def	availableActionsAtHistory	public
GameTheory/Languages/FOSG/Strategy.lean	58	L-FOSG	theorem	mem_availableActionsAtHistory_iff	public
GameTheory/Languages/FOSG/Strategy.lean	65	L-FOSG	theorem	availableActionsAtHistory_eq_availableActionsAtState_of_mem_active	public
GameTheory/Languages/FOSG/Strategy.lean	71	L-FOSG	theorem	availableActionsAtHistory_eq_empty_of_not_mem_active	public
GameTheory/Languages/FOSG/Strategy.lean	79	L-FOSG	def	availableMoves	public
GameTheory/Languages/FOSG/Strategy.lean	84	L-FOSG	theorem	mem_availableMoves_iff	public
GameTheory/Languages/FOSG/Strategy.lean	95	L-FOSG	theorem	availableMoves_nonempty	public
GameTheory/Languages/FOSG/Strategy.lean	110	L-FOSG	theorem	availableMoves_eq_availableMovesAtState	public
GameTheory/Languages/FOSG/Strategy.lean	116	L-FOSG	theorem	availableMoves_eq_singleton_none_of_not_mem_active	public
GameTheory/Languages/FOSG/Strategy.lean	129	L-FOSG	def	LegalObservable	public
GameTheory/Languages/FOSG/Strategy.lean	134	L-FOSG	theorem	availableMoves_eq_of_playerView_eq	public
GameTheory/Languages/FOSG/Strategy.lean	142	L-FOSG	theorem	availableActions_eq_of_playerView_eq	public
GameTheory/Languages/FOSG/Strategy.lean	163	L-FOSG	def	availableMovesAtInfoState	public
GameTheory/Languages/FOSG/Strategy.lean	168	L-FOSG	theorem	mem_availableMovesAtInfoState_iff	public
GameTheory/Languages/FOSG/Strategy.lean	175	L-FOSG	theorem	mem_availableMovesAtInfoState_of_history	public
GameTheory/Languages/FOSG/Strategy.lean	182	L-FOSG	theorem	availableMovesAtInfoState_eq_of_history	public
GameTheory/Languages/FOSG/Strategy.lean	197	L-FOSG	def	availableActionsAtInfoState	public
GameTheory/Languages/FOSG/Strategy.lean	202	L-FOSG	theorem	availableActionsAtInfoState_eq_of_history	public
GameTheory/Languages/FOSG/Strategy.lean	216	L-FOSG	abbrev	PureStrategy	public
GameTheory/Languages/FOSG/Strategy.lean	221	L-FOSG	abbrev	BehavioralStrategy	public
GameTheory/Languages/FOSG/Strategy.lean	225	L-FOSG	abbrev	PureProfile	public
GameTheory/Languages/FOSG/Strategy.lean	229	L-FOSG	abbrev	BehavioralProfile	public
GameTheory/Languages/FOSG/Strategy.lean	238	L-FOSG	def	ofLatestObservation	public
GameTheory/Languages/FOSG/Strategy.lean	247	L-FOSG	theorem	ofLatestObservation_nil	public
GameTheory/Languages/FOSG/Strategy.lean	252	L-FOSG	theorem	ofLatestObservation_eq_policy	public
GameTheory/Languages/FOSG/Strategy.lean	269	L-FOSG	def	ofLatestObservation	public
GameTheory/Languages/FOSG/Strategy.lean	278	L-FOSG	theorem	ofLatestObservation_nil	public
GameTheory/Languages/FOSG/Strategy.lean	283	L-FOSG	theorem	ofLatestObservation_eq_policy	public
GameTheory/Languages/FOSG/Strategy.lean	299	L-FOSG	def	ofLatestObservation	public
GameTheory/Languages/FOSG/Strategy.lean	307	L-FOSG	theorem	ofLatestObservation_nil	public
GameTheory/Languages/FOSG/Strategy.lean	321	L-FOSG	def	ofLatestObservation	public
GameTheory/Languages/FOSG/Strategy.lean	329	L-FOSG	theorem	ofLatestObservation_nil	public
GameTheory/Languages/FOSG/Strategy.lean	339	L-FOSG	def	IsLegalPureStrategy	public
GameTheory/Languages/FOSG/Strategy.lean	346	L-FOSG	def	IsLegalBehavioralStrategy	public
GameTheory/Languages/FOSG/Strategy.lean	354	L-FOSG	def	IsLegalPureProfile	public
GameTheory/Languages/FOSG/Strategy.lean	360	L-FOSG	def	IsLegalBehavioralProfile	public
GameTheory/Languages/FOSG/Strategy.lean	365	L-FOSG	theorem	legalBehavioralStrategy_eq_pure_none_of_not_mem_active	public
GameTheory/Languages/FOSG/Strategy.lean	398	L-FOSG	abbrev	LegalPureStrategy	public
GameTheory/Languages/FOSG/Strategy.lean	403	L-FOSG	abbrev	LegalBehavioralStrategy	public
GameTheory/Languages/FOSG/Strategy.lean	408	L-FOSG	abbrev	LegalPureProfile	public
GameTheory/Languages/FOSG/Strategy.lean	413	L-FOSG	abbrev	LegalBehavioralProfile	public
GameTheory/Languages/FOSG/Strategy.lean	418	L-FOSG	abbrev	LegalPureProfile.toProfile	public
GameTheory/Languages/FOSG/Strategy.lean	424	L-FOSG	abbrev	LegalBehavioralProfile.toProfile	public
GameTheory/Languages/FOSG/Strategy.lean	429	L-FOSG	theorem	legalPureProfile_toProfile_apply	public
GameTheory/Languages/FOSG/Strategy.lean	434	L-FOSG	theorem	legalBehavioralProfile_toProfile_apply	public
GameTheory/Languages/FOSG/Strategy.lean	440	L-FOSG	def	ReachableInfoState	public
GameTheory/Languages/FOSG/Strategy.lean	445	L-FOSG	def	reachableInfoStateOfHistory	public
GameTheory/Languages/FOSG/Strategy.lean	450	L-FOSG	theorem	reachableInfoStateOfHistory_val	public
GameTheory/Languages/FOSG/Strategy.lean	454	L-FOSG	instance	instFintypeReachableInfoState	public
GameTheory/Languages/FOSG/Strategy.lean	470	L-FOSG	abbrev	ReachablePureStrategy	public
GameTheory/Languages/FOSG/Strategy.lean	475	L-FOSG	abbrev	ReachableBehavioralStrategy	public
GameTheory/Languages/FOSG/Strategy.lean	480	L-FOSG	abbrev	ReachablePureProfile	public
GameTheory/Languages/FOSG/Strategy.lean	484	L-FOSG	abbrev	ReachableBehavioralProfile	public
GameTheory/Languages/FOSG/Strategy.lean	487	L-FOSG	instance	instFintypeReachablePureStrategy	public
GameTheory/Languages/FOSG/Strategy.lean	495	L-FOSG	instance	instFintypeReachablePureProfile	public
GameTheory/Languages/FOSG/Strategy.lean	505	L-FOSG	def	IsLegalReachablePureStrategy	public
GameTheory/Languages/FOSG/Strategy.lean	512	L-FOSG	def	IsLegalReachableBehavioralStrategy	public
GameTheory/Languages/FOSG/Strategy.lean	520	L-FOSG	abbrev	ReachableLegalPureStrategy	public
GameTheory/Languages/FOSG/Strategy.lean	525	L-FOSG	abbrev	ReachableLegalBehavioralStrategy	public
GameTheory/Languages/FOSG/Strategy.lean	530	L-FOSG	abbrev	ReachableLegalPureProfile	public
GameTheory/Languages/FOSG/Strategy.lean	534	L-FOSG	abbrev	ReachableLegalBehavioralProfile	public
GameTheory/Languages/FOSG/Strategy.lean	538	L-FOSG	abbrev	ReachableLegalPureProfile.toProfile	public
GameTheory/Languages/FOSG/Strategy.lean	544	L-FOSG	abbrev	ReachableLegalBehavioralProfile.toProfile	public
GameTheory/Languages/FOSG/Strategy.lean	550	L-FOSG	def	PureStrategy.restrictReachable	public
GameTheory/Languages/FOSG/Strategy.lean	556	L-FOSG	def	BehavioralStrategy.restrictReachable	public
GameTheory/Languages/FOSG/Strategy.lean	562	L-FOSG	def	LegalPureStrategy.restrictReachable	public
GameTheory/Languages/FOSG/Strategy.lean	568	L-FOSG	def	LegalBehavioralStrategy.restrictReachable	public
GameTheory/Languages/FOSG/Strategy.lean	575	L-FOSG	def	ReachablePureStrategy.extend	public
GameTheory/Languages/FOSG/Strategy.lean	584	L-FOSG	def	ReachableBehavioralStrategy.extend	public
GameTheory/Languages/FOSG/Strategy.lean	591	L-FOSG	theorem	ReachablePureStrategy.extend_apply_history	public
GameTheory/Languages/FOSG/Strategy.lean	602	L-FOSG	theorem	ReachableBehavioralStrategy.extend_apply_history	public
GameTheory/Languages/FOSG/Strategy.lean	614	L-FOSG	def	ReachablePureProfile.extend	public
GameTheory/Languages/FOSG/Strategy.lean	620	L-FOSG	def	ReachableBehavioralProfile.extend	public
GameTheory/Languages/FOSG/Strategy.lean	625	L-FOSG	theorem	ReachablePureStrategy.isLegal_extend	public
GameTheory/Languages/FOSG/Strategy.lean	633	L-FOSG	theorem	ReachableBehavioralStrategy.isLegal_extend	public
GameTheory/Languages/FOSG/Strategy.lean	642	L-FOSG	def	ReachableLegalPureProfile.extend	public
GameTheory/Languages/FOSG/Strategy.lean	650	L-FOSG	def	ReachableLegalBehavioralProfile.extend	public
GameTheory/Languages/FOSG/Strategy.lean	657	L-FOSG	def	pureToBehavioral	public
GameTheory/Languages/FOSG/Strategy.lean	662	L-FOSG	theorem	pureToBehavioral_apply	public
GameTheory/Languages/FOSG/Strategy.lean	667	L-FOSG	theorem	legalBehavioral_of_legalPure	public
GameTheory/Languages/FOSG/Strategy.lean	679	L-FOSG	def	legalPureToBehavioral	public
GameTheory/Languages/FOSG/Strategy.lean	691	L-FOSG	abbrev	MarkovJointPolicy	public
GameTheory/Languages/FOSG/Strategy.lean	695	L-FOSG	abbrev	PureMarkovJointPolicy	public
GameTheory/Languages/FOSG/Strategy.lean	699	L-FOSG	def	pureMarkovToBehavioral	public
GameTheory/Languages/FOSG/Strategy.lean	704	L-FOSG	theorem	pureMarkovToBehavioral_apply	public
GameTheory/Languages/FOSG/Strategy.lean	710	L-FOSG	def	stepProb	public
GameTheory/Languages/FOSG/Strategy.lean	716	L-FOSG	def	pathProb	public
GameTheory/Languages/FOSG/Strategy.lean	723	L-FOSG	def	prob	public
GameTheory/Languages/FOSG/Strategy.lean	728	L-FOSG	theorem	pathProb_nil	public
GameTheory/Languages/FOSG/Strategy.lean	733	L-FOSG	theorem	pathProb_cons	public
GameTheory/Languages/FOSG/Strategy.lean	738	L-FOSG	theorem	prob_nil	public
GameTheory/Languages/FOSG/Strategy.lean	743	L-FOSG	theorem	pathProb_append_singleton	public
GameTheory/Languages/FOSG/Strategy.lean	753	L-FOSG	theorem	prob_snoc	public
GameTheory/Languages/FOSG/Values.lean	27	L-FOSG	abbrev	reward	public
GameTheory/Languages/FOSG/Values.lean	37	L-FOSG	def	rewardSumFrom	public
GameTheory/Languages/FOSG/Values.lean	43	L-FOSG	def	rewardSum	public
GameTheory/Languages/FOSG/Values.lean	47	L-FOSG	abbrev	utility	public
GameTheory/Languages/FOSG/Values.lean	50	L-FOSG	theorem	rewardSumFrom_nil	public
GameTheory/Languages/FOSG/Values.lean	54	L-FOSG	theorem	rewardSumFrom_cons	public
GameTheory/Languages/FOSG/Values.lean	59	L-FOSG	theorem	rewardSumFrom_append_singleton	public
GameTheory/Languages/FOSG/Values.lean	69	L-FOSG	theorem	rewardSumFrom_append	public
GameTheory/Languages/FOSG/Values.lean	80	L-FOSG	theorem	rewardSum_nil	public
GameTheory/Languages/FOSG/Values.lean	84	L-FOSG	theorem	utility_nil	public
GameTheory/Languages/FOSG/Values.lean	88	L-FOSG	theorem	rewardSum_snoc	public
GameTheory/Languages/FOSG/Values.lean	96	L-FOSG	theorem	utility_snoc	public
GameTheory/Languages/FOSG/Values.lean	105	L-FOSG	theorem	utility_def	public
GameTheory/Languages/InfoModel/InfoGame.lean	26	L-INFO	structure	InfoGame	public
GameTheory/Languages/InfoModel/InfoGame.lean	36	L-INFO	def	ofControlModel	public
GameTheory/Languages/InfoModel/InfoGame.lean	40	L-INFO	abbrev	toInfoModel	public
GameTheory/Languages/InfoModel/InfoGame.lean	43	L-INFO	abbrev	control	public
GameTheory/Languages/InfoModel/InfoGame.lean	49	L-INFO	def	ofUtility	public
GameTheory/Languages/InfoModel/InfoGame.lean	55	L-INFO	def	ofBehavior	public
GameTheory/Languages/InfoModel/SemanticForm.lean	34	L-INFO	structure	InfoModel	public
GameTheory/Languages/InfoModel/SemanticForm.lean	49	L-INFO	abbrev	JointAction	public
GameTheory/Languages/InfoModel/SemanticForm.lean	52	L-INFO	def	obsEq	public
GameTheory/Languages/InfoModel/SemanticForm.lean	56	L-INFO	abbrev	PublicTrace	public
GameTheory/Languages/InfoModel/SemanticForm.lean	60	L-INFO	abbrev	PrivateTrace	public
GameTheory/Languages/InfoModel/SemanticForm.lean	65	L-INFO	abbrev	LocalTrace	public
GameTheory/Languages/InfoModel/SemanticForm.lean	69	L-INFO	abbrev	Outcome	public
GameTheory/Languages/InfoModel/SemanticForm.lean	73	L-INFO	def	projectPublic	public
GameTheory/Languages/InfoModel/SemanticForm.lean	77	L-INFO	def	projectPrivate	public
GameTheory/Languages/InfoModel/SemanticForm.lean	81	L-INFO	def	projectStates	public
GameTheory/Languages/InfoModel/SemanticForm.lean	85	L-INFO	def	outcomeOfStates	public
GameTheory/Languages/InfoModel/SemanticForm.lean	91	L-INFO	def	CoversHistoriesUpTo	public
GameTheory/Languages/InfoModel/SemanticForm.lean	101	L-INFO	def	projectActions	public
GameTheory/Languages/InfoModel/SemanticForm.lean	107	L-INFO	abbrev	LocalHistTok	public
GameTheory/Languages/InfoModel/SemanticForm.lean	111	L-INFO	def	localHistTokensAux	private
GameTheory/Languages/InfoModel/SemanticForm.lean	125	L-INFO	def	localHistTokens	public
GameTheory/Languages/InfoModel/SemanticForm.lean	136	L-INFO	def	localHistTokensFrom	public
GameTheory/Languages/InfoModel/SemanticForm.lean	146	L-INFO	theorem	localHistTokens_cons_eq_localHistTokensFrom	public
GameTheory/Languages/InfoModel/SemanticForm.lean	154	L-INFO	theorem	localHistTokensAux_snoc	private
GameTheory/Languages/InfoModel/SemanticForm.lean	182	L-INFO	theorem	localHistTokens_snoc	public
GameTheory/Languages/InfoModel/SemanticForm.lean	201	L-INFO	theorem	localHistTokensFrom_snoc	public
GameTheory/Languages/InfoModel/SemanticForm.lean	216	L-INFO	def	ObsRecall	public
GameTheory/Languages/InfoModel/SemanticForm.lean	227	L-INFO	def	ActionRecall	public
GameTheory/Languages/InfoModel/SemanticForm.lean	239	L-INFO	def	PerfectRecall	public
GameTheory/Languages/InfoModel/SemanticForm.lean	242	L-INFO	theorem	perfectRecall_obs	public
GameTheory/Languages/InfoModel/SemanticForm.lean	246	L-INFO	theorem	perfectRecall_action	public
GameTheory/Languages/InfoModel/SemanticForm.lean	251	L-INFO	def	FiniteHorizon	public
GameTheory/Languages/InfoModel/SemanticForm.lean	258	L-INFO	inductive	ControlSpec	public
GameTheory/Languages/InfoModel/SemanticForm.lean	263	L-INFO	structure	ControlModel	public
GameTheory/Languages/InfoModel/SemanticForm.lean	272	L-INFO	abbrev	PureProfile	public
GameTheory/Languages/InfoModel/SemanticForm.lean	276	L-INFO	abbrev	BehavioralProfile	public
GameTheory/Languages/InfoModel/SemanticForm.lean	280	L-INFO	abbrev	BehavioralProfileCorr	public
GameTheory/Languages/InfoModel/SemanticForm.lean	284	L-INFO	def	behavioralToCorr	public
GameTheory/Languages/InfoModel/SemanticForm.lean	290	L-INFO	def	pureToBehavioral	public
GameTheory/Languages/InfoModel/SemanticForm.lean	295	L-INFO	structure	Dynamics	public
GameTheory/Languages/InfoModel/SemanticForm.lean	308	L-INFO	def	jointActionDist	public
GameTheory/Languages/InfoModel/SemanticForm.lean	314	L-INFO	def	stepDist	public
GameTheory/Languages/InfoModel/SemanticForm.lean	322	L-INFO	def	stepDistCorr	public
GameTheory/Languages/InfoModel/SemanticForm.lean	333	L-INFO	def	runDist	public
GameTheory/Languages/InfoModel/SemanticForm.lean	339	L-INFO	def	runDistPure	public
GameTheory/Languages/InfoModel/SemanticForm.lean	345	L-INFO	def	evalBehavioral	public
GameTheory/Languages/InfoModel/SemanticForm.lean	351	L-INFO	def	evalPure	public
GameTheory/Languages/InfoModel/SemanticForm.lean	357	L-INFO	def	OneStepIndependentRealizable	public
GameTheory/Languages/InfoModel/SemanticForm.lean	373	L-INFO	def	OneStepCorrelatedRealizable	public
GameTheory/Languages/InfoModel/Simulation.lean	36	L-INFO	structure	NativeInfoHomSimulation	public
GameTheory/Languages/InfoModel/Simulation.lean	65	L-INFO	theorem	reachBy_map	public
GameTheory/Languages/InfoModel/Simulation.lean	83	L-INFO	structure	NativeInfoBisimulation	public
GameTheory/Languages/InfoModel/Simulation.lean	111	L-INFO	def	toHomSimulation	public
GameTheory/Languages/InfoModel/Simulation.lean	122	L-INFO	theorem	reachBy_map	public
GameTheory/Languages/Intrinsic/Compile.lean	34	L-INTR	def	liftProfile	public
GameTheory/Languages/Intrinsic/Compile.lean	44	L-INTR	def	OpponentMixedProfile	public
GameTheory/Languages/Intrinsic/Compile.lean	50	L-INTR	def	assembleMixedProfile	public
GameTheory/Languages/Intrinsic/Compile.lean	62	L-INTR	def	mixedOutcomeAt	public
GameTheory/Languages/Intrinsic/Compile.lean	69	L-INTR	def	mixedOutcomeLaw	public
GameTheory/Languages/Intrinsic/Compile.lean	76	L-INTR	def	playerSolutionEvent	public
GameTheory/Languages/Intrinsic/Compile.lean	83	L-INTR	def	profileSolutionEvent	public
GameTheory/Languages/Intrinsic/Compile.lean	90	L-INTR	theorem	solutionMap_eq_iff_profileSolutionEvent	public
GameTheory/Languages/Intrinsic/Compile.lean	112	L-INTR	theorem	mixedOutcomeAt_apply_eq_prod	public
GameTheory/Languages/Intrinsic/Compile.lean	136	L-INTR	def	PlayerEventMassEquivalent	public
GameTheory/Languages/Intrinsic/Compile.lean	144	L-INTR	theorem	productMixed_playerSolutionEvent_mass_eq_prod	public
GameTheory/Languages/Intrinsic/Compile.lean	172	L-INTR	def	KuhnOutcomeEquivalent	public
GameTheory/Languages/Intrinsic/Compile.lean	182	L-INTR	theorem	kuhn_equivalence_of_player_event_mass	public
GameTheory/Languages/Intrinsic/Compile.lean	214	L-INTR	def	EUWGame.toKernelGame	public
GameTheory/Languages/Intrinsic/Examples.lean	28	L-INTR	inductive	Coin	public
GameTheory/Languages/Intrinsic/Examples.lean	31	L-INTR	instance	<anonymous@31>	public
GameTheory/Languages/Intrinsic/Examples.lean	37	L-INTR	def	matchingPenniesModel	public
GameTheory/Languages/Intrinsic/Examples.lean	45	L-INTR	def	mpUtility	public
GameTheory/Languages/Intrinsic/Examples.lean	51	L-INTR	def	matchingPennies	public
GameTheory/Languages/Intrinsic/Examples.lean	64	L-INTR	inductive	SigType	public
GameTheory/Languages/Intrinsic/Examples.lean	67	L-INTR	instance	<anonymous@67>	public
GameTheory/Languages/Intrinsic/Examples.lean	70	L-INTR	inductive	Message	public
GameTheory/Languages/Intrinsic/Examples.lean	73	L-INTR	instance	<anonymous@73>	public
GameTheory/Languages/Intrinsic/Examples.lean	76	L-INTR	inductive	RcvAction	public
GameTheory/Languages/Intrinsic/Examples.lean	79	L-INTR	instance	<anonymous@79>	public
GameTheory/Languages/Intrinsic/Examples.lean	83	L-INTR	def	sigDecision	public
GameTheory/Languages/Intrinsic/Examples.lean	87	L-INTR	instance	sigDecisionFintype	public
GameTheory/Languages/Intrinsic/Examples.lean	92	L-INTR	instance	sigDecisionNonempty	public
GameTheory/Languages/Intrinsic/Examples.lean	101	L-INTR	def	signalingModel	public
GameTheory/Languages/Intrinsic/Examples.lean	114	L-INTR	def	sigReceiverAction	public
GameTheory/Languages/Intrinsic/Examples.lean	117	L-INTR	def	signalingUtility	public
GameTheory/Languages/Intrinsic/Examples.lean	124	L-INTR	def	signalingGame	public
GameTheory/Languages/Intrinsic/Examples.lean	138	L-INTR	theorem	matchingPennies_solvable	public
GameTheory/Languages/Intrinsic/PerfectRecall.lean	50	L-INTR	def	choiceEquiv	public
GameTheory/Languages/Intrinsic/PerfectRecall.lean	62	L-INTR	def	playerChoiceEquiv	public
GameTheory/Languages/Intrinsic/PerfectRecall.lean	82	L-INTR	def	PerfectRecall	public
GameTheory/Languages/Intrinsic/PerfectRecall.lean	100	L-INTR	def	predecessorsInOrdering	public
GameTheory/Languages/Intrinsic/PerfectRecall.lean	106	L-INTR	def	prefixThroughInOrdering	public
GameTheory/Languages/Intrinsic/PerfectRecall.lean	111	L-INTR	theorem	prefixThroughInOrdering_idx_lt	public
GameTheory/Languages/Intrinsic/PerfectRecall.lean	116	L-INTR	theorem	prefixThroughInOrdering_val_eq	public
GameTheory/Languages/Intrinsic/PerfectRecall.lean	128	L-INTR	theorem	prefixThroughInOrdering_ne_nil	public
GameTheory/Languages/Intrinsic/PerfectRecall.lean	135	L-INTR	theorem	prefixThroughInOrdering_last	public
GameTheory/Languages/Intrinsic/PerfectRecall.lean	142	L-INTR	theorem	prefixThroughInOrdering_mem_configSet	public
GameTheory/Languages/Intrinsic/PerfectRecall.lean	150	L-INTR	theorem	prefixThroughInOrdering_predecessors	public
GameTheory/Languages/Intrinsic/PerfectRecall.lean	159	L-INTR	theorem	prefixThroughInOrdering_eq_of_configSet_last	public
GameTheory/Languages/Intrinsic/PerfectRecall.lean	198	L-INTR	def	OrderInfoCompatibleWith	public
GameTheory/Languages/Intrinsic/PerfectRecall.lean	203	L-INTR	theorem	predecessorsInOrdering_eq_of_info	public
GameTheory/Languages/Intrinsic/PerfectRecall.lean	211	L-INTR	theorem	prefixThroughInOrdering_mem_configSet_of_info	public
GameTheory/Languages/Intrinsic/PerfectRecall.lean	219	L-INTR	theorem	prefixThroughInOrdering_eq_of_info_of_perfectRecall	public
GameTheory/Languages/Intrinsic/PerfectRecall.lean	246	L-INTR	theorem	orderInfoCompatibleWith_of_forall_perfectRecall	public
GameTheory/Languages/Intrinsic/PerfectRecall.lean	260	L-INTR	def	ownedAgentsInList	public
GameTheory/Languages/Intrinsic/PerfectRecall.lean	270	L-INTR	theorem	mem_ownedAgentsInList_iff	public
GameTheory/Languages/Intrinsic/PerfectRecall.lean	300	L-INTR	theorem	ownedAgentsInList_nodup	public
GameTheory/Languages/Intrinsic/PerfectRecall.lean	323	L-INTR	theorem	ownedAgentsInList_toFinset_of_mem_all	public
GameTheory/Languages/Intrinsic/PerfectRecall.lean	330	L-INTR	theorem	ownedAgentsInList_append_singleton_of_not_owner	public
GameTheory/Languages/Intrinsic/PerfectRecall.lean	342	L-INTR	theorem	ownedAgentsInList_append	public
GameTheory/Languages/Intrinsic/PerfectRecall.lean	355	L-INTR	theorem	ownedAgentsInList_append_singleton_of_owner	public
GameTheory/Languages/Intrinsic/PerfectRecall.lean	370	L-INTR	def	playerAgentsInOrdering	public
GameTheory/Languages/Intrinsic/PerfectRecall.lean	375	L-INTR	theorem	playerAgentsInOrdering_nodup	public
GameTheory/Languages/Intrinsic/PerfectRecall.lean	381	L-INTR	theorem	playerAgentsInOrdering_mem	public
GameTheory/Languages/Intrinsic/PerfectRecall.lean	388	L-INTR	theorem	playerAgentsInOrdering_toFinset	public
GameTheory/Languages/Intrinsic/PerfectRecall.lean	395	L-INTR	theorem	playerAgentsInOrdering_prod_eq_univ	public
GameTheory/Languages/Intrinsic/PerfectRecall.lean	410	L-INTR	def	playerPastAgentsInOrdering	public
GameTheory/Languages/Intrinsic/PerfectRecall.lean	416	L-INTR	theorem	mem_playerPastAgentsInOrdering_predecessors	public
GameTheory/Languages/Intrinsic/PerfectRecall.lean	426	L-INTR	theorem	mem_playerPastAgentsInOrdering_iff	public
GameTheory/Languages/Intrinsic/PerfectRecall.lean	436	L-INTR	theorem	playerPastAgentsInOrdering_mem_iff_of_info	public
GameTheory/Languages/Intrinsic/PerfectRecall.lean	456	L-INTR	theorem	ownedAgentsInList_eq_past_of_decomp	public
GameTheory/Languages/Intrinsic/PerfectRecall.lean	481	L-INTR	def	playerPastConsistent	public
GameTheory/Languages/Intrinsic/PerfectRecall.lean	490	L-INTR	def	playerAgentSolutionEvent	public
GameTheory/Languages/Intrinsic/PerfectRecall.lean	497	L-INTR	def	playerSolutionEventsInOrdering	public
GameTheory/Languages/Intrinsic/PerfectRecall.lean	503	L-INTR	theorem	allEvents_playerSolutionEventsInOrdering_iff	public
GameTheory/Languages/Intrinsic/PerfectRecall.lean	522	L-INTR	theorem	allEvents_playerSolutionEventsInOrdering_eq	public
GameTheory/Languages/Intrinsic/PerfectRecall.lean	529	L-INTR	theorem	allEvents_ownedAgentsInList_eq_playerPastConsistent	public
GameTheory/Languages/Intrinsic/PerfectRecall.lean	558	L-INTR	def	playerChainFallback	public
GameTheory/Languages/Intrinsic/PerfectRecall.lean	568	L-INTR	theorem	playerAgentsInOrdering_decomp_of_raw_decomp	public
GameTheory/Languages/Intrinsic/PerfectRecall.lean	581	L-INTR	theorem	playerChainFallback_eq_current	public
GameTheory/Languages/Intrinsic/PerfectRecall.lean	599	L-INTR	theorem	playerSolutionEvent_mass_eq_chainProduct	public
GameTheory/Languages/Intrinsic/PerfectRecall.lean	610	L-INTR	theorem	playerPastConsistent_eq_of_info	public
GameTheory/Languages/Intrinsic/PerfectRecall.lean	674	L-INTR	def	mixedToBehavioralKernelAt	public
GameTheory/Languages/Intrinsic/PerfectRecall.lean	685	L-INTR	def	MixedToBehavioralMeasurable	public
GameTheory/Languages/Intrinsic/PerfectRecall.lean	693	L-INTR	theorem	mixedToBehavioralMeasurable_of_perfectRecall	public
GameTheory/Languages/Intrinsic/PerfectRecall.lean	734	L-INTR	def	mixedToBehavioral	public
GameTheory/Languages/Intrinsic/PerfectRecall.lean	745	L-INTR	theorem	condEventFactor_playerPast_eq_kernel	public
GameTheory/Languages/Intrinsic/PerfectRecall.lean	774	L-INTR	def	defaultBehavioralStrategy	public
GameTheory/Languages/Intrinsic/PerfectRecall.lean	782	L-INTR	theorem	mixedToBehavioral_chainProduct_aux	public
GameTheory/Languages/Intrinsic/PerfectRecall.lean	983	L-INTR	def	KuhnEventRealizable	public
GameTheory/Languages/Intrinsic/PerfectRecall.lean	990	L-INTR	def	MixedToBehavioralEventMassIdentity	public
GameTheory/Languages/Intrinsic/PerfectRecall.lean	1000	L-INTR	theorem	mixedToBehavioral_eventMassIdentity	public
GameTheory/Languages/Intrinsic/PerfectRecall.lean	1048	L-INTR	theorem	kuhn_event_realizable_of_behavioral_event_mass	public
GameTheory/Languages/Intrinsic/PerfectRecall.lean	1065	L-INTR	theorem	kuhn_event_realizable_of_mixedToBehavioral_identity	public
GameTheory/Languages/Intrinsic/PerfectRecall.lean	1076	L-INTR	theorem	kuhn_equivalence_of_event_realizable	public
GameTheory/Languages/Intrinsic/PerfectRecall.lean	1094	L-INTR	theorem	kuhn_equivalence	public
GameTheory/Languages/Intrinsic/PerfectRecall.lean	1115	L-INTR	theorem	kuhn_equivalence_of_mixedToBehavioral_identity	public
GameTheory/Languages/Intrinsic/Strategies.lean	47	L-INTR	def	PlayerStrategySpace	public
GameTheory/Languages/Intrinsic/Strategies.lean	52	L-INTR	def	MixedStrategy	public
GameTheory/Languages/Intrinsic/Strategies.lean	56	L-INTR	def	MixedProfile	public
GameTheory/Languages/Intrinsic/Strategies.lean	62	L-INTR	def	mixedJoint	public
GameTheory/Languages/Intrinsic/Strategies.lean	73	L-INTR	def	ProductMixedStrategy	public
GameTheory/Languages/Intrinsic/Strategies.lean	79	L-INTR	def	productMixedAsMixed	public
GameTheory/Languages/Intrinsic/Strategies.lean	93	L-INTR	structure	BehavioralAgentStrategy	public
GameTheory/Languages/Intrinsic/Strategies.lean	101	L-INTR	def	BehavioralStrategy	public
GameTheory/Languages/Intrinsic/Strategies.lean	112	L-INTR	def	productMixedToBehavioral	public
GameTheory/Languages/Intrinsic/Strategies.lean	132	L-INTR	abbrev	InfoClass	public
GameTheory/Languages/Intrinsic/Strategies.lean	136	L-INTR	instance	<anonymous@136>	public
GameTheory/Languages/Intrinsic/Strategies.lean	139	L-INTR	theorem	PureStrategy.ext	public
GameTheory/Languages/Intrinsic/Strategies.lean	144	L-INTR	def	PureStrategy.ofQuotientFun	public
GameTheory/Languages/Intrinsic/Strategies.lean	153	L-INTR	def	PureStrategy.toQuotientFun	public
GameTheory/Languages/Intrinsic/Strategies.lean	157	L-INTR	theorem	PureStrategy.ofQuotientFun_toQuotientFun	public
GameTheory/Languages/Intrinsic/Strategies.lean	164	L-INTR	theorem	PureStrategy.toQuotientFun_ofQuotientFun	public
GameTheory/Languages/Intrinsic/Strategies.lean	173	L-INTR	def	pureStrategyEquiv	public
GameTheory/Languages/Intrinsic/Strategies.lean	181	L-INTR	instance	<anonymous@181>	public
GameTheory/Languages/Intrinsic/Strategies.lean	190	L-INTR	def	BehavioralAgentStrategy.classKernel	public
GameTheory/Languages/Intrinsic/Strategies.lean	195	L-INTR	theorem	BehavioralAgentStrategy.classKernel_mk	public
GameTheory/Languages/Intrinsic/Strategies.lean	202	L-INTR	def	behavioralProductPMF	public
GameTheory/Languages/Intrinsic/Strategies.lean	209	L-INTR	def	behavioralToPureStrategyPMF	public
GameTheory/Languages/Intrinsic/Strategies.lean	216	L-INTR	theorem	ofQuotientFun_preimage_act	public
GameTheory/Languages/Intrinsic/Strategies.lean	228	L-INTR	theorem	behavioralToPureStrategyPMF_marginal	public
GameTheory/Languages/Intrinsic/Strategies.lean	252	L-INTR	theorem	behavioral_realizes_productMixed	public
GameTheory/Languages/Intrinsic/Strategies.lean	264	L-INTR	theorem	productMixedToBehavioral_apply_eq_pmfMass	public
GameTheory/Languages/Intrinsic/Syntax.lean	52	L-INTR	structure	Config	public
GameTheory/Languages/Intrinsic/Syntax.lean	58	L-INTR	instance	<anonymous@58>	public
GameTheory/Languages/Intrinsic/Syntax.lean	82	L-INTR	structure	WModel	public
GameTheory/Languages/Intrinsic/Syntax.lean	103	L-INTR	abbrev	WModel.H	public
GameTheory/Languages/Intrinsic/Syntax.lean	108	L-INTR	abbrev	OutcomeLaw	public
GameTheory/Languages/Intrinsic/Syntax.lean	118	L-INTR	structure	PureStrategy	public
GameTheory/Languages/Intrinsic/Syntax.lean	125	L-INTR	abbrev	PureProfile	public
GameTheory/Languages/Intrinsic/Syntax.lean	134	L-INTR	def	isFixedPoint	public
GameTheory/Languages/Intrinsic/Syntax.lean	141	L-INTR	def	Solvable	public
GameTheory/Languages/Intrinsic/Syntax.lean	147	L-INTR	def	solutionMap	public
GameTheory/Languages/Intrinsic/Syntax.lean	151	L-INTR	theorem	solutionMap_spec	public
GameTheory/Languages/Intrinsic/Syntax.lean	156	L-INTR	theorem	solutionMap_unique	public
GameTheory/Languages/Intrinsic/Syntax.lean	169	L-INTR	def	TotalOrdering	public
GameTheory/Languages/Intrinsic/Syntax.lean	174	L-INTR	def	ConfigOrdering	public
GameTheory/Languages/Intrinsic/Syntax.lean	178	L-INTR	def	OrderingPrefix	public
GameTheory/Languages/Intrinsic/Syntax.lean	183	L-INTR	def	predecessors	public
GameTheory/Languages/Intrinsic/Syntax.lean	187	L-INTR	def	last	public
GameTheory/Languages/Intrinsic/Syntax.lean	195	L-INTR	def	configSet	public
GameTheory/Languages/Intrinsic/Syntax.lean	201	L-INTR	def	agreeOnSubset	public
GameTheory/Languages/Intrinsic/Syntax.lean	206	L-INTR	def	coordinateAgreeSetoid	public
GameTheory/Languages/Intrinsic/Syntax.lean	222	L-INTR	def	CausalWith	public
GameTheory/Languages/Intrinsic/Syntax.lean	242	L-INTR	structure	WGame	public
GameTheory/Languages/Intrinsic/Syntax.lean	258	L-INTR	def	WGame.agents	public
GameTheory/Languages/Intrinsic/Syntax.lean	268	L-INTR	structure	EUWGame	public
GameTheory/Languages/Intrinsic/Syntax.lean	286	L-INTR	def	EUWGame.configLaw	public
GameTheory/Languages/Intrinsic/Syntax.lean	291	L-INTR	def	EUWGame.expectedUtilityLaw	public
GameTheory/Languages/Intrinsic/Syntax.lean	297	L-INTR	def	EUWGame.toWGame	public
GameTheory/Languages/Intrinsic/Tests.lean	31	L-INTR	def	alwaysHeads	public
GameTheory/Languages/Intrinsic/Tests.lean	51	L-INTR	def	mkSigConfig	public
GameTheory/Languages/Intrinsic/Tests.lean	80	L-INTR	def	matchingPenniesOrdering	public
GameTheory/Languages/Intrinsic/Tests.lean	99	L-INTR	def	oneAgentModel	public
GameTheory/Languages/Intrinsic/Tests.lean	107	L-INTR	def	oneAgentGame	public
GameTheory/Languages/Intrinsic/Tests.lean	115	L-INTR	def	oneAgentOrdering	public
GameTheory/Languages/Intrinsic/Tests.lean	148	L-INTR	def	futureLookingModel	public
GameTheory/Languages/Intrinsic/Tests.lean	159	L-INTR	def	futureLookingOrdering	public
GameTheory/Languages/Intrinsic/Theorems.lean	24	L-INTR	theorem	solutionMap_isFixedPoint	public
GameTheory/Languages/Intrinsic/Theorems.lean	30	L-INTR	theorem	solutionMap_ext	public
GameTheory/Languages/Intrinsic/Theorems.lean	46	L-INTR	theorem	liftProfile_apply	public
GameTheory/Languages/Intrinsic/Theorems.lean	52	L-INTR	theorem	productMixedToBehavioral_meas	public
GameTheory/Languages/Kuhn.lean	55	L-KUHN	def	KuhnBehavioralToMixedOutcome	public
GameTheory/Languages/Kuhn.lean	63	L-KUHN	def	KuhnMixedToBehavioralViaOutcome	public
GameTheory/Languages/Kuhn.lean	71	L-KUHN	def	KuhnCompleteViaOutcome	public
GameTheory/Languages/Kuhn/BehavioralToMixedCore.lean	42	L-KUHN	def	behavioralToMixed	public
GameTheory/Languages/Kuhn/BehavioralToMixedCore.lean	49	L-KUHN	def	behavioralToMixedJoint	public
GameTheory/Languages/Kuhn/BehavioralToMixedCore.lean	57	L-KUHN	def	ReachableInfoStateWithin	public
GameTheory/Languages/Kuhn/BehavioralToMixedCore.lean	64	L-KUHN	def	HorizonSeparation	public
GameTheory/Languages/Kuhn/BehavioralToMixedCore.lean	71	L-KUHN	theorem	reachableInfoStateWithin_mono	public
GameTheory/Languages/Kuhn/BehavioralToMixedCore.lean	79	L-KUHN	theorem	reachableInfoStateWithin_projectStates	public
GameTheory/Languages/Kuhn/BehavioralToMixedCore.lean	92	L-KUHN	theorem	jointActionDist_pureToBehavioral	public
GameTheory/Languages/Kuhn/BehavioralToMixedCore.lean	111	L-KUHN	theorem	stepDist_pureToBehavioral	public
GameTheory/Languages/Kuhn/BehavioralToMixedCore.lean	120	L-KUHN	theorem	stepDist_pureToBehavioral_congr	public
GameTheory/Languages/Kuhn/BehavioralToMixedCore.lean	137	L-KUHN	theorem	runDistPure_support_length	public
GameTheory/Languages/Kuhn/BehavioralToMixedCore.lean	145	L-KUHN	theorem	runDistPure_congr_of_agree_within	public
GameTheory/Languages/Kuhn/BehavioralToMixedCore.lean	181	L-KUHN	theorem	runDistPure_congr_on_trace	public
GameTheory/Languages/Kuhn/BehavioralToMixedCore.lean	227	L-KUHN	theorem	marginal_stepDist	public
GameTheory/Languages/Kuhn/BehavioralToMixedCore.lean	299	L-KUHN	def	swapProfileBy	public
GameTheory/Languages/Kuhn/BehavioralToMixedCore.lean	305	L-KUHN	theorem	swapProfileBy_involutive	public
GameTheory/Languages/Kuhn/BehavioralToMixedCore.lean	316	L-KUHN	theorem	swapBy_weight_eq	public
GameTheory/Languages/Kuhn/BehavioralToMixedCore.lean	340	L-KUHN	theorem	scalar_indep	public
GameTheory/Languages/Kuhn/BehavioralToMixedCore.lean	424	L-KUHN	theorem	currentInfoState_subsingleton_of_repeated_on_reachable_trace	public
GameTheory/Languages/Kuhn/BehavioralToMixedCore.lean	449	L-KUHN	theorem	stepIndependence_bridge	public
GameTheory/Languages/Kuhn/BehavioralToMixedCore.lean	583	L-KUHN	theorem	runDist_eq_of_stepIndependence	public
GameTheory/Languages/Kuhn/BehavioralToMixedCore.lean	624	L-KUHN	theorem	kuhn_behavioral_to_mixed	public
GameTheory/Languages/Kuhn/KuhnModel.lean	38	L-KUHN	structure	InfoStateCore	public
GameTheory/Languages/Kuhn/KuhnModel.lean	49	L-KUHN	def	InfoStateCore.identity	public
GameTheory/Languages/Kuhn/KuhnModel.lean	57	L-KUHN	theorem	InfoStateCore.identity_Carrier	public
GameTheory/Languages/Kuhn/KuhnModel.lean	59	L-KUHN	theorem	InfoStateCore.identity_start	public
GameTheory/Languages/Kuhn/KuhnModel.lean	61	L-KUHN	theorem	InfoStateCore.identity_push	public
GameTheory/Languages/Kuhn/KuhnModel.lean	63	L-KUHN	theorem	InfoStateCore.identity_current	public
GameTheory/Languages/Kuhn/KuhnModel.lean	70	L-KUHN	structure	KuhnMachine	public
GameTheory/Languages/Kuhn/KuhnModel.lean	79	L-KUHN	structure	ObsModelCore	public
GameTheory/Languages/Kuhn/KuhnModel.lean	89	L-KUHN	abbrev	KuhnModel	public
GameTheory/Languages/Kuhn/KuhnModel.lean	96	L-KUHN	abbrev	init	public
GameTheory/Languages/Kuhn/KuhnModel.lean	99	L-KUHN	abbrev	step	public
GameTheory/Languages/Kuhn/KuhnModel.lean	103	L-KUHN	abbrev	JointActionAt	public
GameTheory/Languages/Kuhn/KuhnModel.lean	106	L-KUHN	def	lastState	public
GameTheory/Languages/Kuhn/KuhnModel.lean	110	L-KUHN	theorem	lastState_take_eq_getElem	public
GameTheory/Languages/Kuhn/KuhnModel.lean	121	L-KUHN	abbrev	InfoState	public
GameTheory/Languages/Kuhn/KuhnModel.lean	124	L-KUHN	def	currentObs	public
GameTheory/Languages/Kuhn/KuhnModel.lean	128	L-KUHN	def	projectStatesFrom	public
GameTheory/Languages/Kuhn/KuhnModel.lean	135	L-KUHN	def	projectStates	public
GameTheory/Languages/Kuhn/KuhnModel.lean	141	L-KUHN	theorem	currentObs_projectStatesFrom	public
GameTheory/Languages/Kuhn/KuhnModel.lean	159	L-KUHN	def	obsEq	public
GameTheory/Languages/Kuhn/KuhnModel.lean	164	L-KUHN	theorem	currentObs_projectStates	public
GameTheory/Languages/Kuhn/KuhnModel.lean	179	L-KUHN	abbrev	LocalStrategy	public
GameTheory/Languages/Kuhn/KuhnModel.lean	183	L-KUHN	abbrev	PureProfile	public
GameTheory/Languages/Kuhn/KuhnModel.lean	189	L-KUHN	abbrev	BehavioralProfile	public
GameTheory/Languages/Kuhn/KuhnModel.lean	193	L-KUHN	abbrev	BehavioralProfileCorr	public
GameTheory/Languages/Kuhn/KuhnModel.lean	197	L-KUHN	def	pureToBehavioral	public
GameTheory/Languages/Kuhn/KuhnModel.lean	206	L-KUHN	instance	localStrategyFintype	public
GameTheory/Languages/Kuhn/KuhnModel.lean	215	L-KUHN	def	castProfileAction	public
GameTheory/Languages/Kuhn/KuhnModel.lean	221	L-KUHN	def	jointActionDist	public
GameTheory/Languages/Kuhn/KuhnModel.lean	228	L-KUHN	def	castJointAction	public
GameTheory/Languages/Kuhn/KuhnModel.lean	234	L-KUHN	def	behavioralToCorr	public
GameTheory/Languages/Kuhn/KuhnModel.lean	240	L-KUHN	def	stepDist	public
GameTheory/Languages/Kuhn/KuhnModel.lean	249	L-KUHN	def	runDist	public
GameTheory/Languages/Kuhn/KuhnModel.lean	255	L-KUHN	def	runDistPure	public
GameTheory/Languages/Kuhn/KuhnModel.lean	261	L-KUHN	def	pureStep	public
GameTheory/Languages/Kuhn/KuhnModel.lean	267	L-KUHN	theorem	runDistPure_eq_pureRun	public
GameTheory/Languages/Kuhn/KuhnModel.lean	283	L-KUHN	theorem	runDist_congr	public
GameTheory/Languages/Kuhn/KuhnModel.lean	307	L-KUHN	inductive	ReachActionTrace	public
GameTheory/Languages/Kuhn/KuhnModel.lean	316	L-KUHN	def	StepReachable	public
GameTheory/Languages/Kuhn/KuhnModel.lean	320	L-KUHN	def	stepDistCorr	public
GameTheory/Languages/Kuhn/KuhnModel.lean	328	L-KUHN	def	PerStepActionRecall	public
GameTheory/Languages/Kuhn/KuhnModel.lean	337	L-KUHN	def	mixedToMediator	public
GameTheory/Languages/Kuhn/KuhnModel.lean	354	L-KUHN	def	NoNontrivialInfoStateRepeat	public
GameTheory/Languages/Kuhn/KuhnModel.lean	369	L-KUHN	theorem	lastState_append_singleton	public
GameTheory/Languages/Kuhn/KuhnModel.lean	386	L-KUHN	theorem	runDist_bind_interp	public
GameTheory/Languages/Kuhn/MixedToBehavioralCore/CoreKuhnSemantic.lean	29	L-KUHN	def	ObsLocalFeasibility	public
GameTheory/Languages/Kuhn/MixedToBehavioralCore/CoreKuhnSemantic.lean	42	L-KUHN	structure	LocalSupportSignature	public
GameTheory/Languages/Kuhn/MixedToBehavioralCore/CoreKuhnSemantic.lean	55	L-KUHN	theorem	obsLocalFeasibility_of_localSupportSignature	public
GameTheory/Languages/Kuhn/MixedToBehavioralCore/CoreKuhnSemantic.lean	66	L-KUHN	def	ActionPosteriorLocal	public
GameTheory/Languages/Kuhn/MixedToBehavioralCore/CoreKuhnSemantic.lean	86	L-KUHN	theorem	reweightPMF_update_obs_local_of	public
GameTheory/Languages/Kuhn/MixedToBehavioralCore/CoreKuhnSemantic.lean	132	L-KUHN	theorem	actionPosteriorLocal_of_obsLocalFeasibility	public
GameTheory/Languages/Kuhn/MixedToBehavioralCore/CoreKuhnSemantic.lean	169	L-KUHN	theorem	mixedToMediator_eq_pmfPi_factor	public
GameTheory/Languages/Kuhn/MixedToBehavioralCore/CoreKuhnSemantic.lean	221	L-KUHN	def	mixedToBehavioralFactorAt	public
GameTheory/Languages/Kuhn/MixedToBehavioralCore/CoreKuhnSemantic.lean	233	L-KUHN	theorem	mixedToBehavioralFactorAt_congr_coord	public
GameTheory/Languages/Kuhn/MixedToBehavioralCore/CoreKuhnSemantic.lean	246	L-KUHN	def	mixedToBehavioralProfileWithFallback	public
GameTheory/Languages/Kuhn/MixedToBehavioralCore/CoreKuhnSemantic.lean	260	L-KUHN	theorem	mixedToBehavioralFactorAt_update_ne	public
GameTheory/Languages/Kuhn/MixedToBehavioralCore/CoreKuhnSemantic.lean	274	L-KUHN	theorem	mixedToBehavioralProfileWithFallback_congr_coord	public
GameTheory/Languages/Kuhn/MixedToBehavioralCore/CoreKuhnSemantic.lean	295	L-KUHN	theorem	mixedToBehavioralProfileWithFallback_update_ne	public
GameTheory/Languages/Kuhn/MixedToBehavioralCore/CoreKuhnSemantic.lean	308	L-KUHN	theorem	mixedToBehavioralProfileWithFallback_eq_factorAt	public
GameTheory/Languages/Kuhn/MixedToBehavioralCore/CoreKuhnSemantic.lean	347	L-KUHN	theorem	mixedToBehavioralProfileWithFallback_runDist	public
GameTheory/Languages/Kuhn/MixedToBehavioralCore/CoreKuhnSemantic.lean	402	L-KUHN	theorem	kuhn_mixed_to_behavioral_semantic	public
GameTheory/Languages/Kuhn/MixedToBehavioralCore/CoreKuhnSemantic.lean	418	L-KUHN	theorem	mixedToMediator_eq_pmfPi_factor_of_run	public
GameTheory/Languages/Kuhn/MixedToBehavioralCore/CoreKuhnSemantic.lean	475	L-KUHN	theorem	kuhn_mixed_to_behavioral_of_runSupport	public
GameTheory/Languages/Kuhn/MixedToBehavioralCore/CoreKuhnSemantic.lean	576	L-KUHN	theorem	kuhn_mixed_to_behavioral_of_obsLocal	public
GameTheory/Languages/Kuhn/MixedToBehavioralCore/CoreKuhnSemantic.lean	602	L-KUHN	theorem	runDist_eq_of_correlatedStepIndependence	public
GameTheory/Languages/Kuhn/MixedToBehavioralCore/CoreKuhnSemantic.lean	638	L-KUHN	theorem	stepDistCorr_eq_stepDist_of_product	public
GameTheory/Languages/Kuhn/MixedToBehavioralCore/ReachFactor.lean	27	L-KUHN	theorem	mediator_step_eq_condStep	public
GameTheory/Languages/Kuhn/MixedToBehavioralCore/ReachFactor.lean	37	L-KUHN	theorem	correlated_realization	public
GameTheory/Languages/Kuhn/MixedToBehavioralCore/ReachFactor.lean	59	L-KUHN	def	StepMassInvariant	public
GameTheory/Languages/Kuhn/MixedToBehavioralCore/ReachFactor.lean	67	L-KUHN	def	StepSupportFactorization	public
GameTheory/Languages/Kuhn/MixedToBehavioralCore/ReachFactor.lean	76	L-KUHN	def	StepActionDeterminism	public
GameTheory/Languages/Kuhn/MixedToBehavioralCore/ReachFactor.lean	82	L-KUHN	theorem	PerStepActionRecall.toStepActionDeterminism	public
GameTheory/Languages/Kuhn/MixedToBehavioralCore/ReachFactor.lean	95	L-KUHN	theorem	jointActionDist_pureToBehavioral_m2b	public
GameTheory/Languages/Kuhn/MixedToBehavioralCore/ReachFactor.lean	103	L-KUHN	theorem	stepDist_pureToBehavioral_m2b	public
GameTheory/Languages/Kuhn/MixedToBehavioralCore/ReachFactor.lean	112	L-KUHN	theorem	pureStep_eq	public
GameTheory/Languages/Kuhn/MixedToBehavioralCore/ReachFactor.lean	122	L-KUHN	theorem	pureStep_eq_of_nonzero_same	public
GameTheory/Languages/Kuhn/MixedToBehavioralCore/ReachFactor.lean	135	L-KUHN	theorem	pureRun_const_of_support	public
GameTheory/Languages/Kuhn/MixedToBehavioralCore/ReachFactor.lean	157	L-KUHN	theorem	pureStep_nonzero_iff_action_eq	public
GameTheory/Languages/Kuhn/MixedToBehavioralCore/ReachFactor.lean	184	L-KUHN	theorem	pureStep_nonzero_iff_forall_player	public
GameTheory/Languages/Kuhn/MixedToBehavioralCore/ReachFactor.lean	194	L-KUHN	theorem	StepActionDeterminism.toMassInvariant	public
GameTheory/Languages/Kuhn/MixedToBehavioralCore/ReachFactor.lean	202	L-KUHN	theorem	StepActionDeterminism.toSupportFactorization	public
GameTheory/Languages/Kuhn/MixedToBehavioralCore/ReachFactor.lean	226	L-KUHN	theorem	pureRun_succ_nonzero_iff	public
GameTheory/Languages/Kuhn/MixedToBehavioralCore/ReachFactor.lean	247	L-KUHN	theorem	pureRun_nonzero_iff_update	public
GameTheory/Languages/Kuhn/MixedToBehavioralCore/ReachFactor.lean	306	L-KUHN	theorem	pureRun_cross_mul_product	public
GameTheory/Languages/Kuhn/MixedToBehavioralCore/ReachFactor.lean	361	L-KUHN	def	RunSupportFactorization	public
GameTheory/Languages/Kuhn/MixedToBehavioralCore/ReachFactor.lean	369	L-KUHN	theorem	StepSupportFactorization.toRunSupportFactorization	public
GameTheory/Languages/Kuhn/MixedToBehavioralCore/ReachFactor.lean	376	L-KUHN	theorem	pureRun_cross_mul_product_of_run	public
GameTheory/Languages/Kuhn/MixedToBehavioralCore/ReachFactor.lean	444	L-KUHN	def	ObsLocalFeasibilityFull	public
GameTheory/Languages/Kuhn/MixedToBehavioralCore/ReachFactor.lean	462	L-KUHN	structure	LocalSupportSignatureFull	public
GameTheory/Languages/Kuhn/MixedToBehavioralCore/ReachFactor.lean	473	L-KUHN	theorem	obsLocalFeasibilityFull_of_localSupportSignatureFull	public
GameTheory/Languages/Kuhn/MixedToBehavioralCore/ReachFactor.lean	482	L-KUHN	theorem	replaceOn_reach_of_obsLocal	private
GameTheory/Languages/Kuhn/MixedToBehavioralCore/ReachFactor.lean	498	L-KUHN	theorem	obsLocalFeasibilityFull_toRunSupportFactorization	public
GameTheory/Languages/Kuhn/ObsModel.lean	37	L-KUHN	structure	InfoStateSpec	public
GameTheory/Languages/Kuhn/ObsModel.lean	46	L-KUHN	def	list	public
GameTheory/Languages/Kuhn/ObsModel.lean	71	L-KUHN	structure	ObsModel	public
GameTheory/Languages/Kuhn/ObsModel.lean	84	L-KUHN	def	toCore	public
GameTheory/Languages/Kuhn/ObsModel.lean	96	L-KUHN	abbrev	init	public
GameTheory/Languages/Kuhn/ObsModel.lean	99	L-KUHN	abbrev	step	public
GameTheory/Languages/Kuhn/ObsModel.lean	103	L-KUHN	abbrev	JointActionAt	public
GameTheory/Languages/Kuhn/ObsModel.lean	108	L-KUHN	abbrev	lastState	public
GameTheory/Languages/Kuhn/ObsModel.lean	112	L-KUHN	abbrev	InfoState	public
GameTheory/Languages/Kuhn/ObsModel.lean	115	L-KUHN	abbrev	stateSnapshot	public
GameTheory/Languages/Kuhn/ObsModel.lean	120	L-KUHN	def	stateDepth	public
GameTheory/Languages/Kuhn/ObsModel.lean	124	L-KUHN	abbrev	currentObs	public
GameTheory/Languages/Kuhn/ObsModel.lean	128	L-KUHN	abbrev	projectStatesFrom	public
GameTheory/Languages/Kuhn/ObsModel.lean	133	L-KUHN	abbrev	projectStates	public
GameTheory/Languages/Kuhn/ObsModel.lean	137	L-KUHN	theorem	stateSnapshot_projectStatesFrom	public
GameTheory/Languages/Kuhn/ObsModel.lean	151	L-KUHN	theorem	stateSnapshot_projectStates	public
GameTheory/Languages/Kuhn/ObsModel.lean	161	L-KUHN	theorem	stateDepth_projectStates	public
GameTheory/Languages/Kuhn/ObsModel.lean	167	L-KUHN	theorem	currentObs_projectStatesFrom	public
GameTheory/Languages/Kuhn/ObsModel.lean	180	L-KUHN	def	obsEq	public
GameTheory/Languages/Kuhn/ObsModel.lean	185	L-KUHN	theorem	currentObs_projectStates	public
GameTheory/Languages/Kuhn/ObsModel.lean	190	L-KUHN	theorem	obsEq_of_projectStates_getLast	public
GameTheory/Languages/Kuhn/ObsModel.lean	201	L-KUHN	abbrev	LocalStrategy	public
GameTheory/Languages/Kuhn/ObsModel.lean	206	L-KUHN	abbrev	PureProfile	public
GameTheory/Languages/Kuhn/ObsModel.lean	211	L-KUHN	abbrev	BehavioralProfile	public
GameTheory/Languages/Kuhn/ObsModel.lean	215	L-KUHN	abbrev	BehavioralProfileCorr	public
GameTheory/Languages/Kuhn/ObsModel.lean	219	L-KUHN	abbrev	pureToBehavioral	public
GameTheory/Languages/Kuhn/ObsModel.lean	228	L-KUHN	instance	localStrategyFintype	public
GameTheory/Languages/Kuhn/ObsModel.lean	237	L-KUHN	def	castProfileAction	public
GameTheory/Languages/Kuhn/ObsModel.lean	243	L-KUHN	def	behavioralToCorr	public
GameTheory/Languages/Kuhn/ObsModel.lean	255	L-KUHN	abbrev	jointActionDist	public
GameTheory/Languages/Kuhn/ObsModel.lean	261	L-KUHN	abbrev	castJointAction	public
GameTheory/Languages/Kuhn/ObsModel.lean	267	L-KUHN	abbrev	stepDist	public
GameTheory/Languages/Kuhn/ObsModel.lean	272	L-KUHN	abbrev	runDist	public
GameTheory/Languages/Kuhn/ObsModel.lean	277	L-KUHN	abbrev	runDistPure	public
GameTheory/Languages/Kuhn/ObsModel.lean	282	L-KUHN	abbrev	pureStep	public
GameTheory/Languages/Kuhn/ObsModel.lean	287	L-KUHN	theorem	runDistPure_eq_pureRun	public
GameTheory/Languages/Kuhn/ObsModel.lean	296	L-KUHN	inductive	ReachActionTrace	public
GameTheory/Languages/Kuhn/ObsModel.lean	305	L-KUHN	def	StepReachable	public
GameTheory/Languages/Kuhn/ObsModel.lean	314	L-KUHN	def	PerStepActionRecall	public
GameTheory/Languages/Kuhn/ObsModel.lean	323	L-KUHN	theorem	cast_eq_of_subsingleton	public
GameTheory/Languages/Kuhn/ObsModel.lean	334	L-KUHN	def	PerStepPlayerRecall	public
GameTheory/Languages/Kuhn/ObsModel.lean	345	L-KUHN	def	PlayerStepRecall	public
GameTheory/Languages/Kuhn/ObsModel.lean	356	L-KUHN	def	TracePlayerStepRecall	public
GameTheory/Languages/Kuhn/ObsModel.lean	373	L-KUHN	theorem	PerStepPlayerRecall.action_eq	public
GameTheory/Languages/Kuhn/ObsModel.lean	387	L-KUHN	theorem	PlayerStepRecall.action_eq	public
GameTheory/Languages/Kuhn/ObsModel.lean	401	L-KUHN	theorem	TracePlayerStepRecall.action_eq	public
GameTheory/Languages/Kuhn/ObsModel.lean	419	L-KUHN	theorem	PerStepPlayerRecall.toAction	public
GameTheory/Languages/Kuhn/ObsModel.lean	432	L-KUHN	def	projectActions	public
GameTheory/Languages/Kuhn/ObsModel.lean	438	L-KUHN	theorem	projectStates_eq_length	public
GameTheory/Languages/Kuhn/ObsModel.lean	446	L-KUHN	theorem	projectStates_prefix_of_append	public
GameTheory/Languages/Kuhn/ObsModel.lean	460	L-KUHN	theorem	obsEq_of_projectStates_append	public
GameTheory/Languages/Kuhn/ObsModel.lean	478	L-KUHN	def	ObsRecall	public
GameTheory/Languages/Kuhn/ObsModel.lean	487	L-KUHN	def	ActionRecall	public
GameTheory/Languages/Kuhn/ObsModel.lean	494	L-KUHN	def	PerfectRecall	public
GameTheory/Languages/Kuhn/ObsModel.lean	502	L-KUHN	theorem	ActionRecall.toTracePlayerStepRecall	public
GameTheory/Languages/Kuhn/ObsModel.lean	524	L-KUHN	theorem	PerfectRecall.toTracePlayerStepRecall	public
GameTheory/Languages/Kuhn/ObsModel.lean	534	L-KUHN	abbrev	stepDistCorr	public
GameTheory/Languages/Kuhn/ObsModel.lean	545	L-KUHN	theorem	stepReachable_init	public
GameTheory/Languages/Kuhn/ObsModel.lean	551	L-KUHN	theorem	stepReachable_step	public
GameTheory/Languages/Kuhn/ObsModel.lean	561	L-KUHN	def	ReachablePlayerStepRecall	public
GameTheory/Languages/Kuhn/ObsModel.lean	573	L-KUHN	theorem	ReachablePlayerStepRecall.action_eq	public
GameTheory/Languages/Kuhn/ObsModel.lean	586	L-KUHN	theorem	perStepPlayerRecall_iff_forall	public
GameTheory/Languages/Kuhn/ObsModel.lean	591	L-KUHN	theorem	PlayerStepRecall.toReachable	public
GameTheory/Languages/Kuhn/ObsModel.lean	597	L-KUHN	theorem	PlayerStepRecall.toTrace	public
GameTheory/Languages/Kuhn/ObsModel.lean	608	L-KUHN	def	mixedToMediator	public
GameTheory/Languages/MAID/Compile.lean	28	L-MAID	abbrev	PublicObs	public
GameTheory/Languages/MAID/Compile.lean	35	L-MAID	def	compileInfoOn	public
GameTheory/Languages/MAID/Compile.lean	45	L-MAID	theorem	compile_step_iff	public
GameTheory/Languages/MAID/Compile.lean	54	L-MAID	theorem	compile_reach_iff	public
GameTheory/Languages/MAID/Compile.lean	63	L-MAID	theorem	compile_publicView_eq_frontier	public
GameTheory/Languages/MAID/Compile.lean	70	L-MAID	theorem	compile_observe_eq_frontierInfosets	public
GameTheory/Languages/MAID/Compile.lean	79	L-MAID	def	nativeInfoBisimulation	public
GameTheory/Languages/MAID/CompileObs.lean	39	L-MAID	def	frontierStepPMF	public
GameTheory/Languages/MAID/CompileObs.lean	53	L-MAID	def	compileObsModel	public
GameTheory/Languages/MAID/CompileObs.lean	67	L-MAID	theorem	compileObsModel_step_consistent	public
GameTheory/Languages/MAID/CompileObs.lean	121	L-MAID	def	compileObsModelCore	public
GameTheory/Languages/MAID/CompileObs.lean	133	L-MAID	abbrev	compiledCoreObs	public
GameTheory/Languages/MAID/CompileObs.lean	142	L-MAID	def	CompiledMAIDAct	public
GameTheory/Languages/MAID/CompileObs.lean	147	L-MAID	instance	compiledMAIDActFintype	public
GameTheory/Languages/MAID/CompileObs.lean	151	L-MAID	instance	compiledMAIDActNonempty	public
GameTheory/Languages/MAID/CompileObs.lean	157	L-MAID	instance	compiledMAIDActSubsingleton_none	public
GameTheory/Languages/MAID/CompileObs.lean	167	L-MAID	def	frontierActiveInfoset	public
GameTheory/Languages/MAID/CompileObs.lean	177	L-MAID	def	frontierStepPMF_PR	public
GameTheory/Languages/MAID/CompileObs.lean	198	L-MAID	def	compileObsModelCorePR	public
GameTheory/Languages/MAID/CompileObs.lean	221	L-MAID	def	liftPureStrategy	public
GameTheory/Languages/MAID/CompileObs.lean	228	L-MAID	def	liftPureProfile	public
GameTheory/Languages/MAID/CompileObs.lean	233	L-MAID	def	descendPureStrategy	public
GameTheory/Languages/MAID/CompileObs.lean	238	L-MAID	def	descendPureProfile	public
GameTheory/Languages/MAID/CompileObs.lean	243	L-MAID	theorem	descend_lift_pureStrategy	public
GameTheory/Languages/MAID/CompileObs.lean	248	L-MAID	theorem	descend_lift_pureProfile	public
GameTheory/Languages/MAID/CompileObs.lean	253	L-MAID	def	liftBehavioralProfile	public
GameTheory/Languages/MAID/CompileObs.lean	260	L-MAID	def	descendBehavioralProfile	public
GameTheory/Languages/MAID/CompileObs.lean	266	L-MAID	theorem	descend_lift_behavioralProfile	public
GameTheory/Languages/MAID/CompileObs.lean	271	L-MAID	def	liftMixedProfile	public
GameTheory/Languages/MAID/CompileObsFacts.lean	32	L-MAID	abbrev	compiledPRObs	public
GameTheory/Languages/MAID/CompileObsFacts.lean	41	L-MAID	theorem	kuhn_behavioral_to_mixed_compiledPR	public
GameTheory/Languages/MAID/CompileObsFacts.lean	52	L-MAID	theorem	activeInfoset_mem_frontier	private
GameTheory/Languages/MAID/CompileObsFacts.lean	88	L-MAID	theorem	assigned_union_frontier_sub_step	private
GameTheory/Languages/MAID/CompileObsFacts.lean	108	L-MAID	theorem	projectStates_identity_last	private
GameTheory/Languages/MAID/CompileObsFacts.lean	128	L-MAID	theorem	assigned_union_frontier_sub_stepPR	private
GameTheory/Languages/MAID/CompileObsFacts.lean	137	L-MAID	theorem	assigned_mono_on_trace	private
GameTheory/Languages/MAID/CompileObsFacts.lean	168	L-MAID	theorem	assigned_mono_multi	private
GameTheory/Languages/MAID/CompileObsFacts.lean	184	L-MAID	theorem	noNontrivialInfoStateRepeat_compiledPR	public
GameTheory/Languages/MAID/CompileObsFacts.lean	228	L-MAID	theorem	compiledPR_infoState_eq	public
GameTheory/Languages/MAID/CompileObsFacts.lean	231	L-MAID	instance	compiledPR_infoState_fintype	public
GameTheory/Languages/MAID/CompileObsFacts.lean	235	L-MAID	instance	compiledPR_infoState_decidableEq	public
GameTheory/Languages/MAID/CompileObsFacts.lean	239	L-MAID	instance	compiledPR_localStrategy_fintype	public
GameTheory/Languages/MAID/CompileObsFacts.lean	259	L-MAID	theorem	frontierStepPMF_support_vals	private
GameTheory/Languages/MAID/CompileObsFacts.lean	281	L-MAID	theorem	rawActs_match_eq	private
GameTheory/Languages/MAID/CompileObsFacts.lean	300	L-MAID	theorem	nodeDistrib_rawActs_eq	private
GameTheory/Languages/MAID/CompileObsFacts.lean	335	L-MAID	theorem	stepActionDeterminism_compiledPR	public
GameTheory/Languages/MAID/CompileObsFacts.lean	367	L-MAID	theorem	stepMassInvariant_compiledPR	public
GameTheory/Languages/MAID/CompileObsFacts.lean	376	L-MAID	theorem	stepSupportFactorization_compiledPR	public
GameTheory/Languages/MAID/CompileObsFacts.lean	387	L-MAID	theorem	nodeDistrib_at_chance	private
GameTheory/Languages/MAID/CompileObsFacts.lean	400	L-MAID	theorem	nodeDistrib_at_utility	private
GameTheory/Languages/MAID/CompileObsFacts.lean	414	L-MAID	theorem	nodeDistrib_congr_decision	private
GameTheory/Languages/MAID/CompileObsFacts.lean	446	L-MAID	theorem	compiledPR_stepDist_eq_frontierStepPol	public
GameTheory/Languages/MAID/CompileObsFacts.lean	668	L-MAID	theorem	compiledPR_runDist_eq_frontierEval	public
GameTheory/Languages/MAID/CompileObsFacts.lean	723	L-MAID	theorem	compiledPR_runDistPure_eq_frontierEval	public
GameTheory/Languages/MAID/CompileObsFacts.lean	755	L-MAID	theorem	assigned_eq_step	private
GameTheory/Languages/MAID/CompileObsFacts.lean	769	L-MAID	theorem	pureRun_getElem_zero	private
GameTheory/Languages/MAID/CompileObsFacts.lean	778	L-MAID	theorem	lastState_take_eq	private
GameTheory/Languages/MAID/CompileObsFacts.lean	784	L-MAID	theorem	assigned_eq_stepPR	private
GameTheory/Languages/MAID/CompileObsFacts.lean	793	L-MAID	theorem	frontierStepPMF_preserves_old	private
GameTheory/Languages/MAID/CompileObsFacts.lean	803	L-MAID	theorem	assigned_eq_on_trace_step	private
GameTheory/Languages/MAID/CompileObsFacts.lean	819	L-MAID	theorem	assigned_eq_on_traces	private
GameTheory/Languages/MAID/CompileObsFacts.lean	841	L-MAID	theorem	activeInfoset_obsParent_value	private
GameTheory/Languages/MAID/CompileObsFacts.lean	885	L-MAID	theorem	frontierActiveInfoset_eq_of_assigned_vals_eq	private
GameTheory/Languages/MAID/CompileObsFacts.lean	917	L-MAID	theorem	filterMap_head?_eq_of_none_agree	private
GameTheory/Languages/MAID/CompileObsFacts.lean	950	L-MAID	theorem	frontierActiveInfoset_transfer	private
GameTheory/Languages/MAID/CompileObsFacts.lean	1042	L-MAID	theorem	frontierActiveInfoset_eq_of_obsParent_vals_eq	private
GameTheory/Languages/MAID/CompileObsFacts.lean	1075	L-MAID	theorem	frontierCfg_values_cast	private
GameTheory/Languages/MAID/CompileObsFacts.lean	1082	L-MAID	theorem	value_stable_one_step	private
GameTheory/Languages/MAID/CompileObsFacts.lean	1102	L-MAID	theorem	value_stable_on_trace	private
GameTheory/Languages/MAID/CompileObsFacts.lean	1120	L-MAID	theorem	assigned_parents_closed	private
GameTheory/Languages/MAID/CompileObsFacts.lean	1148	L-MAID	theorem	ancestor_assigned	private
GameTheory/Languages/MAID/CompileObsFacts.lean	1163	L-MAID	theorem	ancestor_assigned_of_frontier	private
GameTheory/Languages/MAID/CompileObsFacts.lean	1181	L-MAID	theorem	pureRun_update_nonzero_agree_compiledPR	private
GameTheory/Languages/MAID/CompileObsFacts.lean	1221	L-MAID	theorem	pureRun_update_eq_of_obs_agree_compiledPR	private
GameTheory/Languages/MAID/CompileObsFacts.lean	1270	L-MAID	theorem	cast_dep_apply'	private
GameTheory/Languages/MAID/CompileObsFacts.lean	1276	L-MAID	theorem	cast_dep_apply_trans_heq	private
GameTheory/Languages/MAID/CompileObsFacts.lean	1285	L-MAID	theorem	decision_value_eq_profile_action	private
GameTheory/Languages/MAID/CompileObsFacts.lean	1349	L-MAID	theorem	obs_agree_transfer	private
GameTheory/Languages/MAID/CompileObsFacts.lean	1553	L-MAID	theorem	obsLocalFeasibility_compiledPR	private
GameTheory/Languages/MAID/CompileObsFacts.lean	1575	L-MAID	theorem	actionPosteriorLocal_compiledPR	public
GameTheory/Languages/MAID/Examples.lean	24	L-MAID	def	tinyParents	private
GameTheory/Languages/MAID/Examples.lean	26	L-MAID	theorem	tinyParents_acyclic	private
GameTheory/Languages/MAID/Examples.lean	48	L-MAID	def	tinyStruct	public
GameTheory/Languages/MAID/Examples.lean	70	L-MAID	def	tinySem	public
GameTheory/Languages/MAID/Examples.lean	82	L-MAID	def	tinyPol0	public
GameTheory/Languages/MAID/Examples.lean	88	L-MAID	def	tinyOrder	public
GameTheory/Languages/MAID/Examples.lean	99	L-MAID	def	tinyKG	public
GameTheory/Languages/MAID/FoldEval.lean	41	L-MAID	def	evalStep	public
GameTheory/Languages/MAID/FoldEval.lean	50	L-MAID	def	evalFold	public
GameTheory/Languages/MAID/FoldEval.lean	59	L-MAID	theorem	evalFold_eq_assignProb	public
GameTheory/Languages/MAID/FoldEval.lean	81	L-MAID	theorem	evalAssignDist_eq_evalFold	public
GameTheory/Languages/MAID/FoldEval.lean	91	L-MAID	theorem	evalStep_swap	public
GameTheory/Languages/MAID/FoldEval.lean	105	L-MAID	def	swapAdj	public
GameTheory/Languages/MAID/FoldEval.lean	112	L-MAID	theorem	foldl_swapAdj	public
GameTheory/Languages/MAID/FoldEval.lean	144	L-MAID	theorem	evalFold_swap_adj	public
GameTheory/Languages/MAID/FrontierEval.lean	45	L-MAID	theorem	frontier_noDirectEdge	public
GameTheory/Languages/MAID/FrontierEval.lean	65	L-MAID	theorem	nodeDistPol_eq_nodeDist_extractTAssign	public
GameTheory/Languages/MAID/FrontierEval.lean	98	L-MAID	def	Compatible	public
GameTheory/Languages/MAID/FrontierEval.lean	102	L-MAID	theorem	extractTAssign_eq_of_compatible_univ	public
GameTheory/Languages/MAID/FrontierEval.lean	111	L-MAID	def	frontierOfAssigned	public
GameTheory/Languages/MAID/FrontierEval.lean	116	L-MAID	theorem	frontier_eq_frontierOfAssigned	public
GameTheory/Languages/MAID/FrontierEval.lean	122	L-MAID	def	layerAssigned	public
GameTheory/Languages/MAID/FrontierEval.lean	127	L-MAID	theorem	layerAssigned_n	public
GameTheory/Languages/MAID/FrontierEval.lean	186	L-MAID	def	cfgOfAssign	public
GameTheory/Languages/MAID/FrontierEval.lean	191	L-MAID	theorem	cfgOfAssign_assigned	public
GameTheory/Languages/MAID/FrontierEval.lean	194	L-MAID	theorem	cfgOfAssign_compatible	public
GameTheory/Languages/MAID/FrontierEval.lean	198	L-MAID	theorem	extractTAssign_cfgOfAssign_univ	public
GameTheory/Languages/MAID/FrontierEval.lean	208	L-MAID	theorem	extractTAssign_eq_on_assigned	public
GameTheory/Languages/MAID/FrontierEval.lean	218	L-MAID	theorem	nodeDist_eq_of_parent_agree	public
GameTheory/Languages/MAID/FrontierEval.lean	230	L-MAID	theorem	nodeDistPol_cfgOfAssign_eq_nodeDist	public
GameTheory/Languages/MAID/FrontierEval.lean	249	L-MAID	theorem	extendFrontier_cfgOfAssign_assigned	public
GameTheory/Languages/MAID/FrontierEval.lean	257	L-MAID	theorem	extendFrontier_cfgOfAssign_eq	public
GameTheory/Languages/MAID/FrontierEval.lean	284	L-MAID	def	iterDist	public
GameTheory/Languages/MAID/FrontierEval.lean	288	L-MAID	theorem	iterDist_zero	public
GameTheory/Languages/MAID/FrontierEval.lean	292	L-MAID	theorem	iterDist_succ'	public
GameTheory/Languages/MAID/FrontierEval.lean	299	L-MAID	theorem	initialCfg_eq_cfgOfAssign	public
GameTheory/Languages/MAID/FrontierEval.lean	307	L-MAID	theorem	layerAssigned_zero	public
GameTheory/Languages/MAID/FrontierEval.lean	311	L-MAID	theorem	layerAssigned_succ	public
GameTheory/Languages/MAID/FrontierEval.lean	317	L-MAID	theorem	cfg_eq_cfgOfAssign_extractTAssign	public
GameTheory/Languages/MAID/FrontierEval.lean	336	L-MAID	theorem	frontierStepPol_apply	public
GameTheory/Languages/MAID/FrontierEval.lean	364	L-MAID	theorem	frontierStepPol_cfgOfAssign	public
GameTheory/Languages/MAID/FrontierEval.lean	412	L-MAID	theorem	extendFrontier_ne_cfgOfAssign_of_ne	public
GameTheory/Languages/MAID/FrontierEval.lean	446	L-MAID	theorem	iterDist_assigned	public
GameTheory/Languages/MAID/FrontierEval.lean	486	L-MAID	theorem	iterDist_at_cfgOfAssign	public
GameTheory/Languages/MAID/FrontierEval.lean	592	L-MAID	theorem	frontierEval_eq_evalAssignDist	public
GameTheory/Languages/MAID/FrontierLemmas.lean	41	L-MAID	theorem	frontier_unique_decision_per_player	public
GameTheory/Languages/MAID/FrontierLemmas.lean	66	L-MAID	theorem	restrictCfg_proof_irrel	public
GameTheory/Languages/MAID/FrontierLemmas.lean	81	L-MAID	theorem	infoset_eq_of_same_node	public
GameTheory/Languages/MAID/FrontierLemmas.lean	96	L-MAID	theorem	enabled_of_mem_frontier	public
GameTheory/Languages/MAID/FrontierLemmas.lean	104	L-MAID	theorem	nodeDistPol_at_decision	public
GameTheory/Languages/MAID/FrontierLemmas.lean	124	L-MAID	theorem	frontierActiveInfoset_of_frontier_decision	public
GameTheory/Languages/MAID/FrontierLemmas.lean	172	L-MAID	theorem	frontierActiveInfoset_eq_canonical	public
GameTheory/Languages/MAID/Kuhn.lean	40	L-MAID	def	behavioralPlanMix	public
GameTheory/Languages/MAID/Kuhn.lean	47	L-MAID	theorem	behavioralPlanMix_pureToPolicy	public
GameTheory/Languages/MAID/Kuhn.lean	61	L-MAID	theorem	behavioralPlanMix_congr_coord	public
GameTheory/Languages/MAID/Kuhn.lean	74	L-MAID	theorem	behavioralPlanMix_update_pure_ne	public
GameTheory/Languages/MAID/Kuhn.lean	85	L-MAID	theorem	frontierEval_behavioralPlanMix	public
GameTheory/Languages/MAID/Kuhn.lean	142	L-MAID	theorem	kuhn_behavioral_to_mixed	public
GameTheory/Languages/MAID/Kuhn.lean	157	L-MAID	theorem	isPurePolicyNash_iff_behavioralNash	public
GameTheory/Languages/MAID/Kuhn.lean	243	L-MAID	theorem	kuhn_mixed_to_behavioral	public
GameTheory/Languages/MAID/Prefix.lean	41	L-MAID	def	Struct.NaturalOrder	public
GameTheory/Languages/MAID/Prefix.lean	44	L-MAID	theorem	Struct.NaturalOrder.parents_lt	public
GameTheory/Languages/MAID/Prefix.lean	48	L-MAID	theorem	Struct.NaturalOrder.obsParents_lt	public
GameTheory/Languages/MAID/Prefix.lean	58	L-MAID	def	PrefixAssign	public
GameTheory/Languages/MAID/Prefix.lean	61	L-MAID	instance	<anonymous@61>	public
GameTheory/Languages/MAID/Prefix.lean	64	L-MAID	instance	<anonymous@64>	public
GameTheory/Languages/MAID/Prefix.lean	68	L-MAID	instance	<anonymous@68>	public
GameTheory/Languages/MAID/Prefix.lean	73	L-MAID	def	PrefixAssign.empty	public
GameTheory/Languages/MAID/Prefix.lean	77	L-MAID	def	PrefixAssign.ofTAssign	public
GameTheory/Languages/MAID/Prefix.lean	81	L-MAID	theorem	PrefixAssign.ofTAssign_zero	public
GameTheory/Languages/MAID/Prefix.lean	88	L-MAID	def	PrefixAssign.get	public
GameTheory/Languages/MAID/Prefix.lean	94	L-MAID	def	PrefixAssign.snoc	public
GameTheory/Languages/MAID/Prefix.lean	105	L-MAID	theorem	PrefixAssign.ofTAssign_snoc	public
GameTheory/Languages/MAID/Prefix.lean	121	L-MAID	def	PrefixAssign.toTAssign	public
GameTheory/Languages/MAID/Prefix.lean	127	L-MAID	theorem	PrefixAssign.toTAssign_ofTAssign	public
GameTheory/Languages/MAID/Prefix.lean	136	L-MAID	def	PrefixAssign.extend	public
GameTheory/Languages/MAID/Prefix.lean	140	L-MAID	theorem	PrefixAssign.extend_get	public
GameTheory/Languages/MAID/Prefix.lean	145	L-MAID	theorem	PrefixAssign.extend_default	public
GameTheory/Languages/MAID/Prefix.lean	150	L-MAID	theorem	PrefixAssign.extend_agree	public
GameTheory/Languages/MAID/Prefix.lean	156	L-MAID	theorem	PrefixAssign.empty_extend	public
GameTheory/Languages/MAID/Prefix.lean	161	L-MAID	theorem	PrefixAssign.snoc_extend	public
GameTheory/Languages/MAID/Prefix.lean	184	L-MAID	theorem	PrefixAssign.toTAssign_eq_extend	public
GameTheory/Languages/MAID/Prefix.lean	197	L-MAID	def	projPrefixCfg	public
GameTheory/Languages/MAID/Prefix.lean	209	L-MAID	def	nodeDistPrefix	public
GameTheory/Languages/MAID/Prefix.lean	225	L-MAID	def	evalStepPrefix	public
GameTheory/Languages/MAID/Prefix.lean	235	L-MAID	def	evalFoldPrefix	public
GameTheory/Languages/MAID/Prefix.lean	262	L-MAID	def	evalSegment	public
GameTheory/Languages/MAID/Prefix.lean	287	L-MAID	theorem	projPrefixCfg_eq_projCfg	public
GameTheory/Languages/MAID/Prefix.lean	297	L-MAID	theorem	nodeDistPrefix_eq_nodeDist	public
GameTheory/Languages/MAID/Prefix.lean	323	L-MAID	theorem	evalSegment_eq_pure_of_nodeDist	public
GameTheory/Languages/MAID/Prefix.lean	375	L-MAID	theorem	evalFoldPrefix_eq_pure_of_nodeDist	public
GameTheory/Languages/MAID/Prefix.lean	420	L-MAID	def	Struct.NaturalOrder.toTopologicalOrder	public
GameTheory/Languages/MAID/Prefix.lean	439	L-MAID	theorem	evalStepPrefix_map_extend	private
GameTheory/Languages/MAID/Prefix.lean	475	L-MAID	theorem	evalFoldPrefix_go_map_extend	private
GameTheory/Languages/MAID/Prefix.lean	508	L-MAID	theorem	evalFoldPrefix_eq_evalAssignDist	public
GameTheory/Languages/MAID/Prefix.lean	533	L-MAID	theorem	evalAssignDist_eq_pure_of_nodeDist	public
GameTheory/Languages/MAID/Prefix.lean	543	L-MAID	theorem	evalFoldPrefix_go_eq_evalSegment	private
GameTheory/Languages/MAID/Prefix.lean	563	L-MAID	theorem	evalSegment_toEnd_map_toTAssign	public
GameTheory/Languages/MAID/Prefix.lean	580	L-MAID	theorem	foldl_drop_finRange_eq_pure_of_nodeDist	public
GameTheory/Languages/MAID/Prefix.lean	596	L-MAID	theorem	evalFoldPrefix_eq_evalSegment_full	private
GameTheory/Languages/MAID/Prefix.lean	604	L-MAID	theorem	evalSegment_concat	private
GameTheory/Languages/MAID/Prefix.lean	637	L-MAID	theorem	evalFoldPrefix_eq_segment	public
GameTheory/Languages/MAID/SOS.lean	34	L-MAID	structure	FrontierCfg	public
GameTheory/Languages/MAID/SOS.lean	39	L-MAID	def	initialCfg	public
GameTheory/Languages/MAID/SOS.lean	46	L-MAID	def	enabled	public
GameTheory/Languages/MAID/SOS.lean	50	L-MAID	def	frontier	public
GameTheory/Languages/MAID/SOS.lean	56	L-MAID	def	frontierList	public
GameTheory/Languages/MAID/SOS.lean	62	L-MAID	abbrev	FrontierAct	public
GameTheory/Languages/MAID/SOS.lean	66	L-MAID	def	restrictCfg	public
GameTheory/Languages/MAID/SOS.lean	73	L-MAID	def	frontierInfosets	public
GameTheory/Languages/MAID/SOS.lean	96	L-MAID	def	utilityValue	public
GameTheory/Languages/MAID/SOS.lean	102	L-MAID	abbrev	FrontierValues	public
GameTheory/Languages/MAID/SOS.lean	106	L-MAID	def	extendFrontier	public
GameTheory/Languages/MAID/SOS.lean	119	L-MAID	def	nodeDistrib	public
GameTheory/Languages/MAID/SOS.lean	140	L-MAID	def	FrontierValueAllowed	public
GameTheory/Languages/MAID/SOS.lean	147	L-MAID	inductive	Step	public
GameTheory/Languages/MAID/SOS.lean	157	L-MAID	abbrev	ReachBy	public
GameTheory/Languages/MAID/SOS.lean	166	L-MAID	def	nodeDistPol	public
GameTheory/Languages/MAID/SOS.lean	183	L-MAID	def	frontierStepPol	public
GameTheory/Languages/MAID/SOS.lean	190	L-MAID	def	extractTAssign	public
GameTheory/Languages/MAID/SOS.lean	198	L-MAID	def	frontierEval	public
GameTheory/Languages/MAID/SOS.lean	208	L-MAID	theorem	frontier_not_assigned	public
GameTheory/Languages/MAID/SOS.lean	215	L-MAID	theorem	frontier_sub_extendFrontier_assigned	public
GameTheory/Languages/MAID/SOS.lean	223	L-MAID	theorem	assigned_sub_extendFrontier	public
GameTheory/Languages/MAID/SOS.lean	231	L-MAID	theorem	extendFrontier_vals_injective	public
GameTheory/Languages/MAID/SOS.lean	249	L-MAID	theorem	frontier_eq_of_assigned_eq	public
GameTheory/Languages/MAID/SOS.lean	259	L-MAID	theorem	extendFrontier_preserves_old	public
GameTheory/Languages/MAID/SOS.lean	267	L-MAID	theorem	extendFrontier_sets_frontier	public
GameTheory/Languages/MAID/SOS.lean	276	L-MAID	theorem	frontier_nonempty_of_ne_univ	public
GameTheory/Languages/MAID/Syntax.lean	44	L-MAID	inductive	NodeKind	public
GameTheory/Languages/MAID/Syntax.lean	61	L-MAID	structure	Struct	public
GameTheory/Languages/MAID/Syntax.lean	78	L-MAID	instance	<anonymous@78>	public
GameTheory/Languages/MAID/Syntax.lean	79	L-MAID	instance	<anonymous@79>	public
GameTheory/Languages/MAID/Syntax.lean	80	L-MAID	instance	<anonymous@80>	public
GameTheory/Languages/MAID/Syntax.lean	84	L-MAID	def	Struct.IsAncestor	public
GameTheory/Languages/MAID/Syntax.lean	88	L-MAID	theorem	Struct.isAncestor_irrefl	public
GameTheory/Languages/MAID/Syntax.lean	93	L-MAID	theorem	Struct.parent_isAncestor	public
GameTheory/Languages/MAID/Syntax.lean	98	L-MAID	theorem	Struct.isAncestor_trans	public
GameTheory/Languages/MAID/Syntax.lean	108	L-MAID	abbrev	TopologicalOrder	public
GameTheory/Languages/MAID/Syntax.lean	111	L-MAID	theorem	topologicalOrder_exists	public
GameTheory/Languages/MAID/Syntax.lean	120	L-MAID	abbrev	ChanceNode	public
GameTheory/Languages/MAID/Syntax.lean	123	L-MAID	abbrev	DecisionNode	public
GameTheory/Languages/MAID/Syntax.lean	127	L-MAID	abbrev	UtilityNode	public
GameTheory/Languages/MAID/Syntax.lean	131	L-MAID	abbrev	Cfg	public
GameTheory/Languages/MAID/Syntax.lean	135	L-MAID	abbrev	TAssign	public
GameTheory/Languages/MAID/Syntax.lean	138	L-MAID	def	projCfg	public
GameTheory/Languages/MAID/Syntax.lean	143	L-MAID	def	defaultAssign	public
GameTheory/Languages/MAID/Syntax.lean	151	L-MAID	def	Struct.domainSize	public
GameTheory/Languages/MAID/Syntax.lean	155	L-MAID	theorem	Struct.dom_pos	public
GameTheory/Languages/MAID/Syntax.lean	160	L-MAID	theorem	Struct.utility_domain	public
GameTheory/Languages/MAID/Syntax.lean	166	L-MAID	def	Struct.valEquiv	public
GameTheory/Languages/MAID/Syntax.lean	171	L-MAID	instance	<anonymous@171>	public
GameTheory/Languages/MAID/Syntax.lean	174	L-MAID	instance	<anonymous@174>	public
GameTheory/Languages/MAID/Syntax.lean	177	L-MAID	instance	<anonymous@177>	public
GameTheory/Languages/MAID/Syntax.lean	180	L-MAID	instance	<anonymous@180>	public
GameTheory/Languages/MAID/Syntax.lean	183	L-MAID	instance	<anonymous@183>	public
GameTheory/Languages/MAID/Syntax.lean	186	L-MAID	instance	<anonymous@186>	public
GameTheory/Languages/MAID/Syntax.lean	189	L-MAID	instance	<anonymous@189>	public
GameTheory/Languages/MAID/Syntax.lean	192	L-MAID	instance	<anonymous@192>	public
GameTheory/Languages/MAID/Syntax.lean	196	L-MAID	def	Infoset	public
GameTheory/Languages/MAID/Syntax.lean	199	L-MAID	instance	<anonymous@199>	public
GameTheory/Languages/MAID/Syntax.lean	202	L-MAID	instance	<anonymous@202>	public
GameTheory/Languages/MAID/Syntax.lean	219	L-MAID	def	Struct.PerfectRecall	public
GameTheory/Languages/MAID/Syntax.lean	233	L-MAID	structure	Sem	public
GameTheory/Languages/MAID/Syntax.lean	238	L-MAID	def	PlayerStrategy	public
GameTheory/Languages/MAID/Syntax.lean	242	L-MAID	def	Policy	public
GameTheory/Languages/MAID/Syntax.lean	247	L-MAID	def	defaultPolicy	public
GameTheory/Languages/MAID/Syntax.lean	252	L-MAID	def	nodeDist	public
GameTheory/Languages/MAID/Syntax.lean	260	L-MAID	theorem	nodeDist_chance	public
GameTheory/Languages/MAID/Syntax.lean	273	L-MAID	theorem	nodeDist_decision	public
GameTheory/Languages/MAID/Syntax.lean	288	L-MAID	theorem	nodeDist_utility	public
GameTheory/Languages/MAID/Syntax.lean	302	L-MAID	def	updateAssign	public
GameTheory/Languages/MAID/Syntax.lean	314	L-MAID	def	assignProb	public
GameTheory/Languages/MAID/Syntax.lean	323	L-MAID	theorem	Struct.self_not_parent	private
GameTheory/Languages/MAID/Syntax.lean	328	L-MAID	theorem	topo_later_not_parent	private
GameTheory/Languages/MAID/Syntax.lean	337	L-MAID	theorem	projCfg_update_irrel'	private
GameTheory/Languages/MAID/Syntax.lean	347	L-MAID	theorem	nodeDist_update_irrel'	private
GameTheory/Languages/MAID/Syntax.lean	362	L-MAID	theorem	foldl_evalStep_invariant	private
GameTheory/Languages/MAID/Syntax.lean	593	L-MAID	theorem	bayesian_marginal_fold	public
GameTheory/Languages/MAID/Syntax.lean	612	L-MAID	theorem	assignProb_hasSum	private
GameTheory/Languages/MAID/Syntax.lean	641	L-MAID	def	evalAssignDist	public
GameTheory/Languages/MAID/Syntax.lean	646	L-MAID	def	utilityOf	public
GameTheory/Languages/MAID/Syntax.lean	657	L-MAID	def	toKernelGame	public
GameTheory/Languages/MAID/Syntax.lean	669	L-MAID	def	NoDirectEdge	public
GameTheory/Languages/MAID/Syntax.lean	673	L-MAID	theorem	projCfg_update_irrel	public
GameTheory/Languages/MAID/Syntax.lean	683	L-MAID	theorem	projCfg_update_self	public
GameTheory/Languages/MAID/Syntax.lean	689	L-MAID	theorem	nodeDist_update_irrel	public
GameTheory/Languages/MAID/Syntax.lean	701	L-MAID	theorem	updateAssign_get_ne	public
GameTheory/Languages/MAID/Syntax.lean	707	L-MAID	theorem	updateAssign_get_self	public
GameTheory/Languages/MAID/Syntax.lean	713	L-MAID	theorem	updateAssign_comm	public
GameTheory/Languages/MAID/Syntax.lean	727	L-MAID	def	PureStrategy	public
GameTheory/Languages/MAID/Syntax.lean	731	L-MAID	def	PurePolicy	public
GameTheory/Languages/MAID/Syntax.lean	733	L-MAID	instance	<anonymous@733>	public
GameTheory/Languages/MAID/Syntax.lean	736	L-MAID	instance	<anonymous@736>	public
GameTheory/Languages/MAID/Syntax.lean	739	L-MAID	instance	<anonymous@739>	public
GameTheory/Languages/MAID/Syntax.lean	742	L-MAID	instance	<anonymous@742>	public
GameTheory/Languages/MAID/Syntax.lean	746	L-MAID	def	pureToPlayerStrategy	public
GameTheory/Languages/MAID/Syntax.lean	751	L-MAID	def	pureToPolicy	public
GameTheory/Languages/MAID/Syntax.lean	755	L-MAID	theorem	pureToPolicy_update	public
GameTheory/Languages/MAID/Syntax.lean	768	L-MAID	def	purePolicyKernelGame	public
GameTheory/Languages/MAID/Syntax.lean	779	L-MAID	def	IsPurePolicyNash	public
GameTheory/Languages/MultiRound/AbsentMindedDriver.lean	34	L-ROUND	inductive	AMDState	public
GameTheory/Languages/MultiRound/AbsentMindedDriver.lean	43	L-ROUND	inductive	AMDView	public
GameTheory/Languages/MultiRound/AbsentMindedDriver.lean	49	L-ROUND	inductive	AMDAction	public
GameTheory/Languages/MultiRound/AbsentMindedDriver.lean	55	L-ROUND	def	absentMindedRound₁	public
GameTheory/Languages/MultiRound/AbsentMindedDriver.lean	65	L-ROUND	def	absentMindedRound₂	public
GameTheory/Languages/MultiRound/AbsentMindedDriver.lean	75	L-ROUND	def	absentMindedProtocol	public
GameTheory/Languages/MultiRound/AbsentMindedDriver.lean	82	L-ROUND	theorem	absentMindedProtocol_not_viewDeterminesRound	public
GameTheory/Languages/MultiRound/AbsentMindedDriver.lean	96	L-ROUND	def	absentMindedPayoff	public
GameTheory/Languages/MultiRound/AbsentMindedDriver.lean	105	L-ROUND	def	exAnteValue	public
GameTheory/Languages/MultiRound/AbsentMindedDriver.lean	110	L-ROUND	theorem	exAnteValue_eq_path_sum	public
GameTheory/Languages/MultiRound/AbsentMindedDriver.lean	116	L-ROUND	def	exAnteOptimalContinue	public
GameTheory/Languages/MultiRound/AbsentMindedDriver.lean	119	L-ROUND	theorem	exAnteValue_le_optimal	public
GameTheory/Languages/MultiRound/AbsentMindedDriver.lean	135	L-ROUND	theorem	exAnteValue_lt_optimal	public
GameTheory/Languages/MultiRound/AbsentMindedDriver.lean	146	L-ROUND	theorem	exAnteValue_optimal_value	public
GameTheory/Languages/MultiRound/AbsentMindedDriver.lean	154	L-ROUND	def	decisionValue	public
GameTheory/Languages/MultiRound/AbsentMindedDriver.lean	159	L-ROUND	def	decisionOptimalContinue	public
GameTheory/Languages/MultiRound/AbsentMindedDriver.lean	164	L-ROUND	theorem	decisionValue_le_optimal	public
GameTheory/Languages/MultiRound/AbsentMindedDriver.lean	193	L-ROUND	theorem	decisionValue_lt_optimal	public
GameTheory/Languages/MultiRound/AbsentMindedDriver.lean	208	L-ROUND	theorem	decisionOptimalContinue_at_exAnteOptimal	public
GameTheory/Languages/MultiRound/AbsentMindedDriver.lean	214	L-ROUND	theorem	exAnteOptimalContinue_ne_decisionOptimal	public
GameTheory/Languages/MultiRound/AbsentMindedDriver.lean	218	L-ROUND	theorem	decisionValue_at_exAnte_and_decisionOptimal	public
GameTheory/Languages/MultiRound/AbsentMindedDriver.lean	223	L-ROUND	theorem	decisionValue_at_exAnte_and_exAnteOptimal	public
GameTheory/Languages/MultiRound/AbsentMindedDriver.lean	229	L-ROUND	theorem	decisionValue_exAnteOptimal_lt_decisionOptimal	public
GameTheory/Languages/MultiRound/Compile.lean	43	L-ROUND	structure	PreKernelStep	public
GameTheory/Languages/MultiRound/Compile.lean	54	L-ROUND	abbrev	Policy	public
GameTheory/Languages/MultiRound/Compile.lean	63	L-ROUND	def	jointActDist	public
GameTheory/Languages/MultiRound/Compile.lean	67	L-ROUND	def	stepKernel	public
GameTheory/Languages/MultiRound/Compile.lean	73	L-ROUND	structure	StepwiseGame	public
GameTheory/Languages/MultiRound/Compile.lean	85	L-ROUND	def	runDist	public
GameTheory/Languages/MultiRound/Compile.lean	88	L-ROUND	theorem	runDist_zero	public
GameTheory/Languages/MultiRound/Compile.lean	94	L-ROUND	def	toKernelGame	public
GameTheory/Languages/MultiRound/Compile.lean	100	L-ROUND	theorem	toKernelGame_outcomeKernel	public
GameTheory/Languages/MultiRound/Compile.lean	110	L-ROUND	theorem	pmfPi_pure	public
GameTheory/Languages/MultiRound/Compile.lean	117	L-ROUND	def	constPurePolicy	public
GameTheory/Languages/MultiRound/Compile.lean	120	L-ROUND	theorem	stepKernel_constPure	public
GameTheory/Languages/MultiRound/Compile.lean	129	L-ROUND	def	KernelGame.toOneStepStepwise	public
GameTheory/Languages/MultiRound/Compile.lean	148	L-ROUND	theorem	KernelGame.toOneStepStepwise_runDist_constPure	public
GameTheory/Languages/MultiRound/Compile.lean	163	L-ROUND	def	KernelGame.toOneStepStepwise_morphism	public
GameTheory/Languages/MultiRound/Compile.lean	201	L-ROUND	def	compileInfoOn	public
GameTheory/Languages/MultiRound/Compile.lean	211	L-ROUND	theorem	compile_step_iff	public
GameTheory/Languages/MultiRound/Compile.lean	220	L-ROUND	theorem	compile_reach_iff	public
GameTheory/Languages/MultiRound/Compile.lean	229	L-ROUND	theorem	compile_observe_eq_observe	public
GameTheory/Languages/MultiRound/Compile.lean	236	L-ROUND	theorem	compile_publicView_eq_publicPhase	public
GameTheory/Languages/MultiRound/Compile.lean	245	L-ROUND	def	nativeInfoBisimulation	public
GameTheory/Languages/MultiRound/CompileObs.lean	36	L-ROUND	def	configStepPMF	public
GameTheory/Languages/MultiRound/CompileObs.lean	64	L-ROUND	def	compileObsModel	public
GameTheory/Languages/MultiRound/CompileObs.lean	78	L-ROUND	theorem	pure_ne_zero_iff	private
GameTheory/Languages/MultiRound/CompileObs.lean	85	L-ROUND	theorem	compileObsModel_step_consistent	public
GameTheory/Languages/MultiRound/CompileObs.lean	167	L-ROUND	theorem	configStepPMF_mass_invariant	public
GameTheory/Languages/MultiRound/CompileObs.lean	204	L-ROUND	def	compileObsModelCore	public
GameTheory/Languages/MultiRound/CompileObs.lean	216	L-ROUND	abbrev	compiledCoreObs	public
GameTheory/Languages/MultiRound/CompileObsLin.lean	62	L-ROUND	inductive	LinConfig	public
GameTheory/Languages/MultiRound/CompileObsLin.lean	71	L-ROUND	def	linInitialConfig	public
GameTheory/Languages/MultiRound/CompileObsLin.lean	81	L-ROUND	abbrev	RoundView	public
GameTheory/Languages/MultiRound/CompileObsLin.lean	86	L-ROUND	def	linObserve	public
GameTheory/Languages/MultiRound/CompileObsLin.lean	100	L-ROUND	def	LinAct	public
GameTheory/Languages/MultiRound/CompileObsLin.lean	104	L-ROUND	instance	linActFintype	public
GameTheory/Languages/MultiRound/CompileObsLin.lean	108	L-ROUND	instance	linActNonempty	public
GameTheory/Languages/MultiRound/CompileObsLin.lean	119	L-ROUND	def	advancePlayerTurn	public
GameTheory/Languages/MultiRound/CompileObsLin.lean	130	L-ROUND	def	extractPlayerAction	public
GameTheory/Languages/MultiRound/CompileObsLin.lean	150	L-ROUND	def	linConfigStepPMF	public
GameTheory/Languages/MultiRound/CompileObsLin.lean	195	L-ROUND	def	compileObsModelCoreLin	public
GameTheory/Languages/MultiRound/CompileObsLin.lean	208	L-ROUND	abbrev	compiledLinObs	public
GameTheory/Languages/MultiRound/CompileObsLin.lean	216	L-ROUND	instance	compiledLinObs_infoState_fintype	public
GameTheory/Languages/MultiRound/CompileObsLin.lean	221	L-ROUND	instance	compiledLinObs_infoState_decidableEq	public
GameTheory/Languages/MultiRound/CompileObsLin.lean	226	L-ROUND	instance	compiledLinObs_localStrategy_fintype	public
GameTheory/Languages/MultiRound/CompileObsLin.lean	239	L-ROUND	theorem	linObserve_ne_acting	public
GameTheory/Languages/MultiRound/CompileObsLin.lean	245	L-ROUND	theorem	pure_ne_zero_iff'	public
GameTheory/Languages/MultiRound/CompileObsLin.lean	252	L-ROUND	theorem	advancePlayerTurn_mass_invariant	private
GameTheory/Languages/MultiRound/CompileObsLin.lean	267	L-ROUND	theorem	advancePlayerTurn_accActs_eq	private
GameTheory/Languages/MultiRound/CompileObsLin.lean	293	L-ROUND	theorem	linConfigStepPMF_mass_invariant	private
GameTheory/Languages/MultiRound/CompileObsLin.lean	314	L-ROUND	theorem	stepMassInvariant_compiledLin	public
GameTheory/Languages/MultiRound/CompileObsLin.lean	324	L-ROUND	theorem	extractPlayerAction_congr	private
GameTheory/Languages/MultiRound/CompileObsLin.lean	337	L-ROUND	theorem	linConfigStepPMF_playerTurn_congr	private
GameTheory/Languages/MultiRound/CompileObsLin.lean	353	L-ROUND	theorem	linAct_eq_punit_of_ne	private
GameTheory/Languages/MultiRound/CompileObsLin.lean	370	L-ROUND	theorem	cast_dep_apply	private
GameTheory/Languages/MultiRound/CompileObsLin.lean	376	L-ROUND	theorem	pureStep_compiledLin_eq	public
GameTheory/Languages/MultiRound/CompileObsLin.lean	390	L-ROUND	theorem	pureStep_congr_compiledLin	private
GameTheory/Languages/MultiRound/CompileObsLin.lean	403	L-ROUND	theorem	stepSupportFactorization_compiledLin	public
GameTheory/Languages/MultiRound/CompileObsLin.lean	476	L-ROUND	theorem	getElem_concat_left	private
GameTheory/Languages/MultiRound/CompileObsLin.lean	485	L-ROUND	theorem	pureRun_update_eq_of_obs_agree	public
GameTheory/Languages/MultiRound/CompileObsLin.lean	534	L-ROUND	theorem	lastState_take_eq_getElem	public
GameTheory/Languages/MultiRound/CompileObsLin.lean	546	L-ROUND	theorem	pureRun_update_nonzero_agree	public
GameTheory/Languages/MultiRound/CompileObsLin.lean	626	L-ROUND	def	viewRound	public
GameTheory/Languages/MultiRound/CompileObsLin.lean	634	L-ROUND	theorem	viewRound_eq	public
GameTheory/Languages/MultiRound/CompileObsLin.lean	655	L-ROUND	def	liftLocalStrategy	public
GameTheory/Languages/MultiRound/CompileObsLin.lean	663	L-ROUND	def	liftPureProfile	public
GameTheory/Languages/MultiRound/CompileObsLin.lean	670	L-ROUND	def	descendLocalStrategy	public
GameTheory/Languages/MultiRound/CompileObsLin.lean	676	L-ROUND	def	descendPureProfile	public
GameTheory/Languages/MultiRound/CompileObsLin.lean	683	L-ROUND	theorem	descendLocalStrategy_liftLocalStrategy	public
GameTheory/Languages/MultiRound/CompileObsLin.lean	690	L-ROUND	theorem	descendPureProfile_liftPureProfile	public
GameTheory/Languages/MultiRound/CompileObsLin.lean	703	L-ROUND	def	liftBehavioralStrategy	public
GameTheory/Languages/MultiRound/CompileObsLin.lean	710	L-ROUND	def	liftBehavioralProfile	public
GameTheory/Languages/MultiRound/CompileObsLin.lean	717	L-ROUND	def	descendBehavioralProfile	public
GameTheory/Languages/MultiRound/CompileObsLin.lean	724	L-ROUND	theorem	descendBehavioralProfile_liftBehavioralProfile	public
GameTheory/Languages/MultiRound/CompileObsLin.lean	732	L-ROUND	def	descendBehavioralProfileVRD	public
GameTheory/Languages/MultiRound/CompileObsLin.lean	740	L-ROUND	theorem	descendBehavioralProfileVRD_liftBehavioralProfile	public
GameTheory/Languages/MultiRound/CompileObsLin.lean	752	L-ROUND	def	liftMixedProfile	public
GameTheory/Languages/MultiRound/CompileObsLin.lean	759	L-ROUND	theorem	liftMixedProfile_joint	public
GameTheory/Languages/MultiRound/CompileObsLinAdequacy.lean	38	L-ROUND	def	LinConfig.state	public
GameTheory/Languages/MultiRound/CompileObsLinAdequacy.lean	49	L-ROUND	def	evalLinearized	public
GameTheory/Languages/MultiRound/CompileObsLinAdequacy.lean	61	L-ROUND	theorem	pmf_foldl_bind	private
GameTheory/Languages/MultiRound/CompileObsLinAdequacy.lean	75	L-ROUND	theorem	evalRounds_cons	private
GameTheory/Languages/MultiRound/CompileObsLinAdequacy.lean	82	L-ROUND	theorem	pmf_foldl_bind_mixed	private
GameTheory/Languages/MultiRound/CompileObsLinAdequacy.lean	96	L-ROUND	theorem	evalRoundsMixed_cons	private
GameTheory/Languages/MultiRound/CompileObsLinAdequacy.lean	103	L-ROUND	theorem	evalLinearized_eq_evalRounds	private
GameTheory/Languages/MultiRound/CompileObsLinAdequacy.lean	117	L-ROUND	theorem	evalLinearized_eq_eval	public
GameTheory/Languages/MultiRound/CompileObsLinAdequacy.lean	124	L-ROUND	def	resolveActions	public
GameTheory/Languages/MultiRound/CompileObsLinAdequacy.lean	138	L-ROUND	theorem	resolveActions_spec	private
GameTheory/Languages/MultiRound/CompileObsLinAdequacy.lean	161	L-ROUND	theorem	resolveActions_eq	public
GameTheory/Languages/MultiRound/CompileObsLinAdequacy.lean	174	L-ROUND	def	evalFromCfg	public
GameTheory/Languages/MultiRound/CompileObsLinAdequacy.lean	193	L-ROUND	theorem	evalFromCfg_init	public
GameTheory/Languages/MultiRound/CompileObsLinAdequacy.lean	210	L-ROUND	theorem	extractPlayerAction_lift	private
GameTheory/Languages/MultiRound/CompileObsLinAdequacy.lean	238	L-ROUND	theorem	stepPMF_bind_evalFromCfg	private
GameTheory/Languages/MultiRound/CompileObsLinAdequacy.lean	357	L-ROUND	theorem	lastState_snoc	private
GameTheory/Languages/MultiRound/CompileObsLinAdequacy.lean	362	L-ROUND	theorem	runDistPure_bind_evalFromCfg	public
GameTheory/Languages/MultiRound/CompileObsLinAdequacy.lean	389	L-ROUND	def	LinConfig.isDone	public
GameTheory/Languages/MultiRound/CompileObsLinAdequacy.lean	397	L-ROUND	def	LinConfig.phase	public
GameTheory/Languages/MultiRound/CompileObsLinAdequacy.lean	403	L-ROUND	theorem	evalFromCfg_of_isDone	private
GameTheory/Languages/MultiRound/CompileObsLinAdequacy.lean	426	L-ROUND	theorem	isDone_of_phase_ge	private
GameTheory/Languages/MultiRound/CompileObsLinAdequacy.lean	454	L-ROUND	theorem	phase_init_le	private
GameTheory/Languages/MultiRound/CompileObsLinAdequacy.lean	460	L-ROUND	theorem	isDone_step_of_isDone	public
GameTheory/Languages/MultiRound/CompileObsLinAdequacy.lean	485	L-ROUND	theorem	phase_step_progress	public
GameTheory/Languages/MultiRound/CompileObsLinAdequacy.lean	557	L-ROUND	theorem	PMF.bind_congr_support	private
GameTheory/Languages/MultiRound/CompileObsLinAdequacy.lean	566	L-ROUND	theorem	isDone_of_reachable	private
GameTheory/Languages/MultiRound/CompileObsLinAdequacy.lean	616	L-ROUND	theorem	runDistPure_eq_eval	public
GameTheory/Languages/MultiRound/CompileObsLinAdequacy.lean	642	L-ROUND	def	resolveActionsMixed	public
GameTheory/Languages/MultiRound/CompileObsLinAdequacy.lean	654	L-ROUND	theorem	resolveActionsMixed_gen	private
GameTheory/Languages/MultiRound/CompileObsLinAdequacy.lean	718	L-ROUND	theorem	resolveActionsMixed_eq_pmfPi	public
GameTheory/Languages/MultiRound/CompileObsLinAdequacy.lean	728	L-ROUND	def	evalFromCfgMixed	public
GameTheory/Languages/MultiRound/CompileObsLinAdequacy.lean	747	L-ROUND	theorem	evalFromCfgMixed_init	public
GameTheory/Languages/MultiRound/CompileObsLinAdequacy.lean	764	L-ROUND	theorem	evalFromCfgMixed_of_isDone	private
GameTheory/Languages/MultiRound/CompileObsLinAdequacy.lean	796	L-ROUND	theorem	stepDist_support_subset_step_support	private
GameTheory/Languages/MultiRound/CompileObsLinAdequacy.lean	806	L-ROUND	theorem	isDone_of_reachable_behavioral	private
GameTheory/Languages/MultiRound/CompileObsLinAdequacy.lean	849	L-ROUND	theorem	stepDist_liftBehavioral_bind_evalFromCfgMixed	private
GameTheory/Languages/MultiRound/CompileObsLinAdequacy.lean	1100	L-ROUND	theorem	runDist_liftBehavioral_bind_evalFromCfgMixed	public
GameTheory/Languages/MultiRound/CompileObsLinAdequacy.lean	1116	L-ROUND	theorem	runDist_liftBehavioral_extractState_eq_evalMixed	public
GameTheory/Languages/MultiRound/CompileObsLinRecall.lean	44	L-ROUND	theorem	linObserve_some_playerTurn	public
GameTheory/Languages/MultiRound/CompileObsLinRecall.lean	72	L-ROUND	theorem	not_isDone_of_linObserve_some	private
GameTheory/Languages/MultiRound/CompileObsLinRecall.lean	84	L-ROUND	theorem	phase_of_linObserve_some	private
GameTheory/Languages/MultiRound/CompileObsLinRecall.lean	93	L-ROUND	theorem	not_isDone_of_later_not_isDone	private
GameTheory/Languages/MultiRound/CompileObsLinRecall.lean	123	L-ROUND	theorem	phase_strict_mono_of_not_done	private
GameTheory/Languages/MultiRound/CompileObsLinRecall.lean	148	L-ROUND	theorem	phase_eq_index	private
GameTheory/Languages/MultiRound/CompileObsLinRecall.lean	189	L-ROUND	theorem	linObserve_of_phase_eq	private
GameTheory/Languages/MultiRound/CompileObsLinRecall.lean	263	L-ROUND	theorem	earlier_i_step_exists	private
GameTheory/Languages/MultiRound/CompileObsLinRecall.lean	297	L-ROUND	theorem	unique_i_step_position	private
GameTheory/Languages/MultiRound/CompileObsLinRecall.lean	330	L-ROUND	theorem	round_lt_of_earlier_step	private
GameTheory/Languages/MultiRound/CompileObsLinRecall.lean	358	L-ROUND	theorem	fullRecall_view_action_match	private
GameTheory/Languages/MultiRound/CompileObsLinRecall.lean	430	L-ROUND	theorem	projectStates_eq_lastObs	public
GameTheory/Languages/MultiRound/CompileObsLinRecall.lean	451	L-ROUND	theorem	obsLocalFeasibility_of_fullRecall	public
GameTheory/Languages/MultiRound/CompileObsLinRecall.lean	534	L-ROUND	theorem	noNontrivialInfoStateRepeat_compiledLin	public
GameTheory/Languages/MultiRound/CompileObsLinRecall.lean	594	L-ROUND	theorem	liftBehavioralProfile_descendVRD_agree	public
GameTheory/Languages/MultiRound/CompileObsLinRecall.lean	648	L-ROUND	def	descendLocalStrategyVRD	public
GameTheory/Languages/MultiRound/CompileObsLinRecall.lean	655	L-ROUND	def	descendPureProfileVRD	public
GameTheory/Languages/MultiRound/CompileObsLinRecall.lean	664	L-ROUND	theorem	liftPureProfile_descendVRD_agree	public
GameTheory/Languages/MultiRound/Kuhn.lean	55	L-ROUND	abbrev	compiledCoreObs'	public
GameTheory/Languages/MultiRound/Kuhn.lean	61	L-ROUND	theorem	kuhn_behavioral_to_mixed_core	public
GameTheory/Languages/MultiRound/Kuhn.lean	80	L-ROUND	theorem	stepMassInvariant_compiledCore	public
GameTheory/Languages/MultiRound/Kuhn.lean	101	L-ROUND	abbrev	compiledLinObs'	public
GameTheory/Languages/MultiRound/Kuhn.lean	110	L-ROUND	theorem	kuhn_mixed_to_behavioral_compiledLin	public
GameTheory/Languages/MultiRound/Kuhn.lean	137	L-ROUND	theorem	actionPosteriorLocal_of_fullRecall	public
GameTheory/Languages/MultiRound/Kuhn.lean	151	L-ROUND	theorem	kuhn_mixed_to_behavioral_fullRecall	public
GameTheory/Languages/MultiRound/Kuhn.lean	168	L-ROUND	def	extractState	private
GameTheory/Languages/MultiRound/Kuhn.lean	178	L-ROUND	theorem	kuhn_mixed_to_behavioral_native	public
GameTheory/Languages/MultiRound/Kuhn.lean	218	L-ROUND	theorem	kuhn_mixed_to_behavioral_sequential	public
GameTheory/Languages/MultiRound/Kuhn.lean	266	L-ROUND	theorem	kuhn_behavioral_to_mixed_compiledLin	public
GameTheory/Languages/MultiRound/Kuhn.lean	284	L-ROUND	theorem	kuhn_behavioral_to_mixed_sequential	public
GameTheory/Languages/MultiRound/RepeatedGame.lean	47	L-ROUND	structure	RepeatedGame	public
GameTheory/Languages/MultiRound/RepeatedGame.lean	58	L-ROUND	abbrev	stageKernelGame	public
GameTheory/Languages/MultiRound/RepeatedGame.lean	62	L-ROUND	abbrev	History	public
GameTheory/Languages/MultiRound/RepeatedGame.lean	66	L-ROUND	abbrev	Strategy	public
GameTheory/Languages/MultiRound/RepeatedGame.lean	70	L-ROUND	abbrev	RProfile	public
GameTheory/Languages/MultiRound/RepeatedGame.lean	74	L-ROUND	def	roundPayoff	public
GameTheory/Languages/MultiRound/RepeatedGame.lean	78	L-ROUND	abbrev	play	public
GameTheory/Languages/MultiRound/RepeatedGame.lean	83	L-ROUND	abbrev	constStrategy	public
GameTheory/Languages/MultiRound/RepeatedGame.lean	90	L-ROUND	abbrev	discountedPayoff	public
GameTheory/Languages/MultiRound/RepeatedGame.lean	95	L-ROUND	abbrev	discountedKernelGame	public
GameTheory/Languages/MultiRound/RepeatedGame.lean	99	L-ROUND	theorem	play_constStrategy	public
GameTheory/Languages/MultiRound/RepeatedGame.lean	106	L-ROUND	theorem	play_update_constStrategy	public
GameTheory/Languages/MultiRound/RepeatedGame.lean	116	L-ROUND	theorem	summable_discounted_stageUtil_of_abs_bound	public
GameTheory/Languages/MultiRound/RepeatedGame.lean	131	L-ROUND	theorem	discountedPayoff_le_of_forall_stageUtil_le	public
GameTheory/Languages/MultiRound/RepeatedGame.lean	152	L-ROUND	theorem	discountedPayoff_constStrategy	public
GameTheory/Languages/MultiRound/RepeatedGame.lean	163	L-ROUND	theorem	constStrategy_isDiscountedNash	public
GameTheory/Languages/MultiRound/SOS.lean	31	L-ROUND	abbrev	JointSignal	public
GameTheory/Languages/MultiRound/SOS.lean	34	L-ROUND	abbrev	JointControl	public
GameTheory/Languages/MultiRound/SOS.lean	37	L-ROUND	inductive	Config	public
GameTheory/Languages/MultiRound/SOS.lean	48	L-ROUND	def	state	public
GameTheory/Languages/MultiRound/SOS.lean	55	L-ROUND	def	round?	public
GameTheory/Languages/MultiRound/SOS.lean	64	L-ROUND	def	initialConfig	public
GameTheory/Languages/MultiRound/SOS.lean	72	L-ROUND	inductive	Step	public
GameTheory/Languages/MultiRound/SOS.lean	102	L-ROUND	abbrev	ReachBy	public
GameTheory/Languages/MultiRound/SOS.lean	106	L-ROUND	inductive	PublicPhase	public
GameTheory/Languages/MultiRound/SOS.lean	113	L-ROUND	def	publicPhase	public
GameTheory/Languages/MultiRound/SOS.lean	121	L-ROUND	def	observe	public
GameTheory/Languages/MultiRound/SOS.lean	129	L-ROUND	theorem	observe_signal	public
GameTheory/Languages/MultiRound/SOS.lean	132	L-ROUND	theorem	observe_terminal	public
GameTheory/Languages/MultiRound/SOS.lean	135	L-ROUND	theorem	publicPhase_signal	public
GameTheory/Languages/MultiRound/SOS.lean	138	L-ROUND	theorem	publicPhase_action	public
GameTheory/Languages/MultiRound/SOS.lean	141	L-ROUND	theorem	publicPhase_terminal	public
GameTheory/Languages/MultiRound/StochasticGame.lean	38	L-ROUND	structure	StochasticGame	public
GameTheory/Languages/MultiRound/StochasticGame.lean	57	L-ROUND	abbrev	MarkovStrategy	public
GameTheory/Languages/MultiRound/StochasticGame.lean	60	L-ROUND	abbrev	MarkovProfile	public
GameTheory/Languages/MultiRound/StochasticGame.lean	63	L-ROUND	def	stageEU	public
GameTheory/Languages/MultiRound/StochasticGame.lean	71	L-ROUND	def	IsStagewiseNash	public
GameTheory/Languages/MultiRound/StochasticGame.lean	78	L-ROUND	def	stageKernelGame	public
GameTheory/Languages/MultiRound/StochasticGame.lean	84	L-ROUND	theorem	isStagewiseNash_iff_all_stage_nash	public
GameTheory/Languages/MultiRound/Syntax.lean	62	L-ROUND	structure	Round	public
GameTheory/Languages/MultiRound/Syntax.lean	76	L-ROUND	structure	MultiRoundGame	public
GameTheory/Languages/MultiRound/Syntax.lean	87	L-ROUND	abbrev	PureStrategy	public
GameTheory/Languages/MultiRound/Syntax.lean	90	L-ROUND	abbrev	PureProfile	public
GameTheory/Languages/MultiRound/Syntax.lean	93	L-ROUND	abbrev	BehavioralStrategy	public
GameTheory/Languages/MultiRound/Syntax.lean	96	L-ROUND	abbrev	BehavioralProfile	public
GameTheory/Languages/MultiRound/Syntax.lean	106	L-ROUND	def	Round.eval	public
GameTheory/Languages/MultiRound/Syntax.lean	112	L-ROUND	def	Round.evalMixed	public
GameTheory/Languages/MultiRound/Syntax.lean	120	L-ROUND	def	evalRounds	public
GameTheory/Languages/MultiRound/Syntax.lean	125	L-ROUND	def	MultiRoundGame.eval	public
GameTheory/Languages/MultiRound/Syntax.lean	130	L-ROUND	def	evalRoundsMixed	public
GameTheory/Languages/MultiRound/Syntax.lean	136	L-ROUND	def	MultiRoundGame.evalMixed	public
GameTheory/Languages/MultiRound/Syntax.lean	145	L-ROUND	def	PureStrategy.toBehavioral	public
GameTheory/Languages/MultiRound/Syntax.lean	150	L-ROUND	def	PureProfile.toBehavioral	public
GameTheory/Languages/MultiRound/Syntax.lean	159	L-ROUND	theorem	PureStrategy.toBehavioral_apply	public
GameTheory/Languages/MultiRound/Syntax.lean	163	L-ROUND	theorem	PureProfile.toBehavioral_apply	public
GameTheory/Languages/MultiRound/Syntax.lean	172	L-ROUND	structure	RoundRecord	public
GameTheory/Languages/MultiRound/Syntax.lean	177	L-ROUND	def	Round.playerView	public
GameTheory/Languages/MultiRound/Syntax.lean	181	L-ROUND	structure	ExecRecord	public
GameTheory/Languages/MultiRound/Syntax.lean	185	L-ROUND	def	ExecRecord.toRound	public
GameTheory/Languages/MultiRound/Syntax.lean	193	L-ROUND	def	MultiRoundGame.PerfectRecall	public
GameTheory/Languages/MultiRound/Syntax.lean	210	L-ROUND	def	MultiRoundGame.FullRecall	public
GameTheory/Languages/MultiRound/Syntax.lean	223	L-ROUND	theorem	MultiRoundGame.FullRecall.toPerfectRecall	public
GameTheory/Languages/MultiRound/Syntax.lean	233	L-ROUND	def	MultiRoundGame.ViewDeterminesRound	public
GameTheory/Languages/MultiRound/Syntax.lean	244	L-ROUND	def	MultiRoundGame.toGameForm	public
GameTheory/Languages/MultiRound/Syntax.lean	251	L-ROUND	def	MultiRoundGame.toKernelGame	public
GameTheory/Languages/MultiRound/Syntax.lean	258	L-ROUND	theorem	MultiRoundGame.toKernelGame_toGameForm	public
GameTheory/Languages/NFG/CheapTalkExamples.lean	26	L-NFG	def	extension	public
GameTheory/Languages/NFG/CheapTalkExamples.lean	31	L-NFG	abbrev	game	public
GameTheory/Languages/NFG/CheapTalkExamples.lean	36	L-NFG	theorem	opera_babbling_nash	public
GameTheory/Languages/NFG/CheapTalkExamples.lean	43	L-NFG	theorem	football_babbling_nash	public
GameTheory/Languages/NFG/Compile.lean	36	L-NFG	def	NFGGame.toKernelGame	public
GameTheory/Languages/NFG/Compile.lean	44	L-NFG	theorem	NFGGame.toKernelGame_outcomeKernel	public
GameTheory/Languages/NFG/Compile.lean	48	L-NFG	theorem	IsNashPure_iff_kernelGame	public
GameTheory/Languages/NFG/Compile.lean	54	L-NFG	theorem	IsDominant_iff_kernelGame	public
GameTheory/Languages/NFG/Compile.lean	60	L-NFG	theorem	NFGGame.toKernelGame_udist	public
GameTheory/Languages/NFG/Compile.lean	69	L-NFG	abbrev	MixedProfile	public
GameTheory/Languages/NFG/Compile.lean	73	L-NFG	def	NFGGame.toMixedKernelGame	public
GameTheory/Languages/NFG/Compile.lean	77	L-NFG	theorem	NFGGame.toMixedKernelGame_eq_mixedExtension	public
GameTheory/Languages/NFG/Compile.lean	82	L-NFG	def	IsNashMixed	public
GameTheory/Languages/NFG/Compile.lean	89	L-NFG	def	NFGGame.toMixed_morphism	public
GameTheory/Languages/NFG/CountableExample.lean	27	L-NFG	def	natChoose	public
GameTheory/Languages/NFG/CountableExample.lean	33	L-NFG	def	natChoose_zero	public
GameTheory/Languages/NFG/CountableExample.lean	37	L-NFG	theorem	natChoose_zero_is_nash	public
GameTheory/Languages/NFG/CountableExample.lean	46	L-NFG	theorem	natChoose_zero_dominant_0	public
GameTheory/Languages/NFG/Examples.lean	27	L-NFG	inductive	PDAction	public
GameTheory/Languages/NFG/Examples.lean	36	L-NFG	def	prisonersDilemma	public
GameTheory/Languages/NFG/Examples.lean	51	L-NFG	def	pd_defect_defect	public
GameTheory/Languages/NFG/Examples.lean	55	L-NFG	theorem	pd_defect_is_nash	public
GameTheory/Languages/NFG/Examples.lean	61	L-NFG	def	pd_coop_coop	public
GameTheory/Languages/NFG/Examples.lean	65	L-NFG	theorem	pd_coop_not_nash	public
GameTheory/Languages/NFG/Examples.lean	75	L-NFG	inductive	MPAction	public
GameTheory/Languages/NFG/Examples.lean	84	L-NFG	def	matchingPennies	public
GameTheory/Languages/NFG/Examples.lean	99	L-NFG	theorem	matchingPennies_no_pure_nash	public
GameTheory/Languages/NFG/Examples.lean	127	L-NFG	inductive	SHAction	public
GameTheory/Languages/NFG/Examples.lean	139	L-NFG	def	stagHunt	public
GameTheory/Languages/NFG/Examples.lean	152	L-NFG	def	sh_stag_stag	public
GameTheory/Languages/NFG/Examples.lean	156	L-NFG	def	sh_hare_hare	public
GameTheory/Languages/NFG/Examples.lean	160	L-NFG	theorem	sh_stag_is_nash	public
GameTheory/Languages/NFG/Examples.lean	166	L-NFG	theorem	sh_hare_is_nash	public
GameTheory/Languages/NFG/Examples.lean	173	L-NFG	theorem	sh_stag_hare_not_nash	public
GameTheory/Languages/NFG/Examples.lean	188	L-NFG	inductive	HDAction	public
GameTheory/Languages/NFG/Examples.lean	200	L-NFG	def	hawkDove	public
GameTheory/Languages/NFG/Examples.lean	213	L-NFG	def	hd_hawk_dove	public
GameTheory/Languages/NFG/Examples.lean	217	L-NFG	def	hd_dove_hawk	public
GameTheory/Languages/NFG/Examples.lean	221	L-NFG	theorem	hd_hawk_dove_is_nash	public
GameTheory/Languages/NFG/Examples.lean	227	L-NFG	theorem	hd_dove_hawk_is_nash	public
GameTheory/Languages/NFG/Examples.lean	239	L-NFG	inductive	BoSAction	public
GameTheory/Languages/NFG/Examples.lean	251	L-NFG	def	battleOfTheSexes	public
GameTheory/Languages/NFG/Examples.lean	263	L-NFG	def	bos_opera_opera	public
GameTheory/Languages/NFG/Examples.lean	267	L-NFG	def	bos_football_football	public
GameTheory/Languages/NFG/Examples.lean	271	L-NFG	theorem	bos_opera_is_nash	public
GameTheory/Languages/NFG/Examples.lean	277	L-NFG	theorem	bos_football_is_nash	public
GameTheory/Languages/NFG/Examples.lean	290	L-NFG	inductive	DGAction	public
GameTheory/Languages/NFG/Examples.lean	300	L-NFG	def	dictatorGame	public
GameTheory/Languages/NFG/Examples.lean	313	L-NFG	def	dg_keep_all	public
GameTheory/Languages/NFG/Examples.lean	318	L-NFG	theorem	dg_keep_is_nash	public
GameTheory/Languages/NFG/Examples.lean	325	L-NFG	theorem	dg_giveAll_not_nash	public
GameTheory/Languages/NFG/Examples.lean	343	L-NFG	inductive	TDAction	public
GameTheory/Languages/NFG/Examples.lean	356	L-NFG	def	travelersDilemma	public
GameTheory/Languages/NFG/Examples.lean	369	L-NFG	def	td_claim2_claim2	public
GameTheory/Languages/NFG/Examples.lean	374	L-NFG	theorem	td_claim2_is_nash	public
GameTheory/Languages/NFG/Examples.lean	388	L-NFG	inductive	CournotQty	public
GameTheory/Languages/NFG/Examples.lean	398	L-NFG	def	cournotProfit	public
GameTheory/Languages/NFG/Examples.lean	404	L-NFG	def	cournotDuopoly	public
GameTheory/Languages/NFG/Examples.lean	412	L-NFG	def	cournot_q2_q2	public
GameTheory/Languages/NFG/Examples.lean	416	L-NFG	theorem	cournot_q2_q2_is_nash	public
GameTheory/Languages/NFG/Examples.lean	446	L-NFG	inductive	BraessRAction	public
GameTheory/Languages/NFG/Examples.lean	450	L-NFG	inductive	BraessAAction	public
GameTheory/Languages/NFG/Examples.lean	455	L-NFG	def	braessRestricted	public
GameTheory/Languages/NFG/Examples.lean	466	L-NFG	def	braessAugmented	public
GameTheory/Languages/NFG/Examples.lean	486	L-NFG	theorem	braessRestricted_aa_is_nash	public
GameTheory/Languages/NFG/Examples.lean	494	L-NFG	theorem	braessAugmented_cc_is_nash	public
GameTheory/Languages/NFG/Examples.lean	502	L-NFG	theorem	braessAugmented_aa_not_nash	public
GameTheory/Languages/NFG/Examples.lean	516	L-NFG	theorem	braess_welfare_decreases	public
GameTheory/Languages/NFG/Examples.lean	546	L-NFG	inductive	BertrandPrice	public
GameTheory/Languages/NFG/Examples.lean	551	L-NFG	def	BertrandPrice.toReal	public
GameTheory/Languages/NFG/Examples.lean	556	L-NFG	def	bertrandProfit	public
GameTheory/Languages/NFG/Examples.lean	568	L-NFG	def	bertrandDuopoly	public
GameTheory/Languages/NFG/Examples.lean	576	L-NFG	def	bertrand_p2_p2	public
GameTheory/Languages/NFG/Examples.lean	580	L-NFG	def	bertrand_p1_p1	public
GameTheory/Languages/NFG/Examples.lean	584	L-NFG	theorem	bertrand_p2_is_nash	public
GameTheory/Languages/NFG/Examples.lean	592	L-NFG	theorem	bertrand_p1_is_nash	public
GameTheory/Languages/NFG/Examples.lean	602	L-NFG	theorem	pd_defect_udist	public
GameTheory/Languages/NFG/Examples.lean	609	L-NFG	theorem	pd_defect_isNashFor_eu	public
GameTheory/Languages/NFG/Examples.lean	616	L-NFG	theorem	pd_defect_isDominantFor_eu	public
GameTheory/Languages/NFG/MatchingPenniesMixed.lean	32	L-NFG	instance	<anonymous@32>	private
GameTheory/Languages/NFG/MatchingPenniesMixed.lean	34	L-NFG	instance	matchingPenniesOutcomeFintype	private
GameTheory/Languages/NFG/MatchingPenniesMixed.lean	39	L-NFG	instance	matchingPenniesOutcomeFinite	private
GameTheory/Languages/NFG/MatchingPenniesMixed.lean	43	L-NFG	instance	matchingPenniesStrategyNonempty	private
GameTheory/Languages/NFG/MatchingPenniesMixed.lean	47	L-NFG	instance	matchingPenniesStrategyFintype	private
GameTheory/Languages/NFG/MatchingPenniesMixed.lean	55	L-NFG	def	matchingPenniesLabels	private
GameTheory/Languages/NFG/MatchingPenniesMixed.lean	74	L-NFG	def	matchingPennies_matchingPenniesLike	private
GameTheory/Languages/NFG/MatchingPenniesMixed.lean	96	L-NFG	def	matchingPenniesFairMixed	public
GameTheory/Languages/NFG/MatchingPenniesMixed.lean	101	L-NFG	theorem	matchingPennies_uniform_mixed_balanced	public
GameTheory/Languages/NFG/MatchingPenniesMixed.lean	108	L-NFG	theorem	matchingPennies_mixed_nash_iff_half	public
GameTheory/Languages/NFG/MatchingPenniesMixed.lean	124	L-NFG	theorem	matchingPennies_fair_mixed_nash	public
GameTheory/Languages/NFG/MatchingPenniesMixed.lean	139	L-NFG	theorem	matchingPenniesLabels_uniform_eq_fair	private
GameTheory/Languages/NFG/MatchingPenniesMixed.lean	156	L-NFG	theorem	matchingPennies_fair_correlated_eq	public
GameTheory/Languages/NFG/MatchingPenniesMixed.lean	164	L-NFG	theorem	matchingPennies_correlated_eq_unique	public
GameTheory/Languages/NFG/MatchingPenniesMixed.lean	175	L-NFG	theorem	matchingPennies_correlated_eq_iff	public
GameTheory/Languages/NFG/PublicGoods.lean	29	L-NFG	theorem	publicGoods_freeRide_dominant	public
GameTheory/Languages/NFG/PublicGoods.lean	49	L-NFG	theorem	publicGoods_cooperation_pareto	public
GameTheory/Languages/NFG/Stackelberg.lean	37	L-NFG	structure	StackelbergGame	public
GameTheory/Languages/NFG/Stackelberg.lean	52	L-NFG	def	followerBR	public
GameTheory/Languages/NFG/Stackelberg.lean	56	L-NFG	def	stackelbergPayoff	public
GameTheory/Languages/NFG/Stackelberg.lean	60	L-NFG	def	IsStackelbergEq	public
GameTheory/Languages/NFG/Stackelberg.lean	64	L-NFG	def	IsSimNash	public
GameTheory/Languages/NFG/Stackelberg.lean	71	L-NFG	theorem	stackelberg_leader_ge_commitment	public
GameTheory/Languages/NFG/Stackelberg.lean	82	L-NFG	theorem	followerBR_at_nash_unique	public
GameTheory/Languages/NFG/Stackelberg.lean	94	L-NFG	def	toKernelGame	public
GameTheory/Languages/NFG/Stackelberg.lean	127	L-NFG	def	fight	public
GameTheory/Languages/NFG/Stackelberg.lean	128	L-NFG	def	accommodate	public
GameTheory/Languages/NFG/Stackelberg.lean	129	L-NFG	def	enter	public
GameTheory/Languages/NFG/Stackelberg.lean	130	L-NFG	def	stayOut	public
GameTheory/Languages/NFG/Stackelberg.lean	133	L-NFG	def	uL	public
GameTheory/Languages/NFG/Stackelberg.lean	140	L-NFG	def	uF	public
GameTheory/Languages/NFG/Stackelberg.lean	147	L-NFG	def	game	public
GameTheory/Languages/NFG/Stackelberg.lean	155	L-NFG	def	br	public
GameTheory/Languages/NFG/Stackelberg.lean	160	L-NFG	theorem	br_isBR	public
GameTheory/Languages/NFG/Stackelberg.lean	166	L-NFG	theorem	game_stackelberg_eq_fight	public
GameTheory/Languages/NFG/Stackelberg.lean	174	L-NFG	theorem	game_simNash_accommodate	public
GameTheory/Languages/NFG/Stackelberg.lean	184	L-NFG	theorem	game_br_at_accommodate	public
GameTheory/Languages/NFG/Stackelberg.lean	191	L-NFG	theorem	leader_advantage	public
GameTheory/Languages/NFG/Stackelberg.lean	196	L-NFG	theorem	leader_advantage_strict	public
GameTheory/Languages/NFG/Syntax.lean	35	L-NFG	structure	NFGGame	public
GameTheory/Languages/NFG/Syntax.lean	45	L-NFG	abbrev	StrategyProfile	public
GameTheory/Languages/NFG/Syntax.lean	49	L-NFG	def	deviate	public
GameTheory/Languages/NFG/Syntax.lean	53	L-NFG	theorem	deviate_same	public
GameTheory/Languages/NFG/Syntax.lean	58	L-NFG	theorem	deviate_other	public
GameTheory/Languages/NFG/Syntax.lean	63	L-NFG	def	IsNashPure	public
GameTheory/Languages/NFG/Syntax.lean	68	L-NFG	def	IsDominant	public
GameTheory/Languages/NFG/Syntax.lean	74	L-NFG	theorem	dominant_is_nash	public
GameTheory/Languages/OpenGame/CoendContext.lean	36	L-OPEN	structure	CoendContextRep	public
GameTheory/Languages/OpenGame/CoendContext.lean	50	L-OPEN	inductive	ReparamStep	public
GameTheory/Languages/OpenGame/CoendContext.lean	61	L-OPEN	abbrev	Reparam	public
GameTheory/Languages/OpenGame/CoendContext.lean	65	L-OPEN	def	reparamSetoid	public
GameTheory/Languages/OpenGame/CoendContext.lean	70	L-OPEN	def	historyMarginal	public
GameTheory/Languages/OpenGame/CoendContext.lean	74	L-OPEN	theorem	historyMarginal_eq_of_reparam	public
GameTheory/Languages/OpenGame/CoendContext.lean	87	L-OPEN	def	responseAt	public
GameTheory/Languages/OpenGame/CoendContext.lean	94	L-OPEN	def	jointResponse	public
GameTheory/Languages/OpenGame/CoendContext.lean	102	L-OPEN	theorem	responseAt_eq_of_reparam	public
GameTheory/Languages/OpenGame/CoendContext.lean	114	L-OPEN	theorem	jointResponse_eq_of_reparam	public
GameTheory/Languages/OpenGame/CoendContext.lean	126	L-OPEN	theorem	map_fst_jointResponse	public
GameTheory/Languages/OpenGame/CoendContext.lean	140	L-OPEN	theorem	map_snd_jointResponse_const	public
GameTheory/Languages/OpenGame/CoendContext.lean	153	L-OPEN	def	CoendContext	public
GameTheory/Languages/OpenGame/CoendContext.lean	161	L-OPEN	def	mk	public
GameTheory/Languages/OpenGame/CoendContext.lean	165	L-OPEN	def	ofDeterministic	public
GameTheory/Languages/OpenGame/CoendContext.lean	172	L-OPEN	theorem	reparam_eq	public
GameTheory/Languages/OpenGame/CoendContext.lean	188	L-OPEN	def	historyMarginal	public
GameTheory/Languages/OpenGame/CoendContext.lean	194	L-OPEN	def	responseAt	public
GameTheory/Languages/OpenGame/CoendContext.lean	200	L-OPEN	def	jointResponse	public
GameTheory/Languages/OpenGame/CoendContext.lean	205	L-OPEN	theorem	historyMarginal_mk	public
GameTheory/Languages/OpenGame/CoendContext.lean	208	L-OPEN	theorem	historyMarginal_ofDeterministic	public
GameTheory/Languages/OpenGame/CoendContext.lean	213	L-OPEN	theorem	responseAt_ofDeterministic	public
GameTheory/Languages/OpenGame/CoendContext.lean	217	L-OPEN	theorem	jointResponse_mk	public
GameTheory/Languages/OpenGame/CoendContext.lean	221	L-OPEN	theorem	jointResponse_ofDeterministic	public
GameTheory/Languages/OpenGame/CoendContext.lean	227	L-OPEN	theorem	map_fst_jointResponse	public
GameTheory/Languages/OpenGame/CoendContext.lean	235	L-OPEN	theorem	map_snd_jointResponse_const	public
GameTheory/Languages/OpenGame/Compile.lean	30	L-OPEN	def	ShapeN	public
GameTheory/Languages/OpenGame/Compile.lean	46	L-OPEN	def	realize	public
GameTheory/Languages/OpenGame/Compile.lean	50	L-OPEN	def	actionNFG	public
GameTheory/Languages/OpenGame/Compile.lean	60	L-OPEN	def	compileAction	public
GameTheory/Languages/OpenGame/Compile.lean	66	L-OPEN	theorem	isEquilibriumIn_iff_isNashPure	public
GameTheory/Languages/OpenGame/Compile.lean	74	L-OPEN	theorem	isEquilibriumIn_iff_isNash	public
GameTheory/Languages/OpenGame/Compile.lean	84	L-OPEN	theorem	equilibrium_congr_realize	public
GameTheory/Languages/OpenGame/Compile.lean	97	L-OPEN	def	closedStrategyEquiv	public
GameTheory/Languages/OpenGame/Compile.lean	109	L-OPEN	def	boolPiEquiv	public
GameTheory/Languages/OpenGame/Compile.lean	120	L-OPEN	theorem	boolPiEquiv_apply	public
GameTheory/Languages/OpenGame/Compile.lean	124	L-OPEN	theorem	boolPiEquiv_apply_fst	public
GameTheory/Languages/OpenGame/Compile.lean	128	L-OPEN	theorem	boolPiEquiv_apply_snd	public
GameTheory/Languages/OpenGame/Compile.lean	132	L-OPEN	theorem	boolPiEquiv_symm_apply_false	public
GameTheory/Languages/OpenGame/Compile.lean	137	L-OPEN	theorem	boolPiEquiv_symm_apply_true	public
GameTheory/Languages/OpenGame/Compile.lean	144	L-OPEN	def	boolTensorIso	public
GameTheory/Languages/OpenGame/Compile.lean	162	L-OPEN	theorem	closed_isEquilibriumIn_iff_isNash	public
GameTheory/Languages/OpenGame/Compile.lean	176	L-OPEN	def	ShapeS	public
GameTheory/Languages/OpenGame/Compile.lean	189	L-OPEN	def	wiring	public
GameTheory/Languages/OpenGame/Compile.lean	195	L-OPEN	def	wiringStrategyEquiv	public
GameTheory/Languages/OpenGame/Compile.lean	208	L-OPEN	def	wiringIso	public
GameTheory/Languages/OpenGame/Compile.lean	220	L-OPEN	def	PlayerStrategy	public
GameTheory/Languages/OpenGame/Compile.lean	225	L-OPEN	def	toProfile	public
GameTheory/Languages/OpenGame/Compile.lean	231	L-OPEN	def	ofProfile	public
GameTheory/Languages/OpenGame/Compile.lean	236	L-OPEN	def	profileEquiv	public
GameTheory/Languages/OpenGame/Compile.lean	246	L-OPEN	def	pairUtility	public
GameTheory/Languages/OpenGame/Compile.lean	251	L-OPEN	def	actionNFG	public
GameTheory/Languages/OpenGame/Compile.lean	258	L-OPEN	def	compileAction	public
GameTheory/Languages/OpenGame/Compile.lean	264	L-OPEN	theorem	isEquilibriumIn_iff_isNashPure	public
GameTheory/Languages/OpenGame/Compile.lean	288	L-OPEN	theorem	isEquilibriumIn_iff_isNash	public
GameTheory/Languages/OpenGame/Correlation.lean	37	L-OPEN	structure	PrivateDevice	public
GameTheory/Languages/OpenGame/Correlation.lean	50	L-OPEN	def	playProfile	public
GameTheory/Languages/OpenGame/Correlation.lean	54	L-OPEN	def	inducedLaw	public
GameTheory/Languages/OpenGame/Correlation.lean	58	L-OPEN	def	deviatedProfile	public
GameTheory/Languages/OpenGame/Correlation.lean	63	L-OPEN	def	deviatedLaw	public
GameTheory/Languages/OpenGame/Correlation.lean	69	L-OPEN	def	IsEquilibrium	public
GameTheory/Languages/OpenGame/Correlation.lean	76	L-OPEN	def	IsExAnteEquilibrium	public
GameTheory/Languages/OpenGame/Correlation.lean	82	L-OPEN	def	canonical	public
GameTheory/Languages/OpenGame/Correlation.lean	89	L-OPEN	theorem	canonical_playProfile	public
GameTheory/Languages/OpenGame/Correlation.lean	95	L-OPEN	theorem	canonical_inducedLaw	public
GameTheory/Languages/OpenGame/Correlation.lean	103	L-OPEN	theorem	unilateralDeviationDistribution_inducedLaw	public
GameTheory/Languages/OpenGame/Correlation.lean	121	L-OPEN	theorem	canonical_deviatedLaw	public
GameTheory/Languages/OpenGame/Correlation.lean	136	L-OPEN	theorem	canonical_constantDeviatedLaw	public
GameTheory/Languages/OpenGame/Correlation.lean	149	L-OPEN	theorem	constantDeviationDistribution_inducedLaw	public
GameTheory/Languages/OpenGame/Correlation.lean	164	L-OPEN	theorem	IsEquilibrium.inducedLaw_isCorrelatedEq	public
GameTheory/Languages/OpenGame/Correlation.lean	173	L-OPEN	theorem	IsExAnteEquilibrium.inducedLaw_isCoarseCorrelatedEq	public
GameTheory/Languages/OpenGame/Correlation.lean	181	L-OPEN	theorem	canonical_isEquilibrium_iff_isCorrelatedEq	public
GameTheory/Languages/OpenGame/Correlation.lean	192	L-OPEN	theorem	canonical_isExAnteEquilibrium_iff_isCoarseCorrelatedEq	public
GameTheory/Languages/OpenGame/Correlation.lean	208	L-OPEN	structure	BroadcastDevice	public
GameTheory/Languages/OpenGame/Correlation.lean	221	L-OPEN	def	IsEquilibrium	public
GameTheory/Languages/OpenGame/Correlation.lean	225	L-OPEN	def	inducedLaw	public
GameTheory/Languages/OpenGame/Correlation.lean	229	L-OPEN	def	canonical	public
GameTheory/Languages/OpenGame/Correlation.lean	235	L-OPEN	theorem	canonical_inducedLaw	public
GameTheory/Languages/OpenGame/Correlation.lean	240	L-OPEN	theorem	canonical_isEquilibrium_iff_nashSupport	public
GameTheory/Languages/OpenGame/Correlation.lean	247	L-OPEN	theorem	isEquilibrium_iff_publicSignalNash	public
GameTheory/Languages/OpenGame/Correlation.lean	264	L-OPEN	theorem	inducedLaw_eq_publicCorrelatedLaw	public
GameTheory/Languages/OpenGame/Correlation.lean	273	L-OPEN	theorem	IsEquilibrium.inducedLaw_isCorrelatedEq	public
GameTheory/Languages/OpenGame/DAG.lean	27	L-OPEN	structure	DecisionDAG	public
GameTheory/Languages/OpenGame/DAG.lean	36	L-OPEN	def	Edge	public
GameTheory/Languages/OpenGame/DAG.lean	40	L-OPEN	abbrev	IsAncestor	public
GameTheory/Languages/OpenGame/DAG.lean	44	L-OPEN	theorem	ancestor_lt	public
GameTheory/Languages/OpenGame/DAG.lean	51	L-OPEN	def	complete	public
GameTheory/Languages/OpenGame/DAG.lean	56	L-OPEN	def	discrete	public
GameTheory/Languages/OpenGame/DAG.lean	62	L-OPEN	theorem	complete_isAncestor_iff	public
GameTheory/Languages/OpenGame/DAG.lean	72	L-OPEN	theorem	discrete_not_isAncestor	public
GameTheory/Languages/OpenGame/DAG.lean	86	L-OPEN	abbrev	History	public
GameTheory/Languages/OpenGame/DAG.lean	90	L-OPEN	abbrev	Strategy	public
GameTheory/Languages/OpenGame/DAG.lean	95	L-OPEN	def	realizeAt	public
GameTheory/Languages/OpenGame/DAG.lean	102	L-OPEN	def	realize	public
GameTheory/Languages/OpenGame/DAG.lean	108	L-OPEN	theorem	realize_eq	public
GameTheory/Languages/OpenGame/DAG.lean	115	L-OPEN	theorem	realizeAt_update_of_lt	public
GameTheory/Languages/OpenGame/DAG.lean	131	L-OPEN	theorem	realizeAt_update_of_not_ancestor	public
GameTheory/Languages/OpenGame/DAG.lean	154	L-OPEN	theorem	realizeAt_updates_eq_of_eq_at_reached_history	public
GameTheory/Languages/OpenGame/DAG.lean	187	L-OPEN	theorem	realize_update_eq_of_eq_at_reached_history	public
GameTheory/Languages/OpenGame/DAG.lean	201	L-OPEN	def	discreteHistoryEquiv	public
GameTheory/Languages/OpenGame/DAG.lean	219	L-OPEN	def	unitPiEquiv	public
GameTheory/Languages/OpenGame/DAG.lean	229	L-OPEN	def	discreteStrategyEquiv	public
GameTheory/Languages/OpenGame/DAG.lean	246	L-OPEN	theorem	realize_discrete	public
GameTheory/Languages/OpenGame/DAG.lean	260	L-OPEN	theorem	realize_update_discrete	public
GameTheory/Languages/OpenGame/DAG.lean	276	L-OPEN	theorem	realize_discreteStrategyEquiv	public
GameTheory/Languages/OpenGame/DAG.lean	287	L-OPEN	def	completeParentEquiv	public
GameTheory/Languages/OpenGame/DAG.lean	307	L-OPEN	def	completeParentValueEquiv	public
GameTheory/Languages/OpenGame/DAG.lean	316	L-OPEN	def	completeHistoryEquiv	public
GameTheory/Languages/OpenGame/DAG.lean	322	L-OPEN	def	completeStrategyEquiv	public
GameTheory/Languages/OpenGame/DAG.lean	339	L-OPEN	theorem	realize_completeStrategyEquiv	public
GameTheory/Languages/OpenGame/DAG.lean	371	L-OPEN	theorem	realize_completeStrategyEquiv_symm	public
GameTheory/Languages/OpenGame/DAG.lean	381	L-OPEN	theorem	completeStrategyEquiv_update	public
GameTheory/Languages/OpenGame/DAG.lean	394	L-OPEN	def	actionNFG	public
GameTheory/Languages/OpenGame/DAG.lean	402	L-OPEN	def	compileAction	public
GameTheory/Languages/OpenGame/DAG.lean	409	L-OPEN	def	ShapeDAG	public
GameTheory/Languages/OpenGame/DAG.lean	423	L-OPEN	theorem	isEquilibriumIn_iff_isNashPure	public
GameTheory/Languages/OpenGame/DAG.lean	431	L-OPEN	theorem	isEquilibriumIn_iff_isNash	public
GameTheory/Languages/OpenGame/DAG.lean	451	L-OPEN	def	AgreesOutsideAncestors	public
GameTheory/Languages/OpenGame/DAG.lean	461	L-OPEN	def	IsConditionedEquilibrium	public
GameTheory/Languages/OpenGame/DAG.lean	470	L-OPEN	def	IsOneShotConditionedEquilibrium	public
GameTheory/Languages/OpenGame/DAG.lean	480	L-OPEN	theorem	isConditionedEquilibrium_iff_isOneShot	public
GameTheory/Languages/OpenGame/DAG.lean	500	L-OPEN	def	conditioned	public
GameTheory/Languages/OpenGame/DAG.lean	508	L-OPEN	theorem	conditioned_implies_plain	public
GameTheory/Languages/OpenGame/DAG.lean	518	L-OPEN	theorem	conditioned_discrete_iff_plain	public
GameTheory/Languages/OpenGame/DAG.lean	534	L-OPEN	theorem	complete_agreesOutsideAncestors_iff	public
GameTheory/Languages/OpenGame/DAG.lean	552	L-OPEN	theorem	conditioned_complete_iff_sequential	public
GameTheory/Languages/OpenGame/DAG.lean	642	L-OPEN	def	discreteIso	public
GameTheory/Languages/OpenGame/DAG.lean	685	L-OPEN	def	discreteConditionedIso	public
GameTheory/Languages/OpenGame/DAG.lean	709	L-OPEN	def	completeIso	public
GameTheory/Languages/OpenGame/DAG.lean	787	L-OPEN	def	completeConditionedIso	public
GameTheory/Languages/OpenGame/Deviation.lean	30	L-OPEN	abbrev	DeviationFamily	public
GameTheory/Languages/OpenGame/Deviation.lean	38	L-OPEN	def	Refines	public
GameTheory/Languages/OpenGame/Deviation.lean	41	L-OPEN	theorem	Refines.refl	public
GameTheory/Languages/OpenGame/Deviation.lean	45	L-OPEN	theorem	Refines.trans	public
GameTheory/Languages/OpenGame/Deviation.lean	50	L-OPEN	def	IsStableUnder	public
GameTheory/Languages/OpenGame/Deviation.lean	58	L-OPEN	theorem	IsStableUnder.mono	public
GameTheory/Languages/OpenGame/Deviation.lean	69	L-OPEN	def	single	public
GameTheory/Languages/OpenGame/Deviation.lean	73	L-OPEN	def	fiber	public
GameTheory/Languages/OpenGame/Deviation.lean	79	L-OPEN	def	coalition	public
GameTheory/Languages/OpenGame/Deviation.lean	83	L-OPEN	theorem	single_update_mem	public
GameTheory/Languages/OpenGame/Deviation.lean	89	L-OPEN	theorem	update_single_eq	public
GameTheory/Languages/OpenGame/Deviation.lean	98	L-OPEN	theorem	single_refines_fiber	public
GameTheory/Languages/OpenGame/Deviation.lean	107	L-OPEN	theorem	fiber_eq_singletonCoalition	public
GameTheory/Languages/OpenGame/Deviation.lean	125	L-OPEN	theorem	isStableUnder_single_iff_isAgentEquilibrium	public
GameTheory/Languages/OpenGame/Deviation.lean	145	L-OPEN	theorem	isStableUnder_fiber_iff_isPlayerNash	public
GameTheory/Languages/OpenGame/Deviation.lean	183	L-OPEN	theorem	isStableUnder_single_iff_isAgentEquilibrium	public
GameTheory/Languages/OpenGame/Deviation.lean	194	L-OPEN	theorem	isStableUnder_fiber_iff_isPlayerNash	public
GameTheory/Languages/OpenGame/Deviation.lean	213	L-OPEN	theorem	isStableUnder_single_iff_isAgentEquilibrium	public
GameTheory/Languages/OpenGame/Deviation.lean	225	L-OPEN	theorem	isStableUnder_fiber_iff_isPlayerNash	public
GameTheory/Languages/OpenGame/Evolutionary.lean	26	L-OPEN	abbrev	SymmetricShape	public
GameTheory/Languages/OpenGame/Evolutionary.lean	30	L-OPEN	def	resident	public
GameTheory/Languages/OpenGame/Evolutionary.lean	34	L-OPEN	abbrev	symmetricContinuation	public
GameTheory/Languages/OpenGame/Evolutionary.lean	40	L-OPEN	theorem	resident_isEquilibriumIn_iff_nashCondition	public
GameTheory/Languages/OpenGame/Evolutionary.lean	56	L-OPEN	theorem	isEquilibriumIn_of_isESS	public
GameTheory/Languages/OpenGame/Evolutionary.lean	64	L-OPEN	theorem	isESS_iff_isEquilibriumIn_and_stability	public
GameTheory/Languages/OpenGame/Evolutionary.lean	73	L-OPEN	def	productPayoff	public
GameTheory/Languages/OpenGame/Evolutionary.lean	79	L-OPEN	theorem	isESS_product	public
GameTheory/Languages/OpenGame/Evolutionary.lean	117	L-OPEN	theorem	product_isEquilibriumIn_of_isESS	public
GameTheory/Languages/OpenGame/Examples.lean	24	L-OPEN	def	prisonersDilemmaPayoff	public
GameTheory/Languages/OpenGame/Examples.lean	31	L-OPEN	def	prisonersDilemmaUtility	public
GameTheory/Languages/OpenGame/Examples.lean	36	L-OPEN	def	prisonersDilemma	public
GameTheory/Languages/OpenGame/Examples.lean	41	L-OPEN	def	constantClosedStrategy	public
GameTheory/Languages/OpenGame/Examples.lean	45	L-OPEN	theorem	defect_is_equilibrium	public
GameTheory/Languages/OpenGame/Examples.lean	52	L-OPEN	theorem	cooperate_not_equilibrium	public
GameTheory/Languages/OpenGame/Examples.lean	60	L-OPEN	theorem	defect_is_kernelNash	public
GameTheory/Languages/OpenGame/Examples.lean	72	L-OPEN	def	entryDeterrencePayoff	public
GameTheory/Languages/OpenGame/Examples.lean	80	L-OPEN	def	deterrenceThreat	public
GameTheory/Languages/OpenGame/Examples.lean	84	L-OPEN	theorem	deterrenceThreat_is_plainEquilibrium	public
GameTheory/Languages/OpenGame/Examples.lean	91	L-OPEN	theorem	deterrenceThreat_not_conditioned	public
GameTheory/Languages/OpenGame/Examples.lean	97	L-OPEN	def	entryAccommodation	public
GameTheory/Languages/OpenGame/Examples.lean	100	L-OPEN	theorem	entryAccommodation_is_conditioned	public
GameTheory/Languages/OpenGame/Examples.lean	106	L-OPEN	theorem	deterrenceThreat_is_kernelNash	public
GameTheory/Languages/OpenGame/Examples.lean	117	L-OPEN	theorem	conditioned_iff_isStackelbergEq	public
GameTheory/Languages/OpenGame/Examples.lean	130	L-OPEN	theorem	stackelberg_entry_is_conditioned	public
GameTheory/Languages/OpenGame/Examples.lean	141	L-OPEN	theorem	stackelberg_entry_is_efgSubgamePerfect	public
GameTheory/Languages/OpenGame/Examples.lean	160	L-OPEN	theorem	signalTiming_exAnte_not_private	public
GameTheory/Languages/OpenGame/Examples.lean	181	L-OPEN	theorem	matchingPennies_private_not_broadcast	public
GameTheory/Languages/OpenGame/Examples.lean	201	L-OPEN	def	nonconvexSelection	public
GameTheory/Languages/OpenGame/Examples.lean	209	L-OPEN	def	fairBoolFin	public
GameTheory/Languages/OpenGame/Examples.lean	212	L-OPEN	theorem	fairBoolFin_mem_nonconvexClosure	private
GameTheory/Languages/OpenGame/Examples.lean	223	L-OPEN	theorem	fairBoolFin_not_nonconvexEquilibrium	private
GameTheory/Languages/OpenGame/Examples.lean	237	L-OPEN	theorem	probabilistic_leftIdentity_requires_convexity	public
GameTheory/Languages/OpenGame/Examples.lean	249	L-OPEN	def	diagonalBoolFin	public
GameTheory/Languages/OpenGame/Examples.lean	252	L-OPEN	theorem	fairBoolFin_fullSupport	private
GameTheory/Languages/OpenGame/Examples.lean	258	L-OPEN	theorem	diagonalBoolFin_mem_support	private
GameTheory/Languages/OpenGame/Examples.lean	263	L-OPEN	theorem	diagonalBoolFin_support_eq	private
GameTheory/Languages/OpenGame/Examples.lean	269	L-OPEN	theorem	diagonalBoolFin_mem_convexClosure_of_pureProducts	private
GameTheory/Languages/OpenGame/Examples.lean	294	L-OPEN	theorem	diagonalBoolFin_not_productOfMarginals	private
GameTheory/Languages/OpenGame/Examples.lean	319	L-OPEN	theorem	diagonalBoolFin_mem_tensorClosure	private
GameTheory/Languages/OpenGame/Examples.lean	329	L-OPEN	theorem	diagonalBoolFin_not_tensorEquilibrium	private
GameTheory/Languages/OpenGame/Examples.lean	339	L-OPEN	theorem	probabilistic_tensor_equilibria_need_not_be_convex	public
GameTheory/Languages/OpenGame/Examples.lean	354	L-OPEN	theorem	probabilistic_tensor_does_not_preserve_convexEquilibria	public
GameTheory/Languages/OpenGame/Examples.lean	369	L-OPEN	def	freeStrategyWire	public
GameTheory/Languages/OpenGame/Examples.lean	375	L-OPEN	theorem	freeStrategyWire_hasConvexEquilibria	public
GameTheory/Languages/OpenGame/Examples.lean	381	L-OPEN	theorem	diagonalBoolFin_mem_freeSeqClosure	private
GameTheory/Languages/OpenGame/Examples.lean	399	L-OPEN	theorem	diagonalBoolFin_not_freeSeqEquilibrium	private
GameTheory/Languages/OpenGame/Examples.lean	410	L-OPEN	theorem	probabilistic_seq_does_not_preserve_convexEquilibria	public
GameTheory/Languages/OpenGame/Examples.lean	423	L-OPEN	def	binaryHistorySource	public
GameTheory/Languages/OpenGame/Examples.lean	431	L-OPEN	def	echoHistory	public
GameTheory/Languages/OpenGame/Examples.lean	438	L-OPEN	def	echoForward	public
GameTheory/Languages/OpenGame/Examples.lean	444	L-OPEN	theorem	echoForward_hasConvexEquilibria	private
GameTheory/Languages/OpenGame/Examples.lean	452	L-OPEN	theorem	relKleisli_echo_fair	private
GameTheory/Languages/OpenGame/Examples.lean	462	L-OPEN	theorem	fairBoolFin_mem_binaryHistorySourceClosure	private
GameTheory/Languages/OpenGame/Examples.lean	473	L-OPEN	theorem	convexifiedHistoryComposition_admits_fairProduct	private
GameTheory/Languages/OpenGame/Examples.lean	490	L-OPEN	theorem	binaryHistoryComposition_no_offDiagonal	private
GameTheory/Languages/OpenGame/Examples.lean	523	L-OPEN	theorem	fairProduct_not_binaryHistoryCompositionClosure	private
GameTheory/Languages/OpenGame/Examples.lean	549	L-OPEN	theorem	convexIso_not_left_seq_congruence	public
GameTheory/Languages/OpenGame/Examples.lean	561	L-OPEN	theorem	echoForward_seq_equilibrium_eq_pure	private
GameTheory/Languages/OpenGame/Examples.lean	580	L-OPEN	theorem	rightAssociatedHistory_no_offDiagonal	private
GameTheory/Languages/OpenGame/Examples.lean	607	L-OPEN	theorem	rightPostRawHistory_no_offDiagonal	private
GameTheory/Languages/OpenGame/Examples.lean	618	L-OPEN	theorem	fairRightTriple_not_rightPostClosure	private
GameTheory/Languages/OpenGame/Examples.lean	650	L-OPEN	def	saturatedHistorySource	public
GameTheory/Languages/OpenGame/Examples.lean	656	L-OPEN	def	saturatedEchoForward	public
GameTheory/Languages/OpenGame/Examples.lean	661	L-OPEN	def	fairTripleLeft	public
GameTheory/Languages/OpenGame/Examples.lean	666	L-OPEN	def	fairTripleRight	public
GameTheory/Languages/OpenGame/Examples.lean	672	L-OPEN	def	echoCorrelatedTripleRight	public
GameTheory/Languages/OpenGame/Examples.lean	676	L-OPEN	def	echoCorrelatedTripleLeft	public
GameTheory/Languages/OpenGame/Examples.lean	680	L-OPEN	theorem	map_assoc_echoCorrelatedTriple	private
GameTheory/Languages/OpenGame/Examples.lean	687	L-OPEN	theorem	echoForward_seq_pure_equilibrium	private
GameTheory/Languages/OpenGame/Examples.lean	696	L-OPEN	theorem	rawRightAssociated_admits_echoCorrelatedTriple	private
GameTheory/Languages/OpenGame/Examples.lean	728	L-OPEN	theorem	convexifiedSource_seq_echo_admits_fairProduct	private
GameTheory/Languages/OpenGame/Examples.lean	745	L-OPEN	theorem	rawLeftAssociated_admits_fairTriple	private
GameTheory/Languages/OpenGame/Examples.lean	770	L-OPEN	theorem	rawRightAssociated_rejects_fairTriple	private
GameTheory/Languages/OpenGame/Examples.lean	781	L-OPEN	theorem	echoCorrelatedTripleLeft_no_mismatchedEcho	private
GameTheory/Languages/OpenGame/Examples.lean	792	L-OPEN	theorem	echoCorrelatedTripleLeft_firstMarginal_support	private
GameTheory/Languages/OpenGame/Examples.lean	802	L-OPEN	theorem	echoCorrelatedTripleLeft_secondMarginal_support	private
GameTheory/Languages/OpenGame/Examples.lean	811	L-OPEN	theorem	echoCorrelatedTripleLeft_not_productOfMarginals	private
GameTheory/Languages/OpenGame/Examples.lean	823	L-OPEN	theorem	rawLeftAssociated_rejects_echoCorrelatedTriple	private
GameTheory/Languages/OpenGame/Examples.lean	834	L-OPEN	theorem	probabilistic_seq_not_associative	public
GameTheory/Languages/OpenGame/Examples.lean	852	L-OPEN	theorem	probabilistic_seq_bracketings_incomparable	public
GameTheory/Languages/OpenGame/Examples.lean	873	L-OPEN	theorem	leftPostRaw_admits_fairTriple	private
GameTheory/Languages/OpenGame/Examples.lean	891	L-OPEN	theorem	leftPostClosed_admits_fairTriple	private
GameTheory/Languages/OpenGame/Examples.lean	904	L-OPEN	theorem	rightPostClosed_rejects_fairTriple	private
GameTheory/Languages/OpenGame/Examples.lean	915	L-OPEN	theorem	saturated_seq_not_associative	public
GameTheory/Languages/OpenGame/Examples.lean	932	L-OPEN	instance	matchingPenniesOutcomeFinite	private
GameTheory/Languages/OpenGame/Examples.lean	938	L-OPEN	def	matchingPenniesFairFin	public
GameTheory/Languages/OpenGame/Examples.lean	943	L-OPEN	theorem	matchingPennies_fair_probabilistic_equilibrium	public
GameTheory/Languages/OpenGame/Examples.lean	960	L-OPEN	theorem	matchingPennies_probabilistic_equilibrium_iff_half	public
GameTheory/Languages/OpenGame/FinTensor.lean	22	L-OPEN	def	FinTuple	public
GameTheory/Languages/OpenGame/FinTensor.lean	28	L-OPEN	def	finPiEquiv	public
GameTheory/Languages/OpenGame/FinTensor.lean	49	L-OPEN	theorem	finPiEquiv_zero_apply	public
GameTheory/Languages/OpenGame/FinTensor.lean	52	L-OPEN	theorem	finPiEquiv_succ_apply	public
GameTheory/Languages/OpenGame/FinTensor.lean	58	L-OPEN	theorem	finPiEquiv_succ_symm_zero	public
GameTheory/Languages/OpenGame/FinTensor.lean	62	L-OPEN	theorem	finPiEquiv_succ_symm_succ	public
GameTheory/Languages/OpenGame/FinTensor.lean	68	L-OPEN	theorem	update_fin_succ_zero	public
GameTheory/Languages/OpenGame/FinTensor.lean	74	L-OPEN	theorem	update_fin_succ_succ	public
GameTheory/Languages/OpenGame/FinTensor.lean	86	L-OPEN	theorem	finPiEquiv_update_zero	public
GameTheory/Languages/OpenGame/FinTensor.lean	100	L-OPEN	theorem	finPiEquiv_update_succ	public
GameTheory/Languages/OpenGame/FinTensor.lean	117	L-OPEN	def	tensorDecisions	public
GameTheory/Languages/OpenGame/FinTensor.lean	127	L-OPEN	def	tensorStrategyEquiv	public
GameTheory/Languages/OpenGame/FinTensor.lean	150	L-OPEN	theorem	tensorDecisions_play	public
GameTheory/Languages/OpenGame/FinTensor.lean	165	L-OPEN	theorem	tensorDecisions_coplay	public
GameTheory/Languages/OpenGame/FinTensor.lean	180	L-OPEN	theorem	tensorDecisions_equilibrium	public
GameTheory/Languages/OpenGame/FinTensor.lean	229	L-OPEN	def	finTensorIso	public
GameTheory/Languages/OpenGame/Mixed.lean	45	L-OPEN	structure	ProbOpenGame	public
GameTheory/Languages/OpenGame/Mixed.lean	63	L-OPEN	def	seq	public
GameTheory/Languages/OpenGame/Mixed.lean	83	L-OPEN	def	tensor	public
GameTheory/Languages/OpenGame/Mixed.lean	113	L-OPEN	theorem	seq_isEquilibriumIn_product_iff	public
GameTheory/Languages/OpenGame/Mixed.lean	132	L-OPEN	theorem	seq_historyIndependent_iff	public
GameTheory/Languages/OpenGame/Mixed.lean	154	L-OPEN	theorem	tensor_isEquilibriumIn_product_iff	public
GameTheory/Languages/OpenGame/Mixed.lean	171	L-OPEN	def	ofLens	public
GameTheory/Languages/OpenGame/Mixed.lean	179	L-OPEN	def	idWire	public
GameTheory/Languages/OpenGame/Mixed.lean	184	L-OPEN	def	HasConvexEquilibria	public
GameTheory/Languages/OpenGame/Mixed.lean	190	L-OPEN	def	IsConvexEquilibriumIn	public
GameTheory/Languages/OpenGame/Mixed.lean	197	L-OPEN	structure	ConvexIso	public
GameTheory/Languages/OpenGame/Mixed.lean	211	L-OPEN	def	refl	public
GameTheory/Languages/OpenGame/Mixed.lean	221	L-OPEN	def	symm	public
GameTheory/Languages/OpenGame/Mixed.lean	248	L-OPEN	def	trans	public
GameTheory/Languages/OpenGame/Mixed.lean	268	L-OPEN	def	convexify	public
GameTheory/Languages/OpenGame/Mixed.lean	275	L-OPEN	theorem	convexify_hasConvexEquilibria	public
GameTheory/Languages/OpenGame/Mixed.lean	283	L-OPEN	theorem	convexify_isEquilibriumIn_iff	public
GameTheory/Languages/OpenGame/Mixed.lean	290	L-OPEN	theorem	convexify_isEquilibriumIn_iff_isConvexEquilibriumIn	public
GameTheory/Languages/OpenGame/Mixed.lean	298	L-OPEN	def	convexifyConvexIso	public
GameTheory/Languages/OpenGame/Mixed.lean	317	L-OPEN	theorem	seq_convexify_right_isEquilibriumIn_iff	public
GameTheory/Languages/OpenGame/Mixed.lean	334	L-OPEN	theorem	idWire_seq_isEquilibriumIn_iff	public
GameTheory/Languages/OpenGame/Mixed.lean	355	L-OPEN	theorem	idWire_seq_isEquilibriumIn_product_iff	public
GameTheory/Languages/OpenGame/Mixed.lean	368	L-OPEN	theorem	idWire_seq_hasConvexEquilibria	public
GameTheory/Languages/OpenGame/Mixed.lean	391	L-OPEN	theorem	idWire_seq_isConvexEquilibriumIn_iff	public
GameTheory/Languages/OpenGame/Mixed.lean	406	L-OPEN	theorem	idWire_seq_isEquilibriumIn_product_iff_convexify	public
GameTheory/Languages/OpenGame/Mixed.lean	416	L-OPEN	theorem	idWire_seq_isEquilibriumIn_product_iff_of_convex	public
GameTheory/Languages/OpenGame/Mixed.lean	431	L-OPEN	theorem	seq_idWire_isEquilibriumIn_product_iff	public
GameTheory/Languages/OpenGame/Mixed.lean	450	L-OPEN	theorem	seq_idWire_isEquilibriumIn_iff	public
GameTheory/Languages/OpenGame/Mixed.lean	475	L-OPEN	theorem	seq_idWire_isConvexEquilibriumIn_iff	public
GameTheory/Languages/OpenGame/Mixed.lean	526	L-OPEN	def	convexSeqIdLeft	public
GameTheory/Languages/OpenGame/Mixed.lean	549	L-OPEN	def	convexSeqIdRight	public
GameTheory/Languages/OpenGame/Mixed.lean	576	L-OPEN	def	Saturated	public
GameTheory/Languages/OpenGame/Mixed.lean	582	L-OPEN	def	id	public
GameTheory/Languages/OpenGame/Mixed.lean	589	L-OPEN	def	seq	public
GameTheory/Languages/OpenGame/Mixed.lean	596	L-OPEN	theorem	isConvexEquilibriumIn_iff	public
GameTheory/Languages/OpenGame/Mixed.lean	610	L-OPEN	def	seqIdLeft	public
GameTheory/Languages/OpenGame/Mixed.lean	617	L-OPEN	def	seqIdRight	public
GameTheory/Languages/OpenGame/Mixed.lean	628	L-OPEN	def	decision	public
GameTheory/Languages/OpenGame/Mixed.lean	638	L-OPEN	theorem	decision_isEquilibriumIn_iff	public
GameTheory/Languages/OpenGame/Mixed.lean	649	L-OPEN	theorem	decision_hasConvexEquilibria	public
GameTheory/Languages/OpenGame/Mixed.lean	670	L-OPEN	def	actionDecision	public
GameTheory/Languages/OpenGame/Mixed.lean	677	L-OPEN	theorem	actionDecision_isEquilibriumIn_iff	public
GameTheory/Languages/OpenGame/Mixed.lean	687	L-OPEN	theorem	actionDecision_hasConvexEquilibria	public
GameTheory/Languages/OpenGame/Mixed.lean	707	L-OPEN	def	IsMixedNash2	public
GameTheory/Languages/OpenGame/Mixed.lean	718	L-OPEN	theorem	actionDecision_tensor_isEquilibriumIn_iff_isMixedNash2	public
GameTheory/Languages/OpenGame/Ownership.lean	43	L-OPEN	abbrev	PlayerStrategy	public
GameTheory/Languages/OpenGame/Ownership.lean	47	L-OPEN	def	group	public
GameTheory/Languages/OpenGame/Ownership.lean	52	L-OPEN	def	ungroup	public
GameTheory/Languages/OpenGame/Ownership.lean	57	L-OPEN	theorem	ungroup_group	public
GameTheory/Languages/OpenGame/Ownership.lean	62	L-OPEN	theorem	ungroup_update_group	public
GameTheory/Languages/OpenGame/Ownership.lean	78	L-OPEN	theorem	ungroup_update_of_injective	public
GameTheory/Languages/OpenGame/Ownership.lean	94	L-OPEN	def	ownedNFG	public
GameTheory/Languages/OpenGame/Ownership.lean	102	L-OPEN	def	compileOwned	public
GameTheory/Languages/OpenGame/Ownership.lean	108	L-OPEN	def	IsPlayerNash	public
GameTheory/Languages/OpenGame/Ownership.lean	115	L-OPEN	def	IsAgentEquilibrium	public
GameTheory/Languages/OpenGame/Ownership.lean	124	L-OPEN	theorem	IsPlayerNash.isAgentEquilibrium	public
GameTheory/Languages/OpenGame/Ownership.lean	140	L-OPEN	theorem	isAgentEquilibrium_iff_isPlayerNash_of_injective	public
GameTheory/Languages/OpenGame/Ownership.lean	172	L-OPEN	theorem	isPlayerNash_iff_kernelNash	public
GameTheory/Languages/OpenGame/Ownership.lean	190	L-OPEN	abbrev	PlayerStrategy	public
GameTheory/Languages/OpenGame/Ownership.lean	194	L-OPEN	abbrev	group	public
GameTheory/Languages/OpenGame/Ownership.lean	199	L-OPEN	abbrev	ungroup	public
GameTheory/Languages/OpenGame/Ownership.lean	204	L-OPEN	theorem	ungroup_group	public
GameTheory/Languages/OpenGame/Ownership.lean	210	L-OPEN	theorem	ungroup_update_group	public
GameTheory/Languages/OpenGame/Ownership.lean	220	L-OPEN	theorem	ungroup_update_of_injective	public
GameTheory/Languages/OpenGame/Ownership.lean	230	L-OPEN	def	ownedNFG	public
GameTheory/Languages/OpenGame/Ownership.lean	236	L-OPEN	def	compileOwned	public
GameTheory/Languages/OpenGame/Ownership.lean	241	L-OPEN	def	IsPlayerNash	public
GameTheory/Languages/OpenGame/Ownership.lean	247	L-OPEN	def	IsAgentEquilibrium	public
GameTheory/Languages/OpenGame/Ownership.lean	253	L-OPEN	theorem	IsPlayerNash.isAgentEquilibrium	public
GameTheory/Languages/OpenGame/Ownership.lean	262	L-OPEN	theorem	isAgentEquilibrium_iff_isPlayerNash_of_injective	public
GameTheory/Languages/OpenGame/Ownership.lean	270	L-OPEN	theorem	isPlayerNash_iff_kernelNash	public
GameTheory/Languages/OpenGame/Ownership.lean	288	L-OPEN	def	ownedNFG	public
GameTheory/Languages/OpenGame/Ownership.lean	296	L-OPEN	def	compileOwned	public
GameTheory/Languages/OpenGame/Ownership.lean	302	L-OPEN	def	IsPlayerNash	public
GameTheory/Languages/OpenGame/Ownership.lean	307	L-OPEN	def	IsAgentEquilibrium	public
GameTheory/Languages/OpenGame/Ownership.lean	314	L-OPEN	theorem	isAgentEquilibrium_iff_openGame	public
GameTheory/Languages/OpenGame/Ownership.lean	324	L-OPEN	theorem	IsPlayerNash.isAgentEquilibrium	public
GameTheory/Languages/OpenGame/Ownership.lean	332	L-OPEN	theorem	isAgentEquilibrium_iff_isPlayerNash_of_injective	public
GameTheory/Languages/OpenGame/Ownership.lean	342	L-OPEN	theorem	isPlayerNash_iff_kernelNash	public
GameTheory/Languages/OpenGame/Ownership.lean	357	L-OPEN	def	owner	public
GameTheory/Languages/OpenGame/Ownership.lean	360	L-OPEN	def	allFalse	public
GameTheory/Languages/OpenGame/Ownership.lean	364	L-OPEN	def	allTrue	public
GameTheory/Languages/OpenGame/Ownership.lean	368	L-OPEN	def	utility	public
GameTheory/Languages/OpenGame/Ownership.lean	371	L-OPEN	theorem	realize_allFalse	public
GameTheory/Languages/OpenGame/Ownership.lean	377	L-OPEN	theorem	realize_allTrue	public
GameTheory/Languages/OpenGame/Ownership.lean	383	L-OPEN	theorem	realize_update_allFalse_of_ne	public
GameTheory/Languages/OpenGame/Ownership.lean	392	L-OPEN	theorem	allFalse_isAgentEquilibrium	public
GameTheory/Languages/OpenGame/Ownership.lean	403	L-OPEN	theorem	allFalse_not_isPlayerNash	public
GameTheory/Languages/OpenGame/Ownership.lean	422	L-OPEN	theorem	agentForm_not_playerForm	public
GameTheory/Languages/OpenGame/Sequential.lean	35	L-OPEN	abbrev	History	public
GameTheory/Languages/OpenGame/Sequential.lean	38	L-OPEN	abbrev	StageStrategy	public
GameTheory/Languages/OpenGame/Sequential.lean	41	L-OPEN	abbrev	Strategy	public
GameTheory/Languages/OpenGame/Sequential.lean	45	L-OPEN	def	realize	public
GameTheory/Languages/OpenGame/Sequential.lean	54	L-OPEN	def	ShapeSeq	public
GameTheory/Languages/OpenGame/Sequential.lean	66	L-OPEN	theorem	realize_succ_castSucc	public
GameTheory/Languages/OpenGame/Sequential.lean	72	L-OPEN	theorem	realize_succ_last	public
GameTheory/Languages/OpenGame/Sequential.lean	79	L-OPEN	def	actionNFG	public
GameTheory/Languages/OpenGame/Sequential.lean	86	L-OPEN	def	compileAction	public
GameTheory/Languages/OpenGame/Sequential.lean	92	L-OPEN	theorem	isEquilibriumIn_iff_isNashPure	public
GameTheory/Languages/OpenGame/Sequential.lean	99	L-OPEN	theorem	isEquilibriumIn_iff_isNash	public
GameTheory/Languages/OpenGame/Sequential.lean	109	L-OPEN	def	finTwoEquiv	public
GameTheory/Languages/OpenGame/Sequential.lean	117	L-OPEN	theorem	finTwoEquiv_apply_fst	public
GameTheory/Languages/OpenGame/Sequential.lean	120	L-OPEN	theorem	finTwoEquiv_apply_snd	public
GameTheory/Languages/OpenGame/Sequential.lean	123	L-OPEN	theorem	finTwoEquiv_symm_zero	public
GameTheory/Languages/OpenGame/Sequential.lean	126	L-OPEN	theorem	finTwoEquiv_symm_one	public
GameTheory/Languages/OpenGame/Sequential.lean	129	L-OPEN	theorem	finTwoEquiv_snoc	public
GameTheory/Languages/OpenGame/Sequential.lean	133	L-OPEN	theorem	snoc_empty	public
GameTheory/Languages/OpenGame/Sequential.lean	140	L-OPEN	def	twoStrategyEquiv	public
GameTheory/Languages/OpenGame/Sequential.lean	166	L-OPEN	theorem	twoStrategyEquiv_apply_fst	public
GameTheory/Languages/OpenGame/Sequential.lean	169	L-OPEN	theorem	twoStrategyEquiv_apply_snd	public
GameTheory/Languages/OpenGame/Sequential.lean	174	L-OPEN	def	twoStageIso	public
GameTheory/Languages/OpenGame/Sequential.lean	232	L-OPEN	def	priorIndex	public
GameTheory/Languages/OpenGame/Sequential.lean	236	L-OPEN	abbrev	History	public
GameTheory/Languages/OpenGame/Sequential.lean	240	L-OPEN	abbrev	Strategy	public
GameTheory/Languages/OpenGame/Sequential.lean	244	L-OPEN	def	realizeAt	public
GameTheory/Languages/OpenGame/Sequential.lean	251	L-OPEN	def	realize	public
GameTheory/Languages/OpenGame/Sequential.lean	256	L-OPEN	theorem	realize_eq	public
GameTheory/Languages/OpenGame/Sequential.lean	263	L-OPEN	theorem	realizeAt_update_of_lt	public
GameTheory/Languages/OpenGame/Sequential.lean	278	L-OPEN	theorem	realizeAt_updates_eq_of_eq_at_reached_history	public
GameTheory/Languages/OpenGame/Sequential.lean	311	L-OPEN	theorem	realize_update_eq_of_eq_at_reached_history	public
GameTheory/Languages/OpenGame/Sequential.lean	326	L-OPEN	theorem	realize_eq_of_prefix_and_eq_from	public
GameTheory/Languages/OpenGame/Sequential.lean	346	L-OPEN	def	ShapeSeqDep	public
GameTheory/Languages/OpenGame/Sequential.lean	359	L-OPEN	def	actionNFG	public
GameTheory/Languages/OpenGame/Sequential.lean	367	L-OPEN	def	compileAction	public
GameTheory/Languages/OpenGame/Sequential.lean	372	L-OPEN	theorem	isEquilibriumIn_iff_isNashPure	public
GameTheory/Languages/OpenGame/Sequential.lean	379	L-OPEN	theorem	isEquilibriumIn_iff_isNash	public
GameTheory/Languages/OpenGame/Sequential.lean	396	L-OPEN	def	IsConditionedEquilibrium	public
GameTheory/Languages/OpenGame/Sequential.lean	406	L-OPEN	def	IsOneShotConditionedEquilibrium	public
GameTheory/Languages/OpenGame/Sequential.lean	416	L-OPEN	theorem	isConditionedEquilibrium_iff_isOneShot	public
GameTheory/Languages/OpenGame/Sequential.lean	436	L-OPEN	def	conditioned	public
GameTheory/Languages/OpenGame/Sequential.lean	445	L-OPEN	theorem	conditioned_isEquilibriumIn_iff	public
GameTheory/Languages/OpenGame/Sequential.lean	453	L-OPEN	theorem	conditioned_isEquilibriumIn_iff_oneShot	public
GameTheory/Languages/OpenGame/Sequential.lean	461	L-OPEN	theorem	conditioned_implies_plain	public
GameTheory/Languages/OpenGame/Sequential.lean	469	L-OPEN	def	historyAction	public
GameTheory/Languages/OpenGame/Sequential.lean	480	L-OPEN	def	profileForHistory	public
GameTheory/Languages/OpenGame/Sequential.lean	484	L-OPEN	theorem	profileForHistory_eq_of_le	public
GameTheory/Languages/OpenGame/Sequential.lean	491	L-OPEN	theorem	realize_profileForHistory_prior	public
GameTheory/Languages/OpenGame/Sequential.lean	509	L-OPEN	theorem	exists_profile_realizing_history	public
GameTheory/Languages/OpenGame/Syntax.lean	34	L-OPEN	structure	OpenGame	public
GameTheory/Languages/OpenGame/Syntax.lean	45	L-OPEN	abbrev	Context	public
GameTheory/Languages/OpenGame/Syntax.lean	52	L-OPEN	def	IsEquilibriumAt	public
GameTheory/Languages/OpenGame/Syntax.lean	58	L-OPEN	def	seq	public
GameTheory/Languages/OpenGame/Syntax.lean	70	L-OPEN	def	tensor	public
GameTheory/Languages/OpenGame/Syntax.lean	91	L-OPEN	structure	Lens	public
GameTheory/Languages/OpenGame/Syntax.lean	102	L-OPEN	def	toOpenGame	public
GameTheory/Languages/OpenGame/Syntax.lean	115	L-OPEN	def	ofLens	public
GameTheory/Languages/OpenGame/Syntax.lean	119	L-OPEN	def	idWire	public
GameTheory/Languages/OpenGame/Syntax.lean	123	L-OPEN	def	swapWire	public
GameTheory/Languages/OpenGame/Syntax.lean	128	L-OPEN	def	assocWire	public
GameTheory/Languages/OpenGame/Syntax.lean	135	L-OPEN	def	unassocWire	public
GameTheory/Languages/OpenGame/Syntax.lean	142	L-OPEN	def	copyWire	public
GameTheory/Languages/OpenGame/Syntax.lean	146	L-OPEN	def	fstWire	public
GameTheory/Languages/OpenGame/Syntax.lean	150	L-OPEN	def	sndWire	public
GameTheory/Languages/OpenGame/Syntax.lean	155	L-OPEN	def	decision	public
GameTheory/Languages/OpenGame/Syntax.lean	163	L-OPEN	def	costate	public
GameTheory/Languages/OpenGame/Syntax.lean	176	L-OPEN	structure	OpenGameIso	public
GameTheory/Languages/OpenGame/Syntax.lean	201	L-OPEN	def	unitProdEquiv	public
GameTheory/Languages/OpenGame/Syntax.lean	210	L-OPEN	def	prodUnitEquiv	public
GameTheory/Languages/OpenGame/Syntax.lean	217	L-OPEN	abbrev	prodAssocEquiv	public
GameTheory/Languages/OpenGame/Syntax.lean	221	L-OPEN	theorem	unitProdEquiv_apply	public
GameTheory/Languages/OpenGame/Syntax.lean	225	L-OPEN	theorem	unitProdEquiv_symm_apply	public
GameTheory/Languages/OpenGame/Syntax.lean	229	L-OPEN	theorem	prodUnitEquiv_apply	public
GameTheory/Languages/OpenGame/Syntax.lean	233	L-OPEN	theorem	prodUnitEquiv_symm_apply	public
GameTheory/Languages/OpenGame/Syntax.lean	237	L-OPEN	def	ofStrat	public
GameTheory/Languages/OpenGame/Syntax.lean	253	L-OPEN	def	refl	public
GameTheory/Languages/OpenGame/Syntax.lean	258	L-OPEN	def	symm	public
GameTheory/Languages/OpenGame/Syntax.lean	281	L-OPEN	def	trans	public
GameTheory/Languages/OpenGame/Syntax.lean	312	L-OPEN	def	seqIdLeft	public
GameTheory/Languages/OpenGame/Syntax.lean	325	L-OPEN	def	seqIdRight	public
GameTheory/Languages/OpenGame/Syntax.lean	338	L-OPEN	def	seqAssoc	public
GameTheory/Languages/OpenGame/Syntax.lean	350	L-OPEN	def	tensorAssoc	public
GameTheory/Languages/OpenGame/Syntax.lean	369	L-OPEN	def	tensorUnitLeft	public
GameTheory/Languages/OpenGame/Syntax.lean	386	L-OPEN	def	tensorUnitRight	public
GameTheory/Languages/OpenGame/Syntax.lean	403	L-OPEN	def	tensorComm	public
GameTheory/Languages/OpenGame/Syntax.lean	419	L-OPEN	def	interchange	public
GameTheory/Languages/OpenGame/Tests.lean	28	L-OPEN	def	twoMove	public
GameTheory/Languages/OpenGame/Tests.lean	34	L-OPEN	def	twoMoveStrategy	public
GameTheory/Languages/OpenGame/Tests.lean	41	L-OPEN	theorem	twoMove_equilibrium_iff	public
GameTheory/Languages/OpenGame/Theorems.lean	25	L-OPEN	def	conditioned	public
GameTheory/Languages/OpenGame/Theorems.lean	38	L-OPEN	def	IsConditionedEquilibrium	public
GameTheory/Languages/OpenGame/Theorems.lean	44	L-OPEN	theorem	conditioned_isEquilibriumIn_iff_isConditionedEquilibrium	public
GameTheory/Languages/OpenGame/Theorems.lean	52	L-OPEN	theorem	conditioned_implies_plain	public
GameTheory/Languages/OpenGame/Theorems.lean	60	L-OPEN	theorem	conditioned_iff_plain_and_offPath	public
GameTheory/Mechanism/Bayesian/AffineMaximizer.lean	45	M-BAYES	def	affineObjective	public
GameTheory/Mechanism/Bayesian/AffineMaximizer.lean	49	M-BAYES	def	affineChoice	public
GameTheory/Mechanism/Bayesian/AffineMaximizer.lean	54	M-BAYES	theorem	affineChoice_max	public
GameTheory/Mechanism/Bayesian/AffineMaximizer.lean	62	M-BAYES	def	othersWelfare	public
GameTheory/Mechanism/Bayesian/AffineMaximizer.lean	67	M-BAYES	def	pivotWelfare	public
GameTheory/Mechanism/Bayesian/AffineMaximizer.lean	74	M-BAYES	def	affineMaximizer	public
GameTheory/Mechanism/Bayesian/AffineMaximizer.lean	85	M-BAYES	theorem	othersWelfare_independentOfCoordinate	public
GameTheory/Mechanism/Bayesian/AffineMaximizer.lean	97	M-BAYES	theorem	othersWelfare_eq_of_agree	public
GameTheory/Mechanism/Bayesian/AffineMaximizer.lean	107	M-BAYES	theorem	affineMaximizer_wUtil	public
GameTheory/Mechanism/Bayesian/AffineMaximizer.lean	126	M-BAYES	theorem	affineMaximizer_payment_nonneg	public
GameTheory/Mechanism/Bayesian/AffineMaximizer.lean	135	M-BAYES	theorem	affineMaximizer_isDSIC	public
GameTheory/Mechanism/Bayesian/AffineMaximizer.lean	150	M-BAYES	def	vcg	public
GameTheory/Mechanism/Bayesian/AffineMaximizer.lean	156	M-BAYES	theorem	vcg_isDSIC	public
GameTheory/Mechanism/Bayesian/BayesCorrelatedEq.lean	37	M-BAYES	abbrev	TypeProfile	public
GameTheory/Mechanism/Bayesian/BayesCorrelatedEq.lean	40	M-BAYES	abbrev	ActionProfile	public
GameTheory/Mechanism/Bayesian/BayesCorrelatedEq.lean	44	M-BAYES	abbrev	RecommendationLaw	public
GameTheory/Mechanism/Bayesian/BayesCorrelatedEq.lean	49	M-BAYES	def	BayesPlausible	public
GameTheory/Mechanism/Bayesian/BayesCorrelatedEq.lean	53	M-BAYES	abbrev	ObedienceDeviation	public
GameTheory/Mechanism/Bayesian/BayesCorrelatedEq.lean	57	M-BAYES	def	recommendedEU	public
GameTheory/Mechanism/Bayesian/BayesCorrelatedEq.lean	62	M-BAYES	def	strategyRecommendationLaw	public
GameTheory/Mechanism/Bayesian/BayesCorrelatedEq.lean	66	M-BAYES	theorem	strategyRecommendationLaw_bayesPlausible	public
GameTheory/Mechanism/Bayesian/BayesCorrelatedEq.lean	74	M-BAYES	theorem	recommendedEU_strategyRecommendationLaw	public
GameTheory/Mechanism/Bayesian/BayesCorrelatedEq.lean	84	M-BAYES	structure	InformationStructure	public
GameTheory/Mechanism/Bayesian/BayesCorrelatedEq.lean	93	M-BAYES	def	inducedBayesianGame	public
GameTheory/Mechanism/Bayesian/BayesCorrelatedEq.lean	102	M-BAYES	def	outcomeLaw	public
GameTheory/Mechanism/Bayesian/BayesCorrelatedEq.lean	107	M-BAYES	theorem	outcomeLaw_bayesPlausible	public
GameTheory/Mechanism/Bayesian/BayesCorrelatedEq.lean	124	M-BAYES	def	applyObedienceDeviation	public
GameTheory/Mechanism/Bayesian/BayesCorrelatedEq.lean	130	M-BAYES	def	deviatingEU	public
GameTheory/Mechanism/Bayesian/BayesCorrelatedEq.lean	137	M-BAYES	def	BayesCorrelatedEq	public
GameTheory/Mechanism/Bayesian/BayesCorrelatedEq.lean	143	M-BAYES	theorem	deviatingEU_strategyRecommendationLaw	public
GameTheory/Mechanism/Bayesian/BayesCorrelatedEq.lean	163	M-BAYES	theorem	BayesNash.strategyRecommendationLaw_bayesCorrelatedEq	public
GameTheory/Mechanism/Bayesian/BayesCorrelatedEq.lean	179	M-BAYES	theorem	recommendedEU_outcomeLaw	public
GameTheory/Mechanism/Bayesian/BayesCorrelatedEq.lean	195	M-BAYES	theorem	deviatingEU_outcomeLaw	public
GameTheory/Mechanism/Bayesian/BayesCorrelatedEq.lean	224	M-BAYES	theorem	BayesNash.outcomeLaw_bayesCorrelatedEq	public
GameTheory/Mechanism/Bayesian/BayesCorrelatedEq.lean	250	M-BAYES	def	toCompleteInfoBayesianGame	public
GameTheory/Mechanism/Bayesian/BayesCorrelatedEq.lean	257	M-BAYES	def	completeInfoRecommendationLaw	public
GameTheory/Mechanism/Bayesian/BayesCorrelatedEq.lean	262	M-BAYES	theorem	completeInfoRecommendationLaw_bayesPlausible	public
GameTheory/Mechanism/Bayesian/BayesCorrelatedEq.lean	273	M-BAYES	theorem	completeInfoRecommendationLaw_actionMarginal	public
GameTheory/Mechanism/Bayesian/BayesCorrelatedEq.lean	281	M-BAYES	theorem	completeInfo_recommendedEU_eq_correlatedEu	public
GameTheory/Mechanism/Bayesian/BayesCorrelatedEq.lean	294	M-BAYES	theorem	completeInfo_deviatingEU_eq_correlatedEu_deviation	public
GameTheory/Mechanism/Bayesian/BayesCorrelatedEq.lean	313	M-BAYES	theorem	BayesCorrelatedEq.to_completeInfo_correlatedEq	public
GameTheory/Mechanism/Bayesian/BayesCorrelatedEq.lean	326	M-BAYES	theorem	IsCorrelatedEq.completeInfo_bayesCorrelatedEq	public
GameTheory/Mechanism/Bayesian/BayesianGame.lean	42	M-BAYES	structure	BayesianGame	public
GameTheory/Mechanism/Bayesian/BayesianGame.lean	57	M-BAYES	abbrev	Strategy	public
GameTheory/Mechanism/Bayesian/BayesianGame.lean	60	M-BAYES	abbrev	BProfile	public
GameTheory/Mechanism/Bayesian/BayesianGame.lean	64	M-BAYES	def	exAnteEU	public
GameTheory/Mechanism/Bayesian/BayesianGame.lean	69	M-BAYES	def	toKernelGame	public
GameTheory/Mechanism/Bayesian/BayesianGame.lean	74	M-BAYES	def	BayesNash	public
GameTheory/Mechanism/Bayesian/BayesianGame.lean	78	M-BAYES	theorem	bayesNash_iff_isNash	public
GameTheory/Mechanism/Bayesian/BayesianGame.lean	85	M-BAYES	theorem	bayesNash_iff_exAnteEU	public
GameTheory/Mechanism/Bayesian/FeasiblePosteriors.lean	49	M-BAYES	def	meanPosterior	public
GameTheory/Mechanism/Bayesian/FeasiblePosteriors.lean	51	M-BAYES	theorem	meanPosterior_apply	public
GameTheory/Mechanism/Bayesian/FeasiblePosteriors.lean	61	M-BAYES	def	IsBayesPlausible	public
GameTheory/Mechanism/Bayesian/FeasiblePosteriors.lean	67	M-BAYES	def	posteriorCoupling	public
GameTheory/Mechanism/Bayesian/FeasiblePosteriors.lean	72	M-BAYES	theorem	posteriorCoupling_apply	public
GameTheory/Mechanism/Bayesian/FeasiblePosteriors.lean	96	M-BAYES	theorem	posteriorCoupling_snd	public
GameTheory/Mechanism/Bayesian/FeasiblePosteriors.lean	108	M-BAYES	theorem	posteriorCoupling_fst	public
GameTheory/Mechanism/Bayesian/FeasiblePosteriors.lean	125	M-BAYES	theorem	isBayesPlausible_iff_coupling_fst	public
GameTheory/Mechanism/Bayesian/FeasiblePosteriors.lean	131	M-BAYES	theorem	isBayesPlausible_uninformative	public
GameTheory/Mechanism/Bayesian/FeasiblePosteriors.lean	138	M-BAYES	theorem	isBayesPlausible_fullRevelation	public
GameTheory/Mechanism/Bayesian/FeasiblePosteriors.lean	147	M-BAYES	theorem	isBayesPlausible_bind	public
GameTheory/Mechanism/Bayesian/FeasiblePosteriors.lean	160	M-BAYES	theorem	isBayesPlausible_bind_pointwise	public
GameTheory/Mechanism/Bayesian/InformationalGame.lean	26	M-BAYES	structure	InformationalGame	public
GameTheory/Mechanism/Bayesian/InformationalGame.lean	39	M-BAYES	abbrev	SignalProfile	public
GameTheory/Mechanism/Bayesian/InformationalGame.lean	42	M-BAYES	abbrev	ActionProfile	public
GameTheory/Mechanism/Bayesian/InformationalGame.lean	45	M-BAYES	abbrev	Strategy	public
GameTheory/Mechanism/Bayesian/InformationalGame.lean	48	M-BAYES	abbrev	StrategyProfile	public
GameTheory/Mechanism/Bayesian/InformationalGame.lean	51	M-BAYES	def	play	public
GameTheory/Mechanism/Bayesian/InformationalGame.lean	57	M-BAYES	def	IsExPostEq	public
GameTheory/Mechanism/Bayesian/InformationalGame.lean	63	M-BAYES	abbrev	ActionTransfer	public
GameTheory/Mechanism/Bayesian/InformationalGame.lean	66	M-BAYES	def	subsidizedUtility	public
GameTheory/Mechanism/Bayesian/InformationalGame.lean	71	M-BAYES	def	IsExPostEqWithTransfer	public
GameTheory/Mechanism/Bayesian/InformationalGame.lean	80	M-BAYES	def	IsExPostDominantStrategyWithTransfer	public
GameTheory/Mechanism/Bayesian/InformationalGame.lean	87	M-BAYES	def	IsExPostDominantProfileWithTransfer	public
GameTheory/Mechanism/Bayesian/InformationalGame.lean	95	M-BAYES	def	IsSignalBlindExPostDominantKImplementation	public
GameTheory/Mechanism/Bayesian/InformationalGame.lean	104	M-BAYES	def	WeaklyDominatesReflexiveWithTransfer	public
GameTheory/Mechanism/Bayesian/InformationalGame.lean	111	M-BAYES	def	WeaklyDominatesWithStrictWitnessAndTransfer	public
GameTheory/Mechanism/Bayesian/InformationalGame.lean	121	M-BAYES	def	StrategyEquivalentWithTransfer	public
GameTheory/Mechanism/Bayesian/InformationalGame.lean	129	M-BAYES	def	IsUndominatedWithTransfer	public
GameTheory/Mechanism/Bayesian/InformationalGame.lean	135	M-BAYES	def	undominatedStrategyProfilesWithTransfer	public
GameTheory/Mechanism/Bayesian/InformationalGame.lean	141	M-BAYES	def	IsSignalBlindImplementation	public
GameTheory/Mechanism/Bayesian/InformationalGame.lean	150	M-BAYES	def	IsSignalBlindKImplementation	public
GameTheory/Mechanism/Bayesian/InformationalGame.lean	157	M-BAYES	theorem	IsExPostDominantProfileWithTransfer.toExPostEqWithTransfer	public
GameTheory/Mechanism/Bayesian/InformationalGame.lean	171	M-BAYES	theorem	IsSignalBlindExPostDominantKImplementation.nonneg	public
GameTheory/Mechanism/Bayesian/InformationalGame.lean	178	M-BAYES	theorem	IsSignalBlindExPostDominantKImplementation.exPostDominantProfile	public
GameTheory/Mechanism/Bayesian/InformationalGame.lean	185	M-BAYES	theorem	IsSignalBlindExPostDominantKImplementation.cost_bound	public
GameTheory/Mechanism/Bayesian/InformationalGame.lean	192	M-BAYES	theorem	StrategyEquivalentWithTransfer.refl	public
GameTheory/Mechanism/Bayesian/InformationalGame.lean	199	M-BAYES	theorem	StrategyEquivalentWithTransfer.symm	public
GameTheory/Mechanism/Bayesian/InformationalGame.lean	207	M-BAYES	theorem	StrategyEquivalentWithTransfer.trans	public
GameTheory/Mechanism/Bayesian/InformationalGame.lean	216	M-BAYES	theorem	IsExPostDominantStrategyWithTransfer.weaklyDominatesReflexiveWithTransfer	public
GameTheory/Mechanism/Bayesian/InformationalGame.lean	225	M-BAYES	theorem	WeaklyDominatesWithStrictWitnessAndTransfer.irrefl	public
GameTheory/Mechanism/Bayesian/InformationalGame.lean	232	M-BAYES	theorem	WeaklyDominatesWithStrictWitnessAndTransfer.trans	public
GameTheory/Mechanism/Bayesian/InformationalGame.lean	248	M-BAYES	theorem	WeaklyDominatesWithStrictWitnessAndTransfer.congr_dominated_strategyEquivalent	public
GameTheory/Mechanism/Bayesian/InformationalGame.lean	275	M-BAYES	theorem	StrategyEquivalentWithTransfer.isUndominated_iff	public
GameTheory/Mechanism/Bayesian/InformationalGame.lean	291	M-BAYES	theorem	exists_undominated_or_dominator_withTransfer	public
GameTheory/Mechanism/Bayesian/InformationalGame.lean	306	M-BAYES	theorem	exists_undominated_dominator_withTransfer	public
GameTheory/Mechanism/Bayesian/InformationalGame.lean	325	M-BAYES	theorem	isUndominatedWithTransfer_iff_strategyEquivalent_of_forall_weaklyDominatesReflexive	public
GameTheory/Mechanism/Bayesian/InformationalGame.lean	354	M-BAYES	theorem	undominatedStrategyProfilesWithTransfer_eq_strategyEquivalentClass	public
GameTheory/Mechanism/Bayesian/InformationalGame.lean	375	M-BAYES	theorem	IsExPostDominantProfileWithTransfer.undominatedStrategyProfiles_eq	public
GameTheory/Mechanism/Bayesian/InformationalGame.lean	385	M-BAYES	theorem	undominatedStrategyProfilesWithTransfer_eq_singleton_iff_strategyEquivalent_eq	public
GameTheory/Mechanism/Bayesian/InformationalGame.lean	427	M-BAYES	theorem	IsExPostDominantProfileWithTransfer.undominatedStrategyProfiles_eq_singleton_iff	public
GameTheory/Mechanism/Bayesian/InformationalGame.lean	438	M-BAYES	theorem	IsSignalBlindExPostDominantKImplementation.undominatedStrategyProfiles_eq	public
GameTheory/Mechanism/Bayesian/InformationalGame.lean	447	M-BAYES	theorem	IsSignalBlindExPostDominantKImplementation.undominatedStrategyProfiles_eq_singleton_iff	public
GameTheory/Mechanism/Bayesian/InformationalGame.lean	457	M-BAYES	theorem	IsSignalBlindImplementation.nonneg	public
GameTheory/Mechanism/Bayesian/InformationalGame.lean	463	M-BAYES	theorem	IsSignalBlindImplementation.nonempty	public
GameTheory/Mechanism/Bayesian/InformationalGame.lean	469	M-BAYES	theorem	IsSignalBlindImplementation.subset	public
GameTheory/Mechanism/Bayesian/InformationalGame.lean	481	M-BAYES	def	TransferClassStrategyEquivalent	public
GameTheory/Mechanism/Bayesian/InformationalGame.lean	487	M-BAYES	def	TransferClassStrategyProfileEquivalent	public
GameTheory/Mechanism/Bayesian/InformationalGame.lean	491	M-BAYES	theorem	TransferClassStrategyEquivalent.refl	public
GameTheory/Mechanism/Bayesian/InformationalGame.lean	498	M-BAYES	theorem	TransferClassStrategyEquivalent.symm	public
GameTheory/Mechanism/Bayesian/InformationalGame.lean	506	M-BAYES	theorem	TransferClassStrategyEquivalent.trans	public
GameTheory/Mechanism/Bayesian/InformationalGame.lean	515	M-BAYES	theorem	TransferClassStrategyProfileEquivalent.refl	public
GameTheory/Mechanism/Bayesian/InformationalGame.lean	521	M-BAYES	theorem	TransferClassStrategyProfileEquivalent.symm	public
GameTheory/Mechanism/Bayesian/InformationalGame.lean	528	M-BAYES	theorem	TransferClassStrategyProfileEquivalent.trans	public
GameTheory/Mechanism/Bayesian/InformationalGame.lean	538	M-BAYES	theorem	TransferClassStrategyProfileEquivalent.mem_undominatedProfiles_iff_of_mem	public
GameTheory/Mechanism/Bayesian/InformationalGame.lean	552	M-BAYES	theorem	IsSignalBlindImplementation.exists_transferClassSaturated_subset	public
GameTheory/Mechanism/Bayesian/InformationalGame.lean	565	M-BAYES	theorem	IsSignalBlindImplementation.eq_of_transferClassStrategyProfileEquivalent_singleton	public
GameTheory/Mechanism/Bayesian/InformationalGame.lean	579	M-BAYES	theorem	IsSignalBlindKImplementation.implementation	public
GameTheory/Mechanism/Bayesian/InformationalGame.lean	586	M-BAYES	theorem	singleton_target_undominated_of_isSignalBlindImplementation	public
GameTheory/Mechanism/Bayesian/InformationalGame.lean	597	M-BAYES	theorem	singleton_signalBlindImplementation_isExPostDominant	public
GameTheory/Mechanism/Bayesian/InformationalGame.lean	654	M-BAYES	def	toBayesianGame	public
GameTheory/Mechanism/Bayesian/InformationalGame.lean	662	M-BAYES	theorem	IsExPostEq.toBayesNash	public
GameTheory/Mechanism/Bayesian/InformationDesign.lean	41	M-BAYES	structure	SignalStructure	public
GameTheory/Mechanism/Bayesian/InformationDesign.lean	50	M-BAYES	def	joint	public
GameTheory/Mechanism/Bayesian/InformationDesign.lean	54	M-BAYES	def	messageMarginal	public
GameTheory/Mechanism/Bayesian/InformationDesign.lean	61	M-BAYES	def	HasPriorMarginal	public
GameTheory/Mechanism/Bayesian/InformationDesign.lean	65	M-BAYES	theorem	joint_hasPriorMarginal	public
GameTheory/Mechanism/Bayesian/InformationDesign.lean	77	M-BAYES	def	uninformative	public
GameTheory/Mechanism/Bayesian/InformationDesign.lean	81	M-BAYES	def	fullInformation	public
GameTheory/Mechanism/Bayesian/InformationDesign.lean	84	M-BAYES	theorem	uninformative_kernel	public
GameTheory/Mechanism/Bayesian/InformationDesign.lean	87	M-BAYES	theorem	fullInformation_kernel	public
GameTheory/Mechanism/Bayesian/InformationDesign.lean	91	M-BAYES	theorem	joint_apply	public
GameTheory/Mechanism/Bayesian/InformationDesign.lean	121	M-BAYES	theorem	messageMarginal_apply	public
GameTheory/Mechanism/Bayesian/InformationDesign.lean	134	M-BAYES	structure	PersuasionProblem	public
GameTheory/Mechanism/Bayesian/InformationDesign.lean	148	M-BAYES	def	receiverScore	public
GameTheory/Mechanism/Bayesian/InformationDesign.lean	152	M-BAYES	def	senderScore	public
GameTheory/Mechanism/Bayesian/InformationDesign.lean	156	M-BAYES	def	IsReceiverOptimal	public
GameTheory/Mechanism/Bayesian/InformationDesign.lean	160	M-BAYES	abbrev	DecisionRule	public
GameTheory/Mechanism/Bayesian/InformationDesign.lean	164	M-BAYES	def	IsPersuasive	public
GameTheory/Mechanism/Bayesian/InformationDesign.lean	168	M-BAYES	def	senderEU	public
GameTheory/Mechanism/Bayesian/InformationDesign.lean	172	M-BAYES	theorem	senderEU_eq_sum	public
GameTheory/Mechanism/Bayesian/InformationDesign.lean	204	M-BAYES	theorem	senderEU_eq_sum_senderScore	public
GameTheory/Mechanism/Bayesian/InformationDesign.lean	214	M-BAYES	def	IsOptimalPersuasive	public
GameTheory/Mechanism/Bayesian/JointFeasiblePosteriors.lean	47	M-BAYES	def	agentMarginal	public
GameTheory/Mechanism/Bayesian/JointFeasiblePosteriors.lean	51	M-BAYES	theorem	posteriorCoupling_pure	public
GameTheory/Mechanism/Bayesian/JointFeasiblePosteriors.lean	59	M-BAYES	def	IsJointBayesPlausible	public
GameTheory/Mechanism/Bayesian/JointFeasiblePosteriors.lean	68	M-BAYES	def	IsJointFeasible	public
GameTheory/Mechanism/Bayesian/JointFeasiblePosteriors.lean	77	M-BAYES	theorem	IsJointFeasible.bayesPlausible_agentMarginal	public
GameTheory/Mechanism/Bayesian/JointFeasiblePosteriors.lean	86	M-BAYES	theorem	IsJointFeasible.isJointBayesPlausible	public
GameTheory/Mechanism/Bayesian/JointFeasiblePosteriors.lean	93	M-BAYES	theorem	isJointFeasible_uninformative	public
GameTheory/Mechanism/Bayesian/MechanismDesign.lean	37	M-BAYES	structure	Mechanism	public
GameTheory/Mechanism/Bayesian/MechanismDesign.lean	48	M-BAYES	def	isIC	public
GameTheory/Mechanism/Bayesian/MechanismDesign.lean	59	M-BAYES	def	isBIC	public
GameTheory/Mechanism/Bayesian/MechanismDesign.lean	66	M-BAYES	theorem	isIC_implies_isBIC	public
GameTheory/Mechanism/Bayesian/MechanismDesign.lean	79	M-BAYES	def	inducedBayesianGame	public
GameTheory/Mechanism/Bayesian/MechanismDesign.lean	87	M-BAYES	def	truthful	public
GameTheory/Mechanism/Bayesian/MechanismDesign.lean	95	M-BAYES	theorem	update_truthful_apply	public
GameTheory/Mechanism/Bayesian/MechanismDesign.lean	109	M-BAYES	theorem	isIC_implies_truthful_bayesNash	public
GameTheory/Mechanism/Bayesian/MechanismDesign.lean	124	M-BAYES	def	isStrategyProof	public
GameTheory/Mechanism/Bayesian/MechanismDesign.lean	127	M-BAYES	theorem	isStrategyProof_iff_isIC	public
GameTheory/Mechanism/Bayesian/MechanismDesign.lean	132	M-BAYES	def	socialWelfare	public
GameTheory/Mechanism/Bayesian/MechanismDesign.lean	138	M-BAYES	def	IsIndividuallyRational	public
GameTheory/Mechanism/Bayesian/MechanismDesign.lean	143	M-BAYES	def	IsNonNegative	public
GameTheory/Mechanism/Bayesian/MechanismDesign.lean	146	M-BAYES	theorem	IsNonNegative_iff	public
GameTheory/Mechanism/Bayesian/MechanismDesign.lean	152	M-BAYES	theorem	isBIC_of_truthful_bayesNash	public
GameTheory/Mechanism/Bayesian/Monotonicity.lean	41	M-BAYES	structure	SCFWithPayments	public
GameTheory/Mechanism/Bayesian/Monotonicity.lean	57	M-BAYES	def	utility	public
GameTheory/Mechanism/Bayesian/Monotonicity.lean	62	M-BAYES	def	IsDSIC	public
GameTheory/Mechanism/Bayesian/Monotonicity.lean	69	M-BAYES	def	IsWeaklyMonotone	public
GameTheory/Mechanism/Bayesian/Monotonicity.lean	78	M-BAYES	theorem	weaklyMonotone_of_dsic	public
GameTheory/Mechanism/Bayesian/Myerson.lean	66	M-BAYES	structure	SingleParameterMechanism	public
GameTheory/Mechanism/Bayesian/Myerson.lean	79	M-BAYES	def	toSCFWithPayments	public
GameTheory/Mechanism/Bayesian/Myerson.lean	87	M-BAYES	def	utility	public
GameTheory/Mechanism/Bayesian/Myerson.lean	91	M-BAYES	def	IsDSIC	public
GameTheory/Mechanism/Bayesian/Myerson.lean	95	M-BAYES	theorem	toSCFWithPayments_utility	public
GameTheory/Mechanism/Bayesian/Myerson.lean	100	M-BAYES	theorem	isDSIC_iff	public
GameTheory/Mechanism/Bayesian/Myerson.lean	107	M-BAYES	def	AllocationIsMonotone	public
GameTheory/Mechanism/Bayesian/Myerson.lean	112	M-BAYES	def	IsMonotone	public
GameTheory/Mechanism/Bayesian/Myerson.lean	117	M-BAYES	abbrev	allocationDiff	public
GameTheory/Mechanism/Bayesian/Myerson.lean	123	M-BAYES	abbrev	paymentDiff	public
GameTheory/Mechanism/Bayesian/Myerson.lean	128	M-BAYES	theorem	payment_difference_le_of_isDSIC	public
GameTheory/Mechanism/Bayesian/Myerson.lean	137	M-BAYES	theorem	payment_difference_ge_of_isDSIC	public
GameTheory/Mechanism/Bayesian/Myerson.lean	147	M-BAYES	theorem	payment_sandwich	public
GameTheory/Mechanism/Bayesian/Myerson.lean	154	M-BAYES	theorem	payment_difference_bound	public
GameTheory/Mechanism/Bayesian/Myerson.lean	168	M-BAYES	theorem	isMonotone_of_isDSIC	public
GameTheory/Mechanism/Bayesian/Myerson.lean	188	M-BAYES	abbrev	OwnAllocation	public
GameTheory/Mechanism/Bayesian/Myerson.lean	195	M-BAYES	def	IsEnvelopeIntegrable	public
GameTheory/Mechanism/Bayesian/Myerson.lean	201	M-BAYES	theorem	isEnvelopeIntegrable_of_isMonotone	public
GameTheory/Mechanism/Bayesian/Myerson.lean	213	M-BAYES	def	OwnAllocationContinuous	public
GameTheory/Mechanism/Bayesian/Myerson.lean	217	M-BAYES	theorem	isEnvelopeIntegrable_of_continuous	public
GameTheory/Mechanism/Bayesian/Myerson.lean	224	M-BAYES	def	ZeroNormalized	public
GameTheory/Mechanism/Bayesian/Myerson.lean	229	M-BAYES	def	HasEnvelopeDerivative	public
GameTheory/Mechanism/Bayesian/Myerson.lean	234	M-BAYES	theorem	slope_bounds_of_isDSIC	private
GameTheory/Mechanism/Bayesian/Myerson.lean	286	M-BAYES	theorem	hasEnvelopeDerivative_of_isDSIC_of_continuous	public
GameTheory/Mechanism/Bayesian/Myerson.lean	307	M-BAYES	theorem	endpoint_mul_le_integral	private
GameTheory/Mechanism/Bayesian/Myerson.lean	325	M-BAYES	theorem	integral_le_endpoint_mul	private
GameTheory/Mechanism/Bayesian/Myerson.lean	344	M-BAYES	def	myersonPayment	public
GameTheory/Mechanism/Bayesian/Myerson.lean	350	M-BAYES	def	withMyersonPayment	public
GameTheory/Mechanism/Bayesian/Myerson.lean	356	M-BAYES	theorem	myersonPayment_zeroNormalized	public
GameTheory/Mechanism/Bayesian/Myerson.lean	363	M-BAYES	theorem	withMyersonPayment_hasEnvelopeDerivative_of_continuous	public
GameTheory/Mechanism/Bayesian/Myerson.lean	378	M-BAYES	theorem	payment_eq_myersonPayment_of_zeroNormalized_of_hasEnvelopeDerivative	public
GameTheory/Mechanism/Bayesian/Myerson.lean	401	M-BAYES	theorem	payment_eq_myersonPayment_of_isDSIC_of_zeroNormalized	public
GameTheory/Mechanism/Bayesian/Myerson.lean	413	M-BAYES	theorem	payment_formula_of_isDSIC_of_zeroNormalized	public
GameTheory/Mechanism/Bayesian/Myerson.lean	426	M-BAYES	theorem	withMyersonPayment_isDSIC_of_isMonotone	public
GameTheory/Mechanism/Bayesian/Myerson.lean	450	M-BAYES	def	IsImplementable	public
GameTheory/Mechanism/Bayesian/Myerson.lean	455	M-BAYES	theorem	isMonotone_of_isImplementable	public
GameTheory/Mechanism/Bayesian/Myerson.lean	462	M-BAYES	theorem	isImplementable_of_isMonotone	public
GameTheory/Mechanism/Bayesian/Myerson.lean	470	M-BAYES	theorem	existsUnique_zeroNormalized_payment_of_isMonotone	public
GameTheory/Mechanism/Bayesian/RevelationPrinciple.lean	36	M-BAYES	structure	GeneralMechanism	public
GameTheory/Mechanism/Bayesian/RevelationPrinciple.lean	49	M-BAYES	def	StrategyProfile	public
GameTheory/Mechanism/Bayesian/RevelationPrinciple.lean	52	M-BAYES	def	payoff	public
GameTheory/Mechanism/Bayesian/RevelationPrinciple.lean	59	M-BAYES	def	IsBNE	public
GameTheory/Mechanism/Bayesian/RevelationPrinciple.lean	68	M-BAYES	def	toDirect	public
GameTheory/Mechanism/Bayesian/RevelationPrinciple.lean	81	M-BAYES	theorem	revelation_principle	public
GameTheory/Mechanism/Contracts/Basic.lean	54	M-CONTRACT	structure	PrincipalAgent	public
GameTheory/Mechanism/Contracts/Basic.lean	68	M-CONTRACT	def	agentUtility	public
GameTheory/Mechanism/Contracts/Basic.lean	73	M-CONTRACT	def	principalUtility	public
GameTheory/Mechanism/Contracts/Basic.lean	77	M-CONTRACT	def	expectedReward	public
GameTheory/Mechanism/Contracts/Basic.lean	82	M-CONTRACT	def	linearPayment	public
GameTheory/Mechanism/Contracts/Basic.lean	85	M-CONTRACT	def	LimitedLiability	public
GameTheory/Mechanism/Contracts/Basic.lean	89	M-CONTRACT	def	IsIncentivized	public
GameTheory/Mechanism/Contracts/Basic.lean	94	M-CONTRACT	def	IsIR	public
GameTheory/Mechanism/Contracts/Basic.lean	100	M-CONTRACT	theorem	principalUtility_add_agentUtility	public
GameTheory/Mechanism/Contracts/Basic.lean	110	M-CONTRACT	theorem	agentUtility_ge	public
GameTheory/Mechanism/Contracts/Basic.lean	119	M-CONTRACT	theorem	linearPayment_limitedLiability	public
GameTheory/Mechanism/Contracts/Basic.lean	126	M-CONTRACT	theorem	agentUtility_linearPayment	public
GameTheory/Mechanism/Contracts/Basic.lean	135	M-CONTRACT	theorem	exists_incentivized	public
GameTheory/Mechanism/Contracts/Basic.lean	143	M-CONTRACT	def	socialSurplus	public
GameTheory/Mechanism/Contracts/Basic.lean	150	M-CONTRACT	theorem	agentUtility_linearPayment_one	public
GameTheory/Mechanism/Contracts/Basic.lean	157	M-CONTRACT	theorem	principalUtility_linearPayment	public
GameTheory/Mechanism/Contracts/Basic.lean	166	M-CONTRACT	theorem	principalUtility_linearPayment_one	public
GameTheory/Mechanism/Contracts/Basic.lean	174	M-CONTRACT	theorem	isIncentivized_linearPayment_one_iff	public
GameTheory/Mechanism/Contracts/Basic.lean	181	M-CONTRACT	theorem	agentUtility_mono	public
GameTheory/Mechanism/Contracts/Basic.lean	191	M-CONTRACT	theorem	isIR_of_isIncentivized	public
GameTheory/Mechanism/Contracts/Basic.lean	202	M-CONTRACT	theorem	principalUtility_le_socialSurplus_of_isIR	public
GameTheory/Mechanism/Contracts/Basic.lean	211	M-CONTRACT	theorem	principalUtility_eq_socialSurplus_iff	public
GameTheory/Mechanism/Contracts/Basic.lean	222	M-CONTRACT	theorem	principalUtility_le_firstBest	public
GameTheory/Mechanism/FairDivision/Divisible/Basic.lean	29	M-CAKE	abbrev	Allocation	public
GameTheory/Mechanism/FairDivision/Divisible/Basic.lean	32	M-CAKE	structure	IsAllocation	public
GameTheory/Mechanism/FairDivision/Divisible/Basic.lean	46	M-CAKE	theorem	mem_iUnion	public
GameTheory/Mechanism/FairDivision/Divisible/Basic.lean	54	M-CAKE	def	IsContiguousAllocation	public
GameTheory/Mechanism/FairDivision/Divisible/Basic.lean	58	M-CAKE	structure	CakeValuation	public
GameTheory/Mechanism/FairDivision/Divisible/Basic.lean	63	M-CAKE	def	MeasureValuation	public
GameTheory/Mechanism/FairDivision/Divisible/Basic.lean	72	M-CAKE	theorem	val_empty	public
GameTheory/Mechanism/FairDivision/Divisible/Basic.lean	76	M-CAKE	theorem	val_union	public
GameTheory/Mechanism/FairDivision/Divisible/Basic.lean	84	M-CAKE	theorem	val_iUnion	public
GameTheory/Mechanism/FairDivision/Divisible/Basic.lean	94	M-CAKE	def	IsNormalized	public
GameTheory/Mechanism/FairDivision/Divisible/Basic.lean	101	M-CAKE	theorem	iff_isProbabilityMeasure	public
GameTheory/Mechanism/FairDivision/Divisible/Basic.lean	113	M-CAKE	def	IsEnvyFree	public
GameTheory/Mechanism/FairDivision/Divisible/Basic.lean	118	M-CAKE	def	IsProportional	public
GameTheory/Mechanism/FairDivision/Divisible/Basic.lean	123	M-CAKE	def	IsEquitable	public
GameTheory/Mechanism/FairDivision/Divisible/Basic.lean	128	M-CAKE	theorem	IsEnvyFree.isProportional	public
GameTheory/Mechanism/FairDivision/Divisible/Basic.lean	146	M-CAKE	structure	CardinalInstance	public
GameTheory/Mechanism/FairDivision/Divisible/Basic.lean	153	M-CAKE	def	IsEnvyFree	public
GameTheory/Mechanism/FairDivision/Divisible/Basic.lean	160	M-CAKE	structure	MeasureInstance	public
GameTheory/Mechanism/FairDivision/Divisible/Basic.lean	169	M-CAKE	def	toCakeValuation	public
GameTheory/Mechanism/FairDivision/Divisible/Basic.lean	173	M-CAKE	def	toCardinalInstance	public
GameTheory/Mechanism/FairDivision/Divisible/Basic.lean	178	M-CAKE	def	feasible	public
GameTheory/Mechanism/FairDivision/Divisible/Basic.lean	182	M-CAKE	def	IsEnvyFree	public
GameTheory/Mechanism/FairDivision/Divisible/Basic.lean	187	M-CAKE	theorem	isEnvyFree_iff_toCardinalInstance_isEnvyFree	public
GameTheory/Mechanism/FairDivision/Divisible/Basic.lean	198	M-CAKE	def	IsProportional	public
GameTheory/Mechanism/FairDivision/Divisible/Basic.lean	203	M-CAKE	def	IsEquitable	public
GameTheory/Mechanism/FairDivision/Divisible/Basic.lean	208	M-CAKE	theorem	IsEnvyFree.isProportional	public
GameTheory/Mechanism/FairDivision/Divisible/CutAndChoose.lean	30	M-CAKE	def	cutAndChooseAlloc	public
GameTheory/Mechanism/FairDivision/Divisible/CutAndChoose.lean	39	M-CAKE	def	IsFairCutPoint	public
GameTheory/Mechanism/FairDivision/Divisible/CutAndChoose.lean	42	M-CAKE	theorem	cutAndChooseAlloc_zero	public
GameTheory/Mechanism/FairDivision/Divisible/CutAndChoose.lean	47	M-CAKE	theorem	cutAndChooseAlloc_one	public
GameTheory/Mechanism/FairDivision/Divisible/CutAndChoose.lean	54	M-CAKE	theorem	cutAndChooseAlloc_isAllocation	public
GameTheory/Mechanism/FairDivision/Divisible/CutAndChoose.lean	92	M-CAKE	theorem	chooser_isEnvyFree	public
GameTheory/Mechanism/FairDivision/Divisible/CutAndChoose.lean	102	M-CAKE	theorem	cutter_isEnvyFree_of_fair	public
GameTheory/Mechanism/FairDivision/Divisible/CutAndChoose.lean	113	M-CAKE	theorem	cutAndChoose_isEnvyFree	public
GameTheory/Mechanism/FairDivision/Divisible/CutAndChoose.lean	124	M-CAKE	theorem	cutAndChoose_ef_exists_of_fairCutPoint_exists	public
GameTheory/Mechanism/FairDivision/Divisible/CutAndChoose.lean	133	M-CAKE	theorem	fairCutPoint_exists	public
GameTheory/Mechanism/FairDivision/Divisible/CutAndChoose.lean	183	M-CAKE	theorem	cutAndChoose_ef_exists	public
GameTheory/Mechanism/FairDivision/Divisible/CutAndChoose.lean	190	M-CAKE	theorem	cutAndChoose_exists_envyFree_allocation	public
GameTheory/Mechanism/FairDivision/Divisible/CutAndChoose.lean	198	M-CAKE	def	cutAndChooseRule	public
GameTheory/Mechanism/FairDivision/Divisible/CutAndChoose.lean	206	M-CAKE	theorem	cutAndChooseRule_isEnvyFree	public
GameTheory/Mechanism/FairDivision/Divisible/DubinsSpanier.lean	29	M-CAKE	theorem	ennreal_prop_step	private
GameTheory/Mechanism/FairDivision/Divisible/DubinsSpanier.lean	60	M-CAKE	def	DubinsSpanierProp	private
GameTheory/Mechanism/FairDivision/Divisible/DubinsSpanier.lean	67	M-CAKE	theorem	ds_one	private
GameTheory/Mechanism/FairDivision/Divisible/DubinsSpanier.lean	79	M-CAKE	theorem	ds_step	private
GameTheory/Mechanism/FairDivision/Divisible/DubinsSpanier.lean	194	M-CAKE	theorem	dubinsSpanierFin	private
GameTheory/Mechanism/FairDivision/Divisible/DubinsSpanier.lean	208	M-CAKE	theorem	dubinsSpanierProportional	public
GameTheory/Mechanism/FairDivision/Divisible/DubinsSpanier.lean	215	M-CAKE	theorem	dubinsSpanier_exists_proportional_allocation	public
GameTheory/Mechanism/FairDivision/Divisible/DubinsSpanier.lean	223	M-CAKE	def	dubinsSpanierRule	public
GameTheory/Mechanism/FairDivision/Divisible/DubinsSpanier.lean	231	M-CAKE	theorem	dubinsSpanierRule_isProportional	public
GameTheory/Mechanism/FairDivision/Divisible/Existence.lean	28	M-CAKE	theorem	ef_exists_two_agents	public
GameTheory/Mechanism/FairDivision/Divisible/Existence.lean	37	M-CAKE	theorem	proportional_exists	public
GameTheory/Mechanism/FairDivision/Divisible/Existence.lean	72	M-CAKE	theorem	ef_exists	public
GameTheory/Mechanism/FairDivision/Divisible/Existence.lean	111	M-CAKE	theorem	ef_and_proportional_exists	public
GameTheory/Mechanism/FairDivision/Divisible/Existence.lean	123	M-CAKE	theorem	MeasureInstance.proportional_exists	public
GameTheory/Mechanism/FairDivision/Divisible/Existence.lean	135	M-CAKE	theorem	MeasureInstance.envyFree_exists	public
GameTheory/Mechanism/FairDivision/Divisible/Existence.lean	146	M-CAKE	theorem	MeasureInstance.envyFree_and_proportional_exists	public
GameTheory/Mechanism/FairDivision/Divisible/Stromquist.lean	37	M-CAKE	def	stromquistPiece	public
GameTheory/Mechanism/FairDivision/Divisible/Stromquist.lean	43	M-CAKE	theorem	stromquistPiece_partition	public
GameTheory/Mechanism/FairDivision/Divisible/Stromquist.lean	120	M-CAKE	theorem	stromquistPiece_empty_iff	public
GameTheory/Mechanism/FairDivision/Divisible/Stromquist.lean	145	M-CAKE	def	stromquistValue	public
GameTheory/Mechanism/FairDivision/Divisible/Stromquist.lean	150	M-CAKE	theorem	stromquistValue_continuous	public
GameTheory/Mechanism/FairDivision/Divisible/Stromquist.lean	169	M-CAKE	def	stromquistWeakPreferenceSet	public
GameTheory/Mechanism/FairDivision/Divisible/Stromquist.lean	173	M-CAKE	theorem	stromquistWeakPreferenceSet_closed	public
GameTheory/Mechanism/FairDivision/Divisible/Stromquist.lean	181	M-CAKE	theorem	stromquistWeakPreferenceSet_covers	public
GameTheory/Mechanism/FairDivision/Divisible/Stromquist.lean	192	M-CAKE	theorem	stromquistWeakPreferenceSet_avoids_face	public
GameTheory/Mechanism/FairDivision/Divisible/Stromquist.lean	217	M-CAKE	def	stromquistUniquePreferenceSet	public
GameTheory/Mechanism/FairDivision/Divisible/Stromquist.lean	222	M-CAKE	theorem	stromquistUniquePreferenceSet_open	public
GameTheory/Mechanism/FairDivision/Divisible/Stromquist.lean	246	M-CAKE	theorem	disjoint_stromquistUniquePreferenceSet	public
GameTheory/Mechanism/FairDivision/Divisible/Stromquist.lean	255	M-CAKE	def	stromquistUniquePreferenceUnion	public
GameTheory/Mechanism/FairDivision/Divisible/Stromquist.lean	259	M-CAKE	theorem	stromquistUniquePreferenceUnion_open	public
GameTheory/Mechanism/FairDivision/Divisible/Stromquist.lean	266	M-CAKE	theorem	stromquistUniquePreferenceUnion_avoids_face	public
GameTheory/Mechanism/FairDivision/Divisible/Stromquist.lean	281	M-CAKE	theorem	stromquist_fair_assignment	private
GameTheory/Mechanism/FairDivision/Divisible/Stromquist.lean	318	M-CAKE	theorem	stromquist_envyFree_exists_of_preferenceEquiv	public
GameTheory/Mechanism/FairDivision/Divisible/Stromquist.lean	401	M-CAKE	theorem	stromquist_usualCase_envyFree_exists	public
GameTheory/Mechanism/FairDivision/Divisible/Stromquist.lean	427	M-CAKE	def	stromquistShiftedCell	public
GameTheory/Mechanism/FairDivision/Divisible/Stromquist.lean	435	M-CAKE	def	stromquistCellHits	public
GameTheory/Mechanism/FairDivision/Divisible/Stromquist.lean	442	M-CAKE	def	stromquistCellOwner	public
GameTheory/Mechanism/FairDivision/Divisible/Stromquist.lean	455	M-CAKE	def	stromquistApproxUniquePreferenceSet	public
GameTheory/Mechanism/FairDivision/Divisible/Stromquist.lean	464	M-CAKE	def	stromquistApproxPreferenceUnion	public
GameTheory/Mechanism/FairDivision/Divisible/Stromquist.lean	469	M-CAKE	theorem	stromquistShiftedCell_open	public
GameTheory/Mechanism/FairDivision/Divisible/Stromquist.lean	494	M-CAKE	theorem	stromquistApproxUniquePreferenceSet_open	public
GameTheory/Mechanism/FairDivision/Divisible/Stromquist.lean	505	M-CAKE	theorem	stromquistApproxPreferenceUnion_open	public
GameTheory/Mechanism/FairDivision/Divisible/Stromquist.lean	513	M-CAKE	theorem	disjoint_stromquistApproxUniquePreferenceSet	public
GameTheory/Mechanism/FairDivision/Divisible/Stromquist.lean	556	M-CAKE	theorem	stromquistCellOwner_eq_some_imp_hits	private
GameTheory/Mechanism/FairDivision/Divisible/Stromquist.lean	581	M-CAKE	def	stromquistOnShiftedBoundary	public
GameTheory/Mechanism/FairDivision/Divisible/Stromquist.lean	586	M-CAKE	theorem	stromquist_mem_shiftedCell_of_not_onBoundary	private
GameTheory/Mechanism/FairDivision/Divisible/Stromquist.lean	611	M-CAKE	theorem	stromquistApproxPreferenceUnion_covers	public
GameTheory/Mechanism/FairDivision/Divisible/Stromquist.lean	684	M-CAKE	theorem	stromquist_same_shiftedCell_dist_le	private
GameTheory/Mechanism/FairDivision/Divisible/Stromquist.lean	741	M-CAKE	theorem	stromquistApproxPreferenceWitnesses	public
GameTheory/Mechanism/FairDivision/Divisible/Stromquist.lean	795	M-CAKE	theorem	stromquistApproxPreferenceUnion_eventually_avoids_faces	public
GameTheory/Mechanism/FairDivision/Divisible/Stromquist.lean	884	M-CAKE	theorem	stromquist_preferenceEquiv_exists_of_approx	public
GameTheory/Mechanism/FairDivision/Divisible/Stromquist.lean	968	M-CAKE	theorem	stromquist_preferenceEquiv_exists_of_positive	public
GameTheory/Mechanism/FairDivision/Divisible/Stromquist.lean	1003	M-CAKE	theorem	stromquist_envyFree_exists_of_positive	public
GameTheory/Mechanism/FairDivision/Divisible/Stromquist.lean	1016	M-CAKE	theorem	stromquist_envyFree_exists	public
GameTheory/Mechanism/FairDivision/Indivisible/Basic.lean	38	M-FAIR	abbrev	Bundle	public
GameTheory/Mechanism/FairDivision/Indivisible/Basic.lean	41	M-FAIR	abbrev	Allocation	public
GameTheory/Mechanism/FairDivision/Indivisible/Basic.lean	44	M-FAIR	abbrev	AdditiveValuation	public
GameTheory/Mechanism/FairDivision/Indivisible/Basic.lean	47	M-FAIR	def	value	public
GameTheory/Mechanism/FairDivision/Indivisible/Basic.lean	52	M-FAIR	def	Nonnegative	public
GameTheory/Mechanism/FairDivision/Indivisible/Basic.lean	57	M-FAIR	def	IsAllocation	public
GameTheory/Mechanism/FairDivision/Indivisible/Basic.lean	62	M-FAIR	def	IsEnvyFree	public
GameTheory/Mechanism/FairDivision/Indivisible/Basic.lean	67	M-FAIR	def	IsEF1	public
GameTheory/Mechanism/FairDivision/Indivisible/Basic.lean	74	M-FAIR	def	IsEFX	public
GameTheory/Mechanism/FairDivision/Indivisible/Basic.lean	80	M-FAIR	def	IsProportional	public
GameTheory/Mechanism/FairDivision/Indivisible/Basic.lean	86	M-FAIR	def	IsAlphaMMS	public
GameTheory/Mechanism/FairDivision/Indivisible/Basic.lean	90	M-FAIR	theorem	isEnvyFree_iff	public
GameTheory/Mechanism/FairDivision/Indivisible/Basic.lean	95	M-FAIR	theorem	isEF1_iff	public
GameTheory/Mechanism/FairDivision/Indivisible/Basic.lean	101	M-FAIR	theorem	isEFX_iff	public
GameTheory/Mechanism/FairDivision/Indivisible/Basic.lean	107	M-FAIR	theorem	isProportional_iff	public
GameTheory/Mechanism/FairDivision/Indivisible/Basic.lean	113	M-FAIR	theorem	value_empty	public
GameTheory/Mechanism/FairDivision/Indivisible/Basic.lean	117	M-FAIR	theorem	value_mono	public
GameTheory/Mechanism/FairDivision/Indivisible/Basic.lean	123	M-FAIR	theorem	value_erase_le	public
GameTheory/Mechanism/FairDivision/Indivisible/Basic.lean	128	M-FAIR	theorem	value_insert_of_notMem	public
GameTheory/Mechanism/FairDivision/Indivisible/Basic.lean	133	M-FAIR	theorem	value_erase_add	public
GameTheory/Mechanism/FairDivision/Indivisible/Basic.lean	139	M-FAIR	theorem	value_nonneg	public
GameTheory/Mechanism/FairDivision/Indivisible/Basic.lean	144	M-FAIR	theorem	value_eq_zero_of_forall_eq_zero	public
GameTheory/Mechanism/FairDivision/Indivisible/Basic.lean	151	M-FAIR	theorem	IsEnvyFree.isEFX_of_nonnegative	public
GameTheory/Mechanism/FairDivision/Indivisible/Basic.lean	159	M-FAIR	theorem	IsEnvyFree.isEF1	public
GameTheory/Mechanism/FairDivision/Indivisible/Basic.lean	167	M-FAIR	theorem	IsEFX.isEF1_of_nonnegative	public
GameTheory/Mechanism/FairDivision/Indivisible/Basic.lean	192	M-FAIR	theorem	value_univ_eq_sum_allocation	public
GameTheory/Mechanism/FairDivision/Indivisible/Basic.lean	217	M-FAIR	theorem	IsEnvyFree.isProportional	public
GameTheory/Mechanism/FairDivision/Indivisible/Basic.lean	232	M-FAIR	def	twoAgentAllocation	public
GameTheory/Mechanism/FairDivision/Indivisible/Basic.lean	235	M-FAIR	theorem	twoAgentAllocation_zero	public
GameTheory/Mechanism/FairDivision/Indivisible/Basic.lean	239	M-FAIR	theorem	twoAgentAllocation_one	public
GameTheory/Mechanism/FairDivision/Indivisible/Basic.lean	243	M-FAIR	theorem	twoAgentAllocation_isAllocation	public
GameTheory/Mechanism/FairDivision/Indivisible/Basic.lean	261	M-FAIR	theorem	ef_impossible_two_agents_one_good	public
GameTheory/Mechanism/FairDivision/Indivisible/Basic.lean	316	M-FAIR	def	cutScore	private
GameTheory/Mechanism/FairDivision/Indivisible/Basic.lean	320	M-FAIR	theorem	cutScore_compl	private
GameTheory/Mechanism/FairDivision/Indivisible/Basic.lean	328	M-FAIR	theorem	maximin_cut_no_envy_after_erase_right	private
GameTheory/Mechanism/FairDivision/Indivisible/Basic.lean	362	M-FAIR	theorem	maximin_cut_no_envy_after_erase_left	private
GameTheory/Mechanism/FairDivision/Indivisible/Basic.lean	379	M-FAIR	theorem	maximin_cut_partition_efx_for_zero	private
GameTheory/Mechanism/FairDivision/Indivisible/Basic.lean	394	M-FAIR	theorem	maximin_cut_partition_efx_for_zero_swapped	private
GameTheory/Mechanism/FairDivision/Indivisible/Basic.lean	412	M-FAIR	theorem	exists_efx_two_agents	public
GameTheory/Mechanism/FairDivision/Indivisible/Basic.lean	437	M-FAIR	theorem	efx_two_agents_two_goods	public
GameTheory/Mechanism/FairDivision/Indivisible/EnvyCycle.lean	31	M-FAIR	theorem	relabelFinValuation_nonnegative	private
GameTheory/Mechanism/FairDivision/Indivisible/EnvyCycle.lean	37	M-FAIR	theorem	value_relabelFinValuation	private
GameTheory/Mechanism/FairDivision/Indivisible/EnvyCycle.lean	42	M-FAIR	theorem	pullbackFinAllocation_isAllocation	private
GameTheory/Mechanism/FairDivision/Indivisible/EnvyCycle.lean	53	M-FAIR	theorem	pullbackFinAllocation_isEF1	private
GameTheory/Mechanism/FairDivision/Indivisible/EnvyCycle.lean	69	M-FAIR	def	envyCycleAllocation	public
GameTheory/Mechanism/FairDivision/Indivisible/EnvyCycle.lean	76	M-FAIR	def	envyCycleRule	public
GameTheory/Mechanism/FairDivision/Indivisible/EnvyCycle.lean	86	M-FAIR	theorem	envyCycleAllocation_isAllocation	public
GameTheory/Mechanism/FairDivision/Indivisible/EnvyCycle.lean	92	M-FAIR	theorem	envyCycleAllocation_isEF1	public
GameTheory/Mechanism/FairDivision/Indivisible/EnvyCycle.lean	102	M-FAIR	theorem	envyCycleRule_isEF1	public
GameTheory/Mechanism/FairDivision/Indivisible/MaximinShare.lean	29	M-FAIR	def	allGoodsAllocation	public
GameTheory/Mechanism/FairDivision/Indivisible/MaximinShare.lean	33	M-FAIR	theorem	allGoodsAllocation_isAllocation	public
GameTheory/Mechanism/FairDivision/Indivisible/MaximinShare.lean	46	M-FAIR	def	feasibleAllocations	public
GameTheory/Mechanism/FairDivision/Indivisible/MaximinShare.lean	51	M-FAIR	theorem	mem_feasibleAllocations	public
GameTheory/Mechanism/FairDivision/Indivisible/MaximinShare.lean	56	M-FAIR	theorem	feasibleAllocations_nonempty	public
GameTheory/Mechanism/FairDivision/Indivisible/MaximinShare.lean	65	M-FAIR	def	minBundleValue	public
GameTheory/Mechanism/FairDivision/Indivisible/MaximinShare.lean	73	M-FAIR	theorem	minBundleValue_le	public
GameTheory/Mechanism/FairDivision/Indivisible/MaximinShare.lean	81	M-FAIR	theorem	exists_bundleValue_le_average_of_isAllocation	public
GameTheory/Mechanism/FairDivision/Indivisible/MaximinShare.lean	108	M-FAIR	theorem	minBundleValue_le_average_of_isAllocation	public
GameTheory/Mechanism/FairDivision/Indivisible/MaximinShare.lean	116	M-FAIR	def	maximinShare	public
GameTheory/Mechanism/FairDivision/Indivisible/MaximinShare.lean	121	M-FAIR	theorem	minBundleValue_le_maximinShare	public
GameTheory/Mechanism/FairDivision/Indivisible/MaximinShare.lean	129	M-FAIR	theorem	maximinShare_le_average	public
GameTheory/Mechanism/FairDivision/Indivisible/MaximinShare.lean	140	M-FAIR	def	IsMaxminShare	public
GameTheory/Mechanism/FairDivision/Indivisible/MaximinShare.lean	143	M-FAIR	theorem	isMaxminShare_iff_isAlphaMMS_one	public
GameTheory/Mechanism/FairDivision/Indivisible/MaximinShare.lean	149	M-FAIR	theorem	IsProportional.isMaxminShare	public
GameTheory/Mechanism/FairDivision/Indivisible/RoundRobin.lean	31	M-FAIR	def	IsAllocationOn	private
GameTheory/Mechanism/FairDivision/Indivisible/RoundRobin.lean	38	M-FAIR	def	IsEF1OnNonempty	private
GameTheory/Mechanism/FairDivision/Indivisible/RoundRobin.lean	49	M-FAIR	def	rawBestGood	private
GameTheory/Mechanism/FairDivision/Indivisible/RoundRobin.lean	55	M-FAIR	lemma	rawBestGood_mem	private
GameTheory/Mechanism/FairDivision/Indivisible/RoundRobin.lean	62	M-FAIR	lemma	rawBestGood_le	private
GameTheory/Mechanism/FairDivision/Indivisible/RoundRobin.lean	80	M-FAIR	def	rawRoundRobinAux	private
GameTheory/Mechanism/FairDivision/Indivisible/RoundRobin.lean	97	M-FAIR	def	rawRoundRobinAlloc	private
GameTheory/Mechanism/FairDivision/Indivisible/RoundRobin.lean	105	M-FAIR	lemma	roundRobinAux_empty	private
GameTheory/Mechanism/FairDivision/Indivisible/RoundRobin.lean	111	M-FAIR	lemma	roundRobinAux_step	private
GameTheory/Mechanism/FairDivision/Indivisible/RoundRobin.lean	124	M-FAIR	lemma	roundRobinAux_mono	private
GameTheory/Mechanism/FairDivision/Indivisible/RoundRobin.lean	140	M-FAIR	lemma	roundRobinAux_disjoint	private
GameTheory/Mechanism/FairDivision/Indivisible/RoundRobin.lean	187	M-FAIR	lemma	roundRobinAux_biUnion	private
GameTheory/Mechanism/FairDivision/Indivisible/RoundRobin.lean	248	M-FAIR	theorem	rawRoundRobinAlloc_isAllocation	private
GameTheory/Mechanism/FairDivision/Indivisible/RoundRobin.lean	273	M-FAIR	lemma	roundRobin_noEnvy_of_earlier	private
GameTheory/Mechanism/FairDivision/Indivisible/RoundRobin.lean	410	M-FAIR	lemma	roundRobin_ef1_of_later	private
GameTheory/Mechanism/FairDivision/Indivisible/RoundRobin.lean	634	M-FAIR	theorem	rawRoundRobinAlloc_isEF1	private
GameTheory/Mechanism/FairDivision/Indivisible/RoundRobin.lean	654	M-FAIR	def	bestGood	public
GameTheory/Mechanism/FairDivision/Indivisible/RoundRobin.lean	661	M-FAIR	lemma	bestGood_mem	public
GameTheory/Mechanism/FairDivision/Indivisible/RoundRobin.lean	669	M-FAIR	lemma	bestGood_le	public
GameTheory/Mechanism/FairDivision/Indivisible/RoundRobin.lean	676	M-FAIR	def	roundRobinAux	public
GameTheory/Mechanism/FairDivision/Indivisible/RoundRobin.lean	683	M-FAIR	def	roundRobinAllocation	public
GameTheory/Mechanism/FairDivision/Indivisible/RoundRobin.lean	688	M-FAIR	theorem	isAllocation_of_isAllocationOn_univ	private
GameTheory/Mechanism/FairDivision/Indivisible/RoundRobin.lean	700	M-FAIR	def	roundRobinRule	public
GameTheory/Mechanism/FairDivision/Indivisible/RoundRobin.lean	709	M-FAIR	theorem	roundRobinAllocation_isAllocation	public
GameTheory/Mechanism/FairDivision/Indivisible/RoundRobin.lean	715	M-FAIR	theorem	isEF1_of_isEF1OnNonempty	private
GameTheory/Mechanism/FairDivision/Indivisible/RoundRobin.lean	731	M-FAIR	theorem	roundRobinAllocation_isEF1	public
GameTheory/Mechanism/FairDivision/Indivisible/RoundRobin.lean	739	M-FAIR	theorem	roundRobinRule_isEF1	public
GameTheory/Mechanism/SocialChoice/Arrow.lean	52	M-SOCIAL	structure	IsRanking	public
GameTheory/Mechanism/SocialChoice/Arrow.lean	58	M-SOCIAL	theorem	isRanking_lt	public
GameTheory/Mechanism/SocialChoice/Arrow.lean	62	M-SOCIAL	theorem	exists_ranking	public
GameTheory/Mechanism/SocialChoice/Arrow.lean	68	M-SOCIAL	def	HasAtLeastThree	public
GameTheory/Mechanism/SocialChoice/Arrow.lean	73	M-SOCIAL	theorem	hasAtLeastThree_iff_exists	public
GameTheory/Mechanism/SocialChoice/Arrow.lean	102	M-SOCIAL	theorem	hasAtLeastThree_of_natCard	public
GameTheory/Mechanism/SocialChoice/Arrow.lean	124	M-SOCIAL	theorem	hasAtLeastThree_iff_natCard	public
GameTheory/Mechanism/SocialChoice/Arrow.lean	144	M-SOCIAL	theorem	asymm	public
GameTheory/Mechanism/SocialChoice/Arrow.lean	148	M-SOCIAL	theorem	ne_of_rel	public
GameTheory/Mechanism/SocialChoice/Arrow.lean	152	M-SOCIAL	theorem	not_iff	public
GameTheory/Mechanism/SocialChoice/Arrow.lean	161	M-SOCIAL	theorem	rel_or	public
GameTheory/Mechanism/SocialChoice/Arrow.lean	172	M-SOCIAL	def	putTop	public
GameTheory/Mechanism/SocialChoice/Arrow.lean	176	M-SOCIAL	def	putBot	public
GameTheory/Mechanism/SocialChoice/Arrow.lean	182	M-SOCIAL	theorem	putTop_top	public
GameTheory/Mechanism/SocialChoice/Arrow.lean	185	M-SOCIAL	theorem	putTop_not_above	public
GameTheory/Mechanism/SocialChoice/Arrow.lean	189	M-SOCIAL	theorem	putTop_others	public
GameTheory/Mechanism/SocialChoice/Arrow.lean	197	M-SOCIAL	theorem	putBot_bot	public
GameTheory/Mechanism/SocialChoice/Arrow.lean	200	M-SOCIAL	theorem	putBot_not_below	public
GameTheory/Mechanism/SocialChoice/Arrow.lean	204	M-SOCIAL	theorem	putBot_others	public
GameTheory/Mechanism/SocialChoice/Arrow.lean	212	M-SOCIAL	theorem	IsRanking.putTop	public
GameTheory/Mechanism/SocialChoice/Arrow.lean	237	M-SOCIAL	theorem	IsRanking.putBot	public
GameTheory/Mechanism/SocialChoice/Arrow.lean	268	M-SOCIAL	def	IsExtremal	public
GameTheory/Mechanism/SocialChoice/Arrow.lean	273	M-SOCIAL	theorem	IsExtremal.compare	public
GameTheory/Mechanism/SocialChoice/Arrow.lean	288	M-SOCIAL	def	swapPref	public
GameTheory/Mechanism/SocialChoice/Arrow.lean	292	M-SOCIAL	theorem	IsRanking.swapPref	public
GameTheory/Mechanism/SocialChoice/Arrow.lean	301	M-SOCIAL	def	forceAbove	public
GameTheory/Mechanism/SocialChoice/Arrow.lean	305	M-SOCIAL	theorem	IsRanking.forceAbove	public
GameTheory/Mechanism/SocialChoice/Arrow.lean	313	M-SOCIAL	theorem	forceAbove_forces	public
GameTheory/Mechanism/SocialChoice/Arrow.lean	324	M-SOCIAL	theorem	forceAbove_agree	public
GameTheory/Mechanism/SocialChoice/Arrow.lean	350	M-SOCIAL	def	IsSWO	public
GameTheory/Mechanism/SocialChoice/Arrow.lean	357	M-SOCIAL	def	IsParetoOnRankings	public
GameTheory/Mechanism/SocialChoice/Arrow.lean	362	M-SOCIAL	def	IsIIAOnRankings	public
GameTheory/Mechanism/SocialChoice/Arrow.lean	368	M-SOCIAL	theorem	IsPareto.onRankings	public
GameTheory/Mechanism/SocialChoice/Arrow.lean	372	M-SOCIAL	theorem	IsIIA.onRankings	public
GameTheory/Mechanism/SocialChoice/Arrow.lean	379	M-SOCIAL	theorem	extremal_lemma	public
GameTheory/Mechanism/SocialChoice/Arrow.lean	409	M-SOCIAL	def	Decides	public
GameTheory/Mechanism/SocialChoice/Arrow.lean	413	M-SOCIAL	def	SWF.IsDictatorOnRankings	public
GameTheory/Mechanism/SocialChoice/Arrow.lean	420	M-SOCIAL	def	piv	public
GameTheory/Mechanism/SocialChoice/Arrow.lean	424	M-SOCIAL	theorem	piv_mem	public
GameTheory/Mechanism/SocialChoice/Arrow.lean	428	M-SOCIAL	theorem	piv_not_mem	public
GameTheory/Mechanism/SocialChoice/Arrow.lean	432	M-SOCIAL	theorem	piv_ranking	public
GameTheory/Mechanism/SocialChoice/Arrow.lean	439	M-SOCIAL	theorem	piv_extremal	public
GameTheory/Mechanism/SocialChoice/Arrow.lean	447	M-SOCIAL	def	starProfile	public
GameTheory/Mechanism/SocialChoice/Arrow.lean	452	M-SOCIAL	theorem	starProfile_p	public
GameTheory/Mechanism/SocialChoice/Arrow.lean	455	M-SOCIAL	theorem	starProfile_mem	public
GameTheory/Mechanism/SocialChoice/Arrow.lean	460	M-SOCIAL	theorem	starProfile_not_mem	public
GameTheory/Mechanism/SocialChoice/Arrow.lean	468	M-SOCIAL	theorem	dictator_pair	public
GameTheory/Mechanism/SocialChoice/Arrow.lean	548	M-SOCIAL	def	xbProfile	public
GameTheory/Mechanism/SocialChoice/Arrow.lean	553	M-SOCIAL	def	bxProfile	public
GameTheory/Mechanism/SocialChoice/Arrow.lean	556	M-SOCIAL	theorem	xbProfile_p	public
GameTheory/Mechanism/SocialChoice/Arrow.lean	559	M-SOCIAL	theorem	xbProfile_ne	public
GameTheory/Mechanism/SocialChoice/Arrow.lean	562	M-SOCIAL	theorem	bxProfile_p	public
GameTheory/Mechanism/SocialChoice/Arrow.lean	565	M-SOCIAL	theorem	bxProfile_ne	public
GameTheory/Mechanism/SocialChoice/Arrow.lean	570	M-SOCIAL	theorem	dictator_xb	public
GameTheory/Mechanism/SocialChoice/Arrow.lean	606	M-SOCIAL	theorem	dictator_bx	public
GameTheory/Mechanism/SocialChoice/Arrow.lean	655	M-SOCIAL	theorem	arrow_impossibility	public
GameTheory/Mechanism/SocialChoice/Arrow.lean	719	M-SOCIAL	theorem	arrow_impossibility_of_natCard	public
GameTheory/Mechanism/SocialChoice/Arrow.lean	730	M-SOCIAL	theorem	SWF.IsDictatorOnRankings.exact	public
GameTheory/Mechanism/SocialChoice/Arrow.lean	742	M-SOCIAL	theorem	arrow_impossibility_exact	public
GameTheory/Mechanism/SocialChoice/Arrow.lean	751	M-SOCIAL	theorem	arrow_impossibility_exact_of_natCard	public
GameTheory/Mechanism/SocialChoice/Basic.lean	44	M-SOCIAL	abbrev	PrefRel	public
GameTheory/Mechanism/SocialChoice/Basic.lean	47	M-SOCIAL	abbrev	PrefProfile	public
GameTheory/Mechanism/SocialChoice/Basic.lean	50	M-SOCIAL	abbrev	SWF	public
GameTheory/Mechanism/SocialChoice/Basic.lean	59	M-SOCIAL	def	IsPareto	public
GameTheory/Mechanism/SocialChoice/Basic.lean	65	M-SOCIAL	def	IsIIA	public
GameTheory/Mechanism/SocialChoice/Basic.lean	71	M-SOCIAL	def	IsDictatorial	public
GameTheory/Mechanism/SocialChoice/Basic.lean	75	M-SOCIAL	def	dictator	public
GameTheory/Mechanism/SocialChoice/Basic.lean	78	M-SOCIAL	theorem	dictator_isDictatorial	public
GameTheory/Mechanism/SocialChoice/Basic.lean	82	M-SOCIAL	theorem	dictatorial_isPareto	public
GameTheory/Mechanism/SocialChoice/Basic.lean	87	M-SOCIAL	theorem	dictatorial_isIIA	public
GameTheory/Mechanism/SocialChoice/Basic.lean	94	M-SOCIAL	def	unanimity	public
GameTheory/Mechanism/SocialChoice/Basic.lean	97	M-SOCIAL	theorem	unanimity_isPareto	public
GameTheory/Mechanism/SocialChoice/Basic.lean	104	M-SOCIAL	theorem	unanimity_isIIA	public
GameTheory/Mechanism/SocialChoice/Basic.lean	116	M-SOCIAL	def	IsNonDictatorial	public
GameTheory/Mechanism/SocialChoice/Condorcet.lean	39	M-SOCIAL	def	condorcetScore	public
GameTheory/Mechanism/SocialChoice/Condorcet.lean	44	M-SOCIAL	def	condorcetMajority	public
GameTheory/Mechanism/SocialChoice/Condorcet.lean	50	M-SOCIAL	theorem	condorcetMajority_cycle	public
GameTheory/Mechanism/SocialChoice/Condorcet.lean	58	M-SOCIAL	theorem	condorcetMajority_not_acyclic	public
GameTheory/Mechanism/SocialChoice/EuclideanPreference.lean	20	M-SOCIAL	def	Prefers	public
GameTheory/Mechanism/SocialChoice/GibbardSatterthwaite.lean	44	M-SOCIAL	def	IsTop	public
GameTheory/Mechanism/SocialChoice/GibbardSatterthwaite.lean	47	M-SOCIAL	theorem	IsTop.unique	public
GameTheory/Mechanism/SocialChoice/GibbardSatterthwaite.lean	59	M-SOCIAL	def	raiseTop	public
GameTheory/Mechanism/SocialChoice/GibbardSatterthwaite.lean	63	M-SOCIAL	theorem	raiseTop_above	public
GameTheory/Mechanism/SocialChoice/GibbardSatterthwaite.lean	67	M-SOCIAL	theorem	raiseTop_not_above	public
GameTheory/Mechanism/SocialChoice/GibbardSatterthwaite.lean	74	M-SOCIAL	theorem	raiseTop_same	public
GameTheory/Mechanism/SocialChoice/GibbardSatterthwaite.lean	83	M-SOCIAL	theorem	raiseTop_ranking	public
GameTheory/Mechanism/SocialChoice/GibbardSatterthwaite.lean	111	M-SOCIAL	theorem	raiseTop_congr	public
GameTheory/Mechanism/SocialChoice/GibbardSatterthwaite.lean	116	M-SOCIAL	abbrev	SCF	public
GameTheory/Mechanism/SocialChoice/GibbardSatterthwaite.lean	120	M-SOCIAL	def	replacePreference	public
GameTheory/Mechanism/SocialChoice/GibbardSatterthwaite.lean	125	M-SOCIAL	theorem	replacePreference_self	public
GameTheory/Mechanism/SocialChoice/GibbardSatterthwaite.lean	130	M-SOCIAL	theorem	replacePreference_of_ne	public
GameTheory/Mechanism/SocialChoice/GibbardSatterthwaite.lean	135	M-SOCIAL	theorem	replacePreference_restore	public
GameTheory/Mechanism/SocialChoice/GibbardSatterthwaite.lean	144	M-SOCIAL	def	mixProfile	public
GameTheory/Mechanism/SocialChoice/GibbardSatterthwaite.lean	147	M-SOCIAL	theorem	mixProfile_mem	public
GameTheory/Mechanism/SocialChoice/GibbardSatterthwaite.lean	150	M-SOCIAL	theorem	mixProfile_not_mem	public
GameTheory/Mechanism/SocialChoice/GibbardSatterthwaite.lean	153	M-SOCIAL	theorem	mixProfile_empty	public
GameTheory/Mechanism/SocialChoice/GibbardSatterthwaite.lean	156	M-SOCIAL	theorem	mixProfile_univ	public
GameTheory/Mechanism/SocialChoice/GibbardSatterthwaite.lean	160	M-SOCIAL	theorem	mixProfile_insert	public
GameTheory/Mechanism/SocialChoice/GibbardSatterthwaite.lean	177	M-SOCIAL	def	IsStrategyProof	public
GameTheory/Mechanism/SocialChoice/GibbardSatterthwaite.lean	183	M-SOCIAL	def	IsOnto	public
GameTheory/Mechanism/SocialChoice/GibbardSatterthwaite.lean	189	M-SOCIAL	def	IsDictator	public
GameTheory/Mechanism/SocialChoice/GibbardSatterthwaite.lean	193	M-SOCIAL	theorem	IsDictator.eq_of_isTop	public
GameTheory/Mechanism/SocialChoice/GibbardSatterthwaite.lean	205	M-SOCIAL	theorem	monotone_step	public
GameTheory/Mechanism/SocialChoice/GibbardSatterthwaite.lean	228	M-SOCIAL	theorem	monotone	public
GameTheory/Mechanism/SocialChoice/GibbardSatterthwaite.lean	255	M-SOCIAL	theorem	unanimous	public
GameTheory/Mechanism/SocialChoice/GibbardSatterthwaite.lean	266	M-SOCIAL	theorem	pareto	public
GameTheory/Mechanism/SocialChoice/GibbardSatterthwaite.lean	287	M-SOCIAL	theorem	lift_winner_beats	public
GameTheory/Mechanism/SocialChoice/GibbardSatterthwaite.lean	311	M-SOCIAL	def	inducedSWF	public
GameTheory/Mechanism/SocialChoice/GibbardSatterthwaite.lean	315	M-SOCIAL	theorem	induced_choice	public
GameTheory/Mechanism/SocialChoice/GibbardSatterthwaite.lean	330	M-SOCIAL	theorem	induced_lift_swap	public
GameTheory/Mechanism/SocialChoice/GibbardSatterthwaite.lean	336	M-SOCIAL	theorem	triple_choice	public
GameTheory/Mechanism/SocialChoice/GibbardSatterthwaite.lean	357	M-SOCIAL	theorem	induced_isSWO	public
GameTheory/Mechanism/SocialChoice/GibbardSatterthwaite.lean	393	M-SOCIAL	theorem	induced_isParetoOnRankings	public
GameTheory/Mechanism/SocialChoice/GibbardSatterthwaite.lean	409	M-SOCIAL	theorem	induced_lift_eq	public
GameTheory/Mechanism/SocialChoice/GibbardSatterthwaite.lean	447	M-SOCIAL	theorem	induced_isIIAOnRankings	public
GameTheory/Mechanism/SocialChoice/GibbardSatterthwaite.lean	460	M-SOCIAL	theorem	dictator_transfer	public
GameTheory/Mechanism/SocialChoice/GibbardSatterthwaite.lean	484	M-SOCIAL	theorem	gibbard_satterthwaite	public
GameTheory/Mechanism/SocialChoice/GibbardSatterthwaite.lean	492	M-SOCIAL	theorem	gibbard_satterthwaite_of_natCard	public
GameTheory/Mechanism/SocialChoice/May.lean	52	M-SOCIAL	def	tally	public
GameTheory/Mechanism/SocialChoice/May.lean	56	M-SOCIAL	def	majority	public
GameTheory/Mechanism/SocialChoice/May.lean	59	M-SOCIAL	def	IsAnonymous	public
GameTheory/Mechanism/SocialChoice/May.lean	64	M-SOCIAL	def	IsNeutral	public
GameTheory/Mechanism/SocialChoice/May.lean	70	M-SOCIAL	def	IsPositivelyResponsive	public
GameTheory/Mechanism/SocialChoice/May.lean	76	M-SOCIAL	theorem	majority_isAnonymous	public
GameTheory/Mechanism/SocialChoice/May.lean	82	M-SOCIAL	theorem	majority_isNeutral	public
GameTheory/Mechanism/SocialChoice/May.lean	90	M-SOCIAL	theorem	majority_isPositivelyResponsive	public
GameTheory/Mechanism/SocialChoice/May.lean	112	M-SOCIAL	theorem	tally_eq_card_sub	public
GameTheory/Mechanism/SocialChoice/May.lean	122	M-SOCIAL	theorem	card_pos_eq_card_neg	public
GameTheory/Mechanism/SocialChoice/May.lean	132	M-SOCIAL	theorem	exists_neg_perm	public
GameTheory/Mechanism/SocialChoice/May.lean	181	M-SOCIAL	theorem	eq_zero_of_tally_zero	public
GameTheory/Mechanism/SocialChoice/May.lean	195	M-SOCIAL	theorem	eq_one_of_tally_pos	public
GameTheory/Mechanism/SocialChoice/May.lean	236	M-SOCIAL	theorem	eq_neg_one_of_tally_neg	public
GameTheory/Mechanism/SocialChoice/May.lean	250	M-SOCIAL	theorem	may_theorem	public
GameTheory/Mechanism/SocialChoice/MedianVoter.lean	45	M-SOCIAL	theorem	median_is_condorcet_winner	public
GameTheory/Mechanism/SocialChoice/MedianVoter.lean	108	M-SOCIAL	def	medianIdeal	public
GameTheory/Mechanism/SocialChoice/MedianVoter.lean	112	M-SOCIAL	theorem	medianIdeal_is_condorcet_winner	public
GameTheory/Mechanism/SocialChoice/MedianVoter.lean	133	M-SOCIAL	theorem	medianIdeal_strategyproof	public
GameTheory/Mechanism/SocialChoice/MedianVoter.lean	142	M-SOCIAL	theorem	medianIdeal_no_manipulation	public
GameTheory/Mechanism/SocialChoice/SenParetianLiberal.lean	59	M-SOCIAL	def	IsAcyclic	public
GameTheory/Mechanism/SocialChoice/SenParetianLiberal.lean	67	M-SOCIAL	def	IsSocialDecisionFunction	public
GameTheory/Mechanism/SocialChoice/SenParetianLiberal.lean	74	M-SOCIAL	def	DecisiveOverPair	public
GameTheory/Mechanism/SocialChoice/SenParetianLiberal.lean	78	M-SOCIAL	theorem	DecisiveOverPair.symm	public
GameTheory/Mechanism/SocialChoice/SenParetianLiberal.lean	88	M-SOCIAL	theorem	sen_paretian_liberal_disjoint	public
GameTheory/Mechanism/SocialChoice/SenParetianLiberal.lean	153	M-SOCIAL	theorem	sen_paretian_liberal_shared	public
GameTheory/Mechanism/SocialChoice/SenParetianLiberal.lean	202	M-SOCIAL	theorem	sen_paretian_liberal	public
GameTheory/Theorems/CorrelatedEqExistence.lean	36	T-CE	theorem	correlatedEq_exists_of_bounded	public
GameTheory/Theorems/CorrelatedEqExistence.lean	46	T-CE	theorem	correlatedEq_exists	public
GameTheory/Theorems/CorrelatedEqExistence.lean	58	T-CE	theorem	mixed_nash_isCoarseCorrelatedEq_of_bounded	public
GameTheory/Theorems/CorrelatedEqExistence.lean	70	T-CE	theorem	mixed_nash_isCoarseCorrelatedEq	public
GameTheory/Theorems/CorrelatedEqExistence.lean	83	T-CE	theorem	coarseCorrelatedEq_exists_of_bounded	public
GameTheory/Theorems/CorrelatedEqExistence.lean	94	T-CE	theorem	coarseCorrelatedEq_exists	public
GameTheory/Theorems/Kuhn/BehavioralToMixed.lean	35	L-KUHN	instance	infoStateFintype_toCore	public
GameTheory/Theorems/Kuhn/BehavioralToMixed.lean	51	L-KUHN	abbrev	behavioralToMixed	public
GameTheory/Theorems/Kuhn/BehavioralToMixed.lean	58	L-KUHN	abbrev	behavioralToMixedJoint	public
GameTheory/Theorems/Kuhn/BehavioralToMixed.lean	69	L-KUHN	theorem	noNontrivialInfoStateRepeat_toCore	public
GameTheory/Theorems/Kuhn/BehavioralToMixed.lean	92	L-KUHN	theorem	horizonSeparation_toCore	public
GameTheory/Theorems/Kuhn/BehavioralToMixed.lean	111	L-KUHN	theorem	kuhn_behavioral_to_mixed	public
GameTheory/Theorems/Kuhn/CorrelatedRealization/Hierarchy.lean	72	L-KUHN	abbrev	ObsLocalFeasibility	public
GameTheory/Theorems/Kuhn/CorrelatedRealization/Hierarchy.lean	78	L-KUHN	abbrev	ObsLocalFeasibilityFull	public
GameTheory/Theorems/Kuhn/CorrelatedRealization/Hierarchy.lean	83	L-KUHN	abbrev	ActionPosteriorLocal	public
GameTheory/Theorems/Kuhn/CorrelatedRealization/Hierarchy.lean	94	L-KUHN	abbrev	StepActionDeterminism	public
GameTheory/Theorems/Kuhn/CorrelatedRealization/Hierarchy.lean	100	L-KUHN	theorem	PerStepActionRecall.toStepActionDeterminism	public
GameTheory/Theorems/Kuhn/CorrelatedRealization/Hierarchy.lean	111	L-KUHN	theorem	obsLocalFeasibility_of_playerStepRecall	public
GameTheory/Theorems/Kuhn/CorrelatedRealization/Hierarchy.lean	125	L-KUHN	theorem	obsLocalFeasibility_of_pspr	public
GameTheory/Theorems/Kuhn/CorrelatedRealization/Hierarchy.lean	134	L-KUHN	theorem	pureStep_component_eq_of_reachablePlayerRecall	public
GameTheory/Theorems/Kuhn/CorrelatedRealization/Hierarchy.lean	164	L-KUHN	theorem	obsLocalFeasibility_of_reachablePlayerStepRecall	public
GameTheory/Theorems/Kuhn/CorrelatedRealization/Hierarchy.lean	185	L-KUHN	theorem	pureStep_component_eq_of_tracePlayerRecall	public
GameTheory/Theorems/Kuhn/CorrelatedRealization/Hierarchy.lean	225	L-KUHN	theorem	obsLocalFeasibility_of_tracePlayerStepRecall	public
GameTheory/Theorems/Kuhn/CorrelatedRealization/Hierarchy.lean	255	L-KUHN	theorem	pureRun_update_obs_local_trace	public
GameTheory/Theorems/Kuhn/CorrelatedRealization/Hierarchy.lean	276	L-KUHN	theorem	reweightPMF_update_obs_local_trace	public
GameTheory/Theorems/Kuhn/CorrelatedRealization/Hierarchy.lean	300	L-KUHN	theorem	obsLocalFeasibilityFull_of_tracePlayerStepRecall	public
GameTheory/Theorems/Kuhn/CorrelatedRealization/Hierarchy.lean	316	L-KUHN	theorem	obsLocalFeasibility_toCore	public
GameTheory/Theorems/Kuhn/CorrelatedRealization/Hierarchy.lean	325	L-KUHN	theorem	obsLocalFeasibilityFull_toCore	public
GameTheory/Theorems/Kuhn/CorrelatedRealization/Hierarchy.lean	334	L-KUHN	theorem	actionPosteriorLocal_toCore	public
GameTheory/Theorems/Kuhn/CorrelatedRealization/Hierarchy.lean	470	L-KUHN	theorem	kuhn_mixed_to_behavioral_semantic	public
GameTheory/Theorems/Kuhn/CorrelatedRealization/Hierarchy.lean	491	L-KUHN	theorem	kuhn_mixed_to_behavioral_trace	public
GameTheory/Theorems/Kuhn/CorrelatedRealization/Hierarchy.lean	523	L-KUHN	theorem	kuhn_mixed_to_behavioral_perfectRecall_of_psar	public
GameTheory/Theorems/Kuhn/CorrelatedRealization/Hierarchy.lean	539	L-KUHN	theorem	kuhn_mixed_to_behavioral_pspr	public
GameTheory/Theorems/Kuhn/CorrelatedRealization/Hierarchy.lean	569	L-KUHN	theorem	kuhn_mixed_to_behavioral_decomposed	public
GameTheory/Theorems/Kuhn/CorrelatedRealization/ObsLevel.lean	26	L-KUHN	theorem	mediator_step_eq_condStep	public
GameTheory/Theorems/Kuhn/CorrelatedRealization/ObsLevel.lean	49	L-KUHN	theorem	correlated_realization	public
GameTheory/Theorems/Kuhn/CorrelatedRealization/ObsLevel.lean	86	L-KUHN	theorem	pmfPi_heq_of_eq	private
GameTheory/Theorems/Kuhn/CorrelatedRealization/ObsLevel.lean	94	L-KUHN	theorem	jointActionDist_obs_heq	public
GameTheory/Theorems/Kuhn/CorrelatedRealization/ObsLevel.lean	101	L-KUHN	theorem	pureStep_eq	public
GameTheory/Theorems/Kuhn/CorrelatedRealization/ObsLevel.lean	113	L-KUHN	theorem	pureStep_eq_of_nonzero_same	public
GameTheory/Theorems/Kuhn/CorrelatedRealization/ObsLevel.lean	125	L-KUHN	theorem	pureStep_action_eq_of_psar	public
GameTheory/Theorems/Kuhn/CorrelatedRealization/ObsLevel.lean	141	L-KUHN	theorem	transport_composed	private
GameTheory/Theorems/Kuhn/CorrelatedRealization/ObsLevel.lean	152	L-KUHN	theorem	castJointAction_obs_eq	private
GameTheory/Theorems/Kuhn/CorrelatedRealization/ObsLevel.lean	169	L-KUHN	theorem	pureStep_cross_ratio	public
GameTheory/Theorems/Kuhn/CorrelatedRealization/ObsLevel.lean	227	L-KUHN	theorem	pureRun_pairwise_cross_of_psar	public
GameTheory/Theorems/Kuhn/CorrelatedRealization/ObsLevel.lean	279	L-KUHN	theorem	reweightPMF_pureRun_obs_invariant	public
GameTheory/Theorems/Kuhn/CorrelatedRealization/ObsLevel.lean	307	L-KUHN	theorem	mixedToMediator_obs_heq	public
GameTheory/Theorems/Kuhn/CorrelatedRealization/ObsLevel.lean	335	L-KUHN	theorem	obs_correlated_realization	public
GameTheory/Theorems/Kuhn/CorrelatedRealization/ObsLocality.lean	45	L-KUHN	theorem	pureRun_update_obs_local_of	public
GameTheory/Theorems/Kuhn/CorrelatedRealization/ObsLocality.lean	126	L-KUHN	theorem	pureRun_update_obs_local	public
GameTheory/Theorems/Kuhn/CorrelatedRealization/ObsLocality.lean	153	L-KUHN	theorem	reweightPMF_update_obs_local_of	public
GameTheory/Theorems/Kuhn/CorrelatedRealization/ObsLocality.lean	201	L-KUHN	theorem	reweightPMF_update_obs_local	public
GameTheory/Theorems/Kuhn/CorrelatedRealization/ObsLocality.lean	219	L-KUHN	theorem	pureRun_update_obs_local_pspr	public
GameTheory/Theorems/Kuhn/CorrelatedRealization/ObsLocality.lean	236	L-KUHN	theorem	reweightPMF_update_obs_local_pspr	public
GameTheory/Theorems/Kuhn/CorrelatedRealization/ObsLocality.lean	278	L-KUHN	theorem	pureRun_update_obs_local_player	public
GameTheory/Theorems/Kuhn/CorrelatedRealization/ObsLocality.lean	296	L-KUHN	theorem	reweightPMF_update_obs_local_player	public
GameTheory/Theorems/Kuhn/CorrelatedRealization/ObsLocality.lean	340	L-KUHN	theorem	stepDistCorr_eq_stepDist_of_product	public
GameTheory/Theorems/Kuhn/CorrelatedRealization/ObsLocality.lean	351	L-KUHN	theorem	runDist_eq_of_corrProduct	public
GameTheory/Theorems/Kuhn/CorrelatedRealization/ObsLocality.lean	399	L-KUHN	theorem	mixedToMediator_eq_pmfPi_factor	private
GameTheory/Theorems/Kuhn/CorrelatedRealization/ProductPreservation.lean	33	L-KUHN	theorem	pureRun_cross_mul_product	public
GameTheory/Theorems/Kuhn/CorrelatedRealization/ProductPreservation.lean	94	L-KUHN	theorem	mediator_product_of_product	public
GameTheory/Theorems/Kuhn/CorrelatedRealization/ProductPreservation.lean	215	L-KUHN	theorem	conditioning_preserves_product	public
GameTheory/Theorems/Kuhn/CorrelatedRealization/ReachFactor.lean	24	L-KUHN	theorem	action_unique_of_psar	public
GameTheory/Theorems/Kuhn/CorrelatedRealization/ReachFactor.lean	32	L-KUHN	theorem	action_component_unique_of_pspr	public
GameTheory/Theorems/Kuhn/CorrelatedRealization/ReachFactor.lean	52	L-KUHN	theorem	pureRun_nonzero_to_reachActionTrace	public
GameTheory/Theorems/Kuhn/CorrelatedRealization/ReachFactor.lean	82	L-KUHN	theorem	pureRun_nonzero_last_stepReachable	public
GameTheory/Theorems/Kuhn/CorrelatedRealization/ReachFactor.lean	115	L-KUHN	theorem	pureRun_const_of_psar	public
GameTheory/Theorems/Kuhn/CorrelatedRealization/ReachFactor.lean	136	L-KUHN	theorem	pureStep_nonzero_iff_action_eq	public
GameTheory/Theorems/Kuhn/CorrelatedRealization/ReachFactor.lean	162	L-KUHN	theorem	pureRun_nonzero_iff_action_eq	public
GameTheory/Theorems/Kuhn/CorrelatedRealization/ReachFactor.lean	174	L-KUHN	theorem	pureStep_nonzero_iff_forall_player	public
GameTheory/Theorems/Kuhn/CorrelatedRealization/ReachFactor.lean	185	L-KUHN	theorem	pureRun_eq_const_mul_indicator	public
GameTheory/Theorems/Kuhn/CorrelatedRealization/ReachFactor.lean	200	L-KUHN	theorem	pureRun_succ_nonzero_iff	public
GameTheory/Theorems/Kuhn/CorrelatedRealization/ReachFactor.lean	222	L-KUHN	theorem	pureStep_eq_of_action_eq	public
GameTheory/Theorems/Kuhn/CorrelatedRealization/ReachFactor.lean	235	L-KUHN	theorem	pureRun_nonzero_iff_update	public
GameTheory/Theorems/Kuhn/CorrelatedRealization/ReachFactor.lean	285	L-KUHN	theorem	runDist_eq_of_stepIndependence	public
GameTheory/Theorems/Kuhn/CorrelatedRealization/ReachFactor.lean	303	L-KUHN	theorem	pureStep_component_eq_of_pspr	public
GameTheory/Theorems/Kuhn/CorrelatedRealization/ReachFactor.lean	328	L-KUHN	theorem	pureStep_component_eq_of_playerRecall	public
GameTheory/Theorems/Tests.lean	24	T-TEST	abbrev	trivialZeroSumGame	public
GameTheory/Theorems/Tests.lean	42	T-TEST	theorem	trivialZeroSumGame_isZeroSum	public
GameTheory/Theorems/Tests.lean	69	T-TEST	abbrev	oneMoveInfo	public
GameTheory/Theorems/Tests.lean	76	T-TEST	abbrev	oneMoveGame	public
GameTheory/Theorems/Tests.lean	82	T-TEST	theorem	oneMoveGame_isPerfectInfo	public
GameTheory/Theorems/Zermelo.lean	42	T-ZER	theorem	perfectInfo_disjoint_subtrees	public
GameTheory/Theorems/Zermelo.lean	65	T-ZER	theorem	perfectInfo_disjoint_chance_subtrees	public
GameTheory/Theorems/Zermelo.lean	91	T-ZER	theorem	exists_noOSD	public
GameTheory/Theorems/Zermelo.lean	247	T-ZER	theorem	zermelo_of_bounded	public
GameTheory/Theorems/Zermelo.lean	257	T-ZER	theorem	zermelo	public
GameTheory/Voting/Delegation.lean	56	M-VOTE	abbrev	DelegationProfile	public
GameTheory/Voting/Delegation.lean	63	M-VOTE	def	DelegatesTo	public
GameTheory/Voting/Delegation.lean	66	M-VOTE	def	Casts	public
GameTheory/Voting/Delegation.lean	69	M-VOTE	def	IsCaster	public
GameTheory/Voting/Delegation.lean	71	M-VOTE	theorem	delegatesTo_iff	public
GameTheory/Voting/Delegation.lean	73	M-VOTE	theorem	casts_iff	public
GameTheory/Voting/Delegation.lean	75	M-VOTE	theorem	DelegatesTo.eq	public
GameTheory/Voting/Delegation.lean	79	M-VOTE	theorem	Casts.eq	public
GameTheory/Voting/Delegation.lean	83	M-VOTE	theorem	Casts.isCaster	public
GameTheory/Voting/Delegation.lean	85	M-VOTE	theorem	DelegatesTo.not_casts	public
GameTheory/Voting/Delegation.lean	90	M-VOTE	theorem	DelegatesTo.not_isCaster	public
GameTheory/Voting/Delegation.lean	94	M-VOTE	def	Resolves	public
GameTheory/Voting/Delegation.lean	97	M-VOTE	theorem	Casts.resolves	public
GameTheory/Voting/Delegation.lean	100	M-VOTE	theorem	Resolves.delegate	public
GameTheory/Voting/Delegation.lean	106	M-VOTE	theorem	resolves_iff	public
GameTheory/Voting/Delegation.lean	119	M-VOTE	theorem	Resolves.of_reflTransGen	public
GameTheory/Voting/Delegation.lean	131	M-VOTE	theorem	reflTransGen_caster_unique	public
GameTheory/Voting/Delegation.lean	148	M-VOTE	theorem	Resolves.unique	public
GameTheory/Voting/Delegation.lean	156	M-VOTE	def	IsGuruOf	public
GameTheory/Voting/Delegation.lean	159	M-VOTE	theorem	IsCaster.isGuruOf_self	public
GameTheory/Voting/Delegation.lean	161	M-VOTE	theorem	IsGuruOf.delegate	public
GameTheory/Voting/Delegation.lean	165	M-VOTE	theorem	IsGuruOf.isCaster	public
GameTheory/Voting/Delegation.lean	168	M-VOTE	theorem	IsGuruOf.unique	public
GameTheory/Voting/Delegation.lean	173	M-VOTE	theorem	IsGuruOf.eq_self_of_isCaster	public
GameTheory/Voting/Delegation.lean	177	M-VOTE	theorem	resolves_iff_exists_guru	public
GameTheory/Voting/Delegation.lean	185	M-VOTE	theorem	IsGuruOf.resolves	public
GameTheory/Voting/Delegation.lean	194	M-VOTE	def	directBallot	public
GameTheory/Voting/Delegation.lean	196	M-VOTE	theorem	directBallot_eq_some_iff	public
GameTheory/Voting/Delegation.lean	202	M-VOTE	def	resolve	public
GameTheory/Voting/Delegation.lean	205	M-VOTE	theorem	resolve_eq_some_iff	public
GameTheory/Voting/Delegation.lean	216	M-VOTE	theorem	resolve_eq_none_iff	public
GameTheory/Voting/Delegation.lean	220	M-VOTE	theorem	Resolves.resolve_eq	public
GameTheory/Voting/Delegation.lean	225	M-VOTE	def	guru	public
GameTheory/Voting/Delegation.lean	228	M-VOTE	theorem	guru_eq_some_iff	public
GameTheory/Voting/Delegation.lean	239	M-VOTE	theorem	guru_eq_none_iff	public
GameTheory/Voting/Delegation.lean	244	M-VOTE	theorem	resolve_eq_guru_bind	public
GameTheory/Voting/Delegation.lean	269	M-VOTE	theorem	Resolves.mono_of_agree	public
GameTheory/Voting/Delegation.lean	290	M-VOTE	theorem	resolves_congr	public
GameTheory/Voting/Delegation.lean	300	M-VOTE	theorem	resolves_update_cast_iff	public
GameTheory/Voting/Delegation.lean	316	M-VOTE	theorem	resolve_update_cast	public
GameTheory/Voting/Delegation.lean	331	M-VOTE	theorem	resolves_total_of_wellFounded	public
GameTheory/Voting/Delegation.lean	344	M-VOTE	theorem	not_cycle_of_reachable_caster	public
GameTheory/Voting/Delegation.lean	359	M-VOTE	theorem	not_resolves_of_cycle	public
GameTheory/Voting/Delegation.lean	365	M-VOTE	theorem	not_resolves_of_reflTransGen_cycle	public
GameTheory/Voting/Delegation.lean	372	M-VOTE	theorem	resolves_total_iff_acyclic	public
GameTheory/Voting/Delegation.lean	391	M-VOTE	def	resolveFuel	public
GameTheory/Voting/Delegation.lean	398	M-VOTE	theorem	resolveFuel_zero	public
GameTheory/Voting/Delegation.lean	401	M-VOTE	theorem	resolveFuel_succ_delegate	public
GameTheory/Voting/Delegation.lean	406	M-VOTE	theorem	resolveFuel_succ_cast	public
GameTheory/Voting/Delegation.lean	411	M-VOTE	theorem	resolves_of_resolveFuel_eq_some	public
GameTheory/Voting/Delegation.lean	425	M-VOTE	theorem	exists_resolveFuel_of_resolves	public
GameTheory/Voting/Delegation.lean	435	M-VOTE	theorem	resolveFuel_mono	public
GameTheory/Voting/Delegation.lean	457	M-VOTE	theorem	resolve_eq_of_resolveFuel	public
GameTheory/Voting/DelegationGame.lean	48	M-VOTE	def	delegationGame	public
GameTheory/Voting/DelegationGame.lean	55	M-VOTE	theorem	eu_delegationGame	public
GameTheory/Voting/DelegationGame.lean	62	M-VOTE	theorem	eu_delegationGame_update_cast	public
GameTheory/Voting/DelegationGame.lean	72	M-VOTE	theorem	isBestResponse_cast_iff_of_resolves	public
GameTheory/Voting/DelegationGame.lean	100	M-VOTE	theorem	isBestResponse_cast_of_isNash	public
GameTheory/Voting/DelegationGame.lean	113	M-VOTE	def	directVotingGame	public
GameTheory/Voting/DelegationGame.lean	120	M-VOTE	theorem	eu_directVotingGame	public
GameTheory/Voting/DelegationGame.lean	127	M-VOTE	theorem	eu_directVotingGame_eq_delegationGame	public
GameTheory/Voting/DelegationGame.lean	135	M-VOTE	theorem	isNash_directVotingGame_of_isNash_delegationGame	public
GameTheory/Voting/LiquidDemocracy.lean	54	M-VOTE	def	casters	public
GameTheory/Voting/LiquidDemocracy.lean	58	M-VOTE	theorem	mem_casters	public
GameTheory/Voting/LiquidDemocracy.lean	63	M-VOTE	def	participants	public
GameTheory/Voting/LiquidDemocracy.lean	67	M-VOTE	theorem	mem_participants	public
GameTheory/Voting/LiquidDemocracy.lean	72	M-VOTE	def	guruFiber	public
GameTheory/Voting/LiquidDemocracy.lean	76	M-VOTE	theorem	mem_guruFiber	public
GameTheory/Voting/LiquidDemocracy.lean	81	M-VOTE	def	resolversTo	public
GameTheory/Voting/LiquidDemocracy.lean	85	M-VOTE	theorem	mem_resolversTo	public
GameTheory/Voting/LiquidDemocracy.lean	90	M-VOTE	def	castersOf	public
GameTheory/Voting/LiquidDemocracy.lean	94	M-VOTE	theorem	mem_castersOf	public
GameTheory/Voting/LiquidDemocracy.lean	99	M-VOTE	def	weight	public
GameTheory/Voting/LiquidDemocracy.lean	102	M-VOTE	theorem	weight_eq_zero_of_not_isCaster	public
GameTheory/Voting/LiquidDemocracy.lean	108	M-VOTE	theorem	IsCaster.one_le_weight	public
GameTheory/Voting/LiquidDemocracy.lean	111	M-VOTE	theorem	disjoint_guruFiber	public
GameTheory/Voting/LiquidDemocracy.lean	119	M-VOTE	theorem	card_biUnion_guruFiber	public
GameTheory/Voting/LiquidDemocracy.lean	123	M-VOTE	theorem	participants_eq_biUnion	public
GameTheory/Voting/LiquidDemocracy.lean	137	M-VOTE	theorem	sum_weight_eq_card_participants	public
GameTheory/Voting/LiquidDemocracy.lean	142	M-VOTE	theorem	resolversTo_eq_biUnion	public
GameTheory/Voting/LiquidDemocracy.lean	155	M-VOTE	theorem	card_resolversTo_eq_sum_weight	public
GameTheory/Voting/LiquidDemocracy.lean	162	M-VOTE	theorem	sum_weight_eq_card_of_acyclic	public
GameTheory/Voting/LiquidDemocracy.lean	176	M-VOTE	def	resolvedBallots	public
GameTheory/Voting/LiquidDemocracy.lean	180	M-VOTE	theorem	card_resolvedBallots	public
GameTheory/Voting/LiquidDemocracy.lean	198	M-VOTE	theorem	count_resolvedBallots	public
GameTheory/Voting/LiquidDemocracy.lean	221	M-VOTE	theorem	resolvedBallots_eq_sum_casters	public
GameTheory/Voting/LiquidDemocracy.lean	248	M-VOTE	def	directProfile	public
GameTheory/Voting/LiquidDemocracy.lean	250	M-VOTE	theorem	directProfile_resolve	public
GameTheory/Voting/LiquidDemocracy.lean	256	M-VOTE	theorem	update_directProfile	public
GameTheory/Voting/LiquidDemocracy.lean	266	M-VOTE	theorem	isGuruOf_directProfile_iff	public
GameTheory/Voting/LiquidDemocracy.lean	279	M-VOTE	theorem	weight_directProfile	public
GameTheory/Voting/LiquidDemocracy.lean	289	M-VOTE	def	liquidExtension	public
GameTheory/Voting/LiquidDemocracy.lean	292	M-VOTE	theorem	resolvedBallots_directProfile	public
GameTheory/Voting/LiquidDemocracy.lean	306	M-VOTE	theorem	liquidExtension_directProfile	public
GameTheory/Voting/LiquidDemocracy.lean	313	M-VOTE	theorem	liquidExtension_update_cast	public
GameTheory/Voting/Majority.lean	41	M-VOTE	def	multisetTally	public
GameTheory/Voting/Majority.lean	44	M-VOTE	def	majorityRule	public
GameTheory/Voting/Majority.lean	47	M-VOTE	theorem	multisetTally_zero	public
GameTheory/Voting/Majority.lean	50	M-VOTE	theorem	multisetTally_cons	public
GameTheory/Voting/Majority.lean	55	M-VOTE	theorem	multisetTally_eq_count_sub	public
GameTheory/Voting/Majority.lean	90	M-VOTE	def	liquidMajority	public
GameTheory/Voting/Majority.lean	94	M-VOTE	theorem	liquidMajority_directProfile	public
GameTheory/Voting/Majority.lean	103	M-VOTE	theorem	multisetTally_resolvedBallots	public
GameTheory/Voting/Majority.lean	108	M-VOTE	theorem	liquidMajority_eq_one_iff	public
GameTheory/Voting/Majority.lean	114	M-VOTE	theorem	liquidMajority_eq_neg_one_iff	public
GameTheory/Voting/Majority.lean	122	M-VOTE	theorem	liquidMajority_eq_one_iff_weight	public
GameTheory/Voting/Median.lean	43	M-VOTE	def	effectivePosition	public
GameTheory/Voting/Median.lean	46	M-VOTE	theorem	effectivePosition_directProfile	public
GameTheory/Voting/Median.lean	55	M-VOTE	def	IsLiquidMedian	public
GameTheory/Voting/Median.lean	63	M-VOTE	def	liquidMedian	public
GameTheory/Voting/Median.lean	67	M-VOTE	theorem	isLiquidMedian_liquidMedian	public
GameTheory/Voting/Median.lean	73	M-VOTE	theorem	exists_casts_liquidMedian	public
GameTheory/Voting/Median.lean	92	M-VOTE	theorem	liquidMedian_directProfile	public
GameTheory/Voting/Median.lean	100	M-VOTE	theorem	isLiquidMedian_directProfile_iff	public
GameTheory/Voting/Power.lean	43	M-VOTE	theorem	sum_weight_univ	public
GameTheory/Voting/Power.lean	60	M-VOTE	def	delegationPowerGame	public
GameTheory/Voting/Power.lean	66	M-VOTE	theorem	delegationPowerGame_wins_iff	public
GameTheory/Voting/Power.lean	75	M-VOTE	theorem	delegationPowerGame_isSimpleGame	public
GameTheory/Voting/Power.lean	83	M-VOTE	def	delegationBanzhafPower	public
GameTheory/Voting/Power.lean	89	M-VOTE	def	delegationShapleyShubikPower	public
GameTheory/Voting/Power.lean	96	M-VOTE	theorem	sum_delegationShapleyShubikPower	public
GameTheory/Voting/Tests.lean	24	M-VOTE	def	chain	public
GameTheory/Voting/Tests.lean	49	M-VOTE	def	cyclic	public
GameTheory/Voting/Tests.lean	62	M-VOTE	def	tailCycle	public
GameTheory/Voting/Tests.lean	73	M-VOTE	def	star	public
Math/AffineLowerEnvelope.lean	25	MATH	def	IsAffineLowerEnvelope	public
Math/AffineLowerEnvelope.lean	34	MATH	theorem	monotone	public
Math/AffineLowerEnvelope.lean	46	MATH	theorem	concaveOn_univ	public
Math/AffineLowerEnvelope.lean	63	MATH	theorem	lipschitzWith	public
Math/BoundedLists.lean	25	MATH	def	listsOfLength	public
Math/BoundedLists.lean	31	MATH	def	listsUpToLength	public
Math/BoundedLists.lean	34	MATH	theorem	mem_listsOfLength_of_forall_mem	public
Math/BoundedLists.lean	55	MATH	theorem	mem_listsOfLength_iff	public
Math/BoundedLists.lean	84	MATH	theorem	mem_listsUpToLength_of_forall_mem	public
Math/BoundedLists.lean	94	MATH	theorem	mem_listsUpToLength_iff	public
Math/Coupling.lean	39	MATH	structure	HasCoupling	public
Math/Coupling.lean	52	MATH	def	pure	public
Math/Coupling.lean	64	MATH	def	mono	public
Math/Coupling.lean	71	MATH	def	symm	public
Math/Coupling.lean	91	MATH	def	map	public
Math/Coupling.lean	115	MATH	theorem	map_eq_of_rel	public
Math/Coupling.lean	138	MATH	theorem	map_eq_of_nonempty_rel	public
Math/Coupling.lean	148	MATH	theorem	bind_eq_of_rel	public
Math/Coupling.lean	170	MATH	theorem	bind_eq_of_nonempty_rel	public
Math/Coupling.lean	182	MATH	def	bind	public
Math/Coupling.lean	232	MATH	def	HasCoupling.ofMap	public
Math/Coupling.lean	249	MATH	def	HasCoupling.refl	public
Math/Coupling.lean	256	MATH	def	HasCoupling.ofProj	public
Math/Coupling.lean	273	MATH	theorem	hasCoupling_proj_iff_map_eq	public
Math/DAG.lean	48	MATH	def	Acyclic	public
Math/DAG.lean	56	MATH	theorem	asymm	public
Math/DAG.lean	61	MATH	theorem	wellFounded	public
Math/DAG.lean	78	MATH	structure	TopologicalOrder	public
Math/DAG.lean	95	MATH	theorem	mem	public
Math/DAG.lean	105	MATH	theorem	ancestor_lt	public
Math/DAG.lean	138	MATH	theorem	acyclic_of_topologicalOrder	public
Math/DAG.lean	151	MATH	theorem	topologicalOrder_of_acyclic	public
Math/Fin.lean	26	MATH	theorem	last_eq_one_sub_sum_castSucc	public
Math/Fin.lean	36	MATH	theorem	last_sub_last_eq_sum_sub_castSucc	public
Math/Fin.lean	49	MATH	theorem	abs_last_sub_last_le_sum_abs_castSucc_of_sum_eq	public
Math/Fin.lean	68	MATH	theorem	abs_last_sub_last_le_sum_abs_castSucc	public
Math/Fin.lean	76	MATH	theorem	irrationalShifts_exist	public
Math/FiniteProbabilityMassFunction.lean	27	MATH	def	FinPMF	public
Math/FiniteProbabilityMassFunction.lean	34	MATH	def	toPMF	public
Math/FiniteProbabilityMassFunction.lean	36	MATH	instance	<anonymous@36>	public
Math/FiniteProbabilityMassFunction.lean	39	MATH	def	support	public
Math/FiniteProbabilityMassFunction.lean	41	MATH	theorem	support_finite	public
Math/FiniteProbabilityMassFunction.lean	45	MATH	theorem	ext	public
Math/FiniteProbabilityMassFunction.lean	49	MATH	theorem	ext_apply	public
Math/FiniteProbabilityMassFunction.lean	55	MATH	def	pure	public
Math/FiniteProbabilityMassFunction.lean	59	MATH	def	ofPMF	public
Math/FiniteProbabilityMassFunction.lean	63	MATH	def	map	public
Math/FiniteProbabilityMassFunction.lean	69	MATH	def	bind	public
Math/FiniteProbabilityMassFunction.lean	76	MATH	def	product	public
Math/FiniteProbabilityMassFunction.lean	79	MATH	theorem	toPMF_pure	public
Math/FiniteProbabilityMassFunction.lean	82	MATH	theorem	toPMF_map	public
Math/FiniteProbabilityMassFunction.lean	86	MATH	theorem	toPMF_bind	public
Math/FiniteProbabilityMassFunction.lean	90	MATH	theorem	toPMF_ofPMF	public
Math/FiniteProbabilityMassFunction.lean	94	MATH	theorem	support_pure	public
Math/FiniteProbabilityMassFunction.lean	97	MATH	theorem	support_map	public
Math/FiniteProbabilityMassFunction.lean	101	MATH	theorem	support_bind	public
Math/FiniteProbabilityMassFunction.lean	105	MATH	theorem	mem_support_product_iff	public
Math/FiniteProbabilityMassFunction.lean	110	MATH	theorem	product_apply	public
Math/FiniteProbabilityMassFunction.lean	128	MATH	theorem	pure_bind	public
Math/FiniteProbabilityMassFunction.lean	133	MATH	theorem	bind_pure	public
Math/FiniteProbabilityMassFunction.lean	138	MATH	theorem	bind_const	public
Math/FiniteProbabilityMassFunction.lean	143	MATH	theorem	bind_congr_on_support	public
Math/FiniteProbabilityMassFunction.lean	152	MATH	theorem	bind_bind	public
Math/FiniteProbabilityMassFunction.lean	158	MATH	theorem	map_id	public
Math/FiniteProbabilityMassFunction.lean	162	MATH	theorem	map_comp	public
Math/FiniteProbabilityMassFunction.lean	167	MATH	theorem	map_pure	public
Math/FiniteProbabilityMassFunction.lean	172	MATH	theorem	map_const	public
Math/FiniteProbabilityMassFunction.lean	177	MATH	theorem	map_bind	public
Math/FiniteProbabilityMassFunction.lean	183	MATH	theorem	bind_map	public
Math/FiniteProbabilityMassFunction.lean	189	MATH	theorem	map_fst_product	public
Math/FiniteProbabilityMassFunction.lean	194	MATH	theorem	map_snd_product	public
Math/FiniteProbabilityMassFunction.lean	199	MATH	theorem	product_pure	public
Math/FiniteProbabilityMassFunction.lean	203	MATH	theorem	pure_product	public
Math/FiniteProbabilityMassFunction.lean	207	MATH	theorem	product_pure_right	public
Math/FiniteProbabilityMassFunction.lean	215	MATH	theorem	map_fst_map_mk_right	public
Math/FiniteProbabilityMassFunction.lean	219	MATH	theorem	map_snd_map_mk_right	public
Math/FiniteProbabilityMassFunction.lean	223	MATH	theorem	map_fst_unit_product	public
Math/FiniteProbabilityMassFunction.lean	230	MATH	theorem	map_snd_product_unit	public
Math/FiniteProbabilityMassFunction.lean	238	MATH	theorem	product_pure_unit_map_snd	public
Math/FiniteProbabilityMassFunction.lean	249	MATH	theorem	product_map_fst_pure_unit	public
Math/FiniteProbabilityMassFunction.lean	261	MATH	theorem	map_swap_product	public
Math/FiniteProbabilityMassFunction.lean	274	MATH	theorem	map_assoc_product	public
Math/FiniteProbabilityMassFunction.lean	283	MATH	def	join	public
Math/FiniteProbabilityMassFunction.lean	286	MATH	theorem	join_pure	public
Math/FiniteProbabilityMassFunction.lean	289	MATH	theorem	join_map_pure	public
Math/FiniteProbabilityMassFunction.lean	292	MATH	theorem	join_map_map	public
Math/FiniteProbabilityMassFunction.lean	296	MATH	instance	<anonymous@296>	public
Math/FiniteProbabilityMassFunction.lean	301	MATH	instance	<anonymous@301>	public
Math/FiniteProbabilityMassFunction.lean	311	MATH	def	expect	public
Math/FiniteProbabilityMassFunction.lean	314	MATH	theorem	expect_pure	public
Math/FiniteProbabilityMassFunction.lean	321	MATH	theorem	expect_bind	public
Math/FiniteProbabilityMassFunction.lean	361	MATH	theorem	expect_eq_sum_support	public
Math/FiniteProbabilityMassFunction.lean	375	MATH	theorem	expect_mono	public
Math/FiniteProbabilityMassFunction.lean	382	MATH	theorem	expect_mono_on_support	public
Math/FiniteProbabilityMassFunction.lean	390	MATH	theorem	expect_le_const	public
Math/FiniteProbabilityMassFunction.lean	398	MATH	theorem	expect_product	public
Math/FiniteProbabilityMassFunction.lean	409	MATH	theorem	expect_product_swap	public
Math/FiniteProbabilityMassFunction.lean	422	MATH	def	convexClosure	public
Math/FiniteProbabilityMassFunction.lean	425	MATH	theorem	subset_convexClosure	public
Math/FiniteProbabilityMassFunction.lean	430	MATH	theorem	convexClosure_singleton	public
Math/FiniteProbabilityMassFunction.lean	445	MATH	theorem	convexClosure_mono	public
Math/FiniteProbabilityMassFunction.lean	451	MATH	theorem	convexClosure_idempotent	public
Math/FiniteProbabilityMassFunction.lean	485	MATH	def	RelKleisli	public
Math/FiniteProbabilityMassFunction.lean	491	MATH	theorem	relKleisli_mono	public
Math/FiniteProbabilityMassFunction.lean	499	MATH	theorem	relKleisli_convexClosure_iff	public
Math/FiniteProbabilityMassFunction.lean	538	MATH	theorem	relKleisli_support	public
Math/FiniteProbabilityMassFunction.lean	559	MATH	theorem	relKleisli_pure_of_mem	public
Math/FiniteProbabilityMassFunction.lean	571	MATH	theorem	relKleisli_pure_iff	public
Math/FiniteProbabilityMassFunction.lean	588	MATH	theorem	relKleisli_of_forall_mem	public
Math/FiniteProbabilityMassFunction.lean	600	MATH	theorem	relKleisli_const_iff	public
Math/FiniteProbabilityMassFunction.lean	619	MATH	theorem	relKleisli_map	public
Math/FiniteProbabilityMassFunction.lean	639	MATH	class	AvgAlgebra	public
Math/FiniteProbabilityMassFunction.lean	654	MATH	theorem	avg_bind	public
Math/FiniteProbabilityMassFunction.lean	669	MATH	instance	<anonymous@669>	public
Math/FiniteProbabilityMassFunction.lean	683	MATH	theorem	avg_map_real	public
Math/FiniteProbabilityMassFunction.lean	690	MATH	instance	<anonymous@690>	public
Math/Fintype.lean	28	MATH	theorem	subtype_of_card_eq_of_imp	public
Math/Fintype.lean	50	MATH	theorem	exists_maximal_or_rel_of_finite_trans_irrefl	public
Math/Fintype.lean	76	MATH	theorem	exists_maximal_rel_of_finite_trans_irrefl	public
Math/Fintype.lean	92	MATH	theorem	exists_greatest_of_complete_transitive	public
Math/Fintype.lean	115	MATH	theorem	exists_least_of_complete_transitive	public
Math/Fintype/Transport.lean	22	MATH	def	reindex	public
Math/Fintype/Transport.lean	26	MATH	def	pullback	public
Math/Fintype/Transport.lean	29	MATH	theorem	reindex_apply	public
Math/Fintype/Transport.lean	33	MATH	theorem	pullback_apply	public
Math/Fintype/Transport.lean	37	MATH	theorem	reindex_apply_apply	public
Math/Fintype/Transport.lean	42	MATH	theorem	pullback_symm_apply	public
Math/Fintype/Transport.lean	48	MATH	def	toFin	public
Math/Fintype/Transport.lean	53	MATH	def	fromFin	public
Math/Fintype/Transport.lean	57	MATH	theorem	toFin_apply	public
Math/Fintype/Transport.lean	62	MATH	theorem	fromFin_apply	public
Math/Fintype/Transport.lean	67	MATH	theorem	toFin_equivFin	public
Math/Fintype/Transport.lean	71	MATH	theorem	fromFin_equivFin_symm	public
Math/FixedPoint/KKM.lean	29	MATH	def	simplexFaceOpp	public
Math/FixedPoint/KKM.lean	34	MATH	def	IsKKMCover	public
Math/FixedPoint/KKM.lean	39	MATH	theorem	kkm_closed_cover	public
Math/FixedPoint/KKM.lean	164	MATH	theorem	kkm_open_cover	public
Math/FixedPoint/Scarf.lean	72	MATH	lemma	injOn_sdiff	public
Math/FixedPoint/Scarf.lean	159	MATH	class	IndexedLOrder	public
Math/FixedPoint/Scarf.lean	162	MATH	instance	<anonymous@162>	public
Math/FixedPoint/Scarf.lean	183	MATH	def	isDominant	public
Math/FixedPoint/Scarf.lean	188	MATH	lemma	Nonempty_of_Dominant	public
Math/FixedPoint/Scarf.lean	194	MATH	lemma	Dominant_of_subset	public
Math/FixedPoint/Scarf.lean	203	MATH	lemma	Dominant_of_supset	public
Math/FixedPoint/Scarf.lean	211	MATH	abbrev	mini	public
Math/FixedPoint/Scarf.lean	214	MATH	lemma	keylemma_of_dominant	public
Math/FixedPoint/Scarf.lean	236	MATH	lemma	card_le_of_domiant	public
Math/FixedPoint/Scarf.lean	246	MATH	lemma	empty_Dominant	public
Math/FixedPoint/Scarf.lean	256	MATH	abbrev	isCell	public
Math/FixedPoint/Scarf.lean	262	MATH	abbrev	isRoom	public
Math/FixedPoint/Scarf.lean	265	MATH	lemma	sigma_nonempty_of_room	public
Math/FixedPoint/Scarf.lean	276	MATH	abbrev	isDoor	public
Math/FixedPoint/Scarf.lean	279	MATH	inductive	isDoorof	public
Math/FixedPoint/Scarf.lean	284	MATH	lemma	isCell_of_door	public
Math/FixedPoint/Scarf.lean	295	MATH	lemma	isRoom_of_Door	public
Math/FixedPoint/Scarf.lean	312	MATH	lemma	room_is_not_door	public
Math/FixedPoint/Scarf.lean	328	MATH	abbrev	isOutsideDoor	public
Math/FixedPoint/Scarf.lean	331	MATH	abbrev	isInternalDoor	public
Math/FixedPoint/Scarf.lean	335	MATH	lemma	outsidedoor_singleton	public
Math/FixedPoint/Scarf.lean	351	MATH	lemma	outsidedoor_is_singleton	public
Math/FixedPoint/Scarf.lean	366	MATH	def	M_set	public
Math/FixedPoint/Scarf.lean	370	MATH	def	is_maximal_in_M_set	public
Math/FixedPoint/Scarf.lean	376	MATH	def	m_element	public
Math/FixedPoint/Scarf.lean	383	MATH	theorem	m_element_is_maximal	public
Math/FixedPoint/Scarf.lean	401	MATH	lemma	sublemma_3_1	public
Math/FixedPoint/Scarf.lean	483	MATH	lemma	sublemma_3_2	public
Math/FixedPoint/Scarf.lean	694	MATH	lemma	M_sets_disjoint	public
Math/FixedPoint/Scarf.lean	734	MATH	lemma	m_element_not_in_tau	public
Math/FixedPoint/Scarf.lean	781	MATH	lemma	odoor_index_in_pair	public
Math/FixedPoint/Scarf.lean	815	MATH	lemma	maximal_element_unique	public
Math/FixedPoint/Scarf.lean	830	MATH	lemma	idoor_determines_element	public
Math/FixedPoint/Scarf.lean	862	MATH	theorem	internal_door_two_rooms	public
Math/FixedPoint/Scarf.lean	1297	MATH	def	isColorful	public
Math/FixedPoint/Scarf.lean	1301	MATH	def	isNearlyColorful	public
Math/FixedPoint/Scarf.lean	1305	MATH	def	isTypedNC	public
Math/FixedPoint/Scarf.lean	1313	MATH	lemma	not_colorful_of_TypedNC	public
Math/FixedPoint/Scarf.lean	1327	MATH	lemma	NC_of_TNC	public
Math/FixedPoint/Scarf.lean	1339	MATH	lemma	Finset.eq_of_mem_of_card_one	public
Math/FixedPoint/Scarf.lean	1349	MATH	lemma	room_of_colorful	public
Math/FixedPoint/Scarf.lean	1362	MATH	def	pick_colorful_point	public
Math/FixedPoint/Scarf.lean	1369	MATH	lemma	NC_of_outsidedoor	public
Math/FixedPoint/Scarf.lean	1389	MATH	lemma	NC_or_C_of_door	public
Math/FixedPoint/Scarf.lean	1459	MATH	lemma	NCtype_of_door	public
Math/FixedPoint/Scarf.lean	1463	MATH	lemma	isTypedNC_of_isNearlyColorful_of_isDoorof_isTypedNC	public
Math/FixedPoint/Scarf.lean	1489	MATH	lemma	card_of_NCcell	public
Math/FixedPoint/Scarf.lean	1516	MATH	lemma	image_subset_of_NCdoor	public
Math/FixedPoint/Scarf.lean	1546	MATH	lemma	image_erase_eq_erase_image_of_unique	public
Math/FixedPoint/Scarf.lean	1572	MATH	abbrev	NCdoors	public
Math/FixedPoint/Scarf.lean	1576	MATH	lemma	three_collision_card_bound	public
Math/FixedPoint/Scarf.lean	1622	MATH	lemma	image_erase_collision_preserves	public
Math/FixedPoint/Scarf.lean	1665	MATH	lemma	collision_door_valid	public
Math/FixedPoint/Scarf.lean	1680	MATH	lemma	doors_of_NCroom	public
Math/FixedPoint/Scarf.lean	2291	MATH	abbrev	colorful	public
Math/FixedPoint/Scarf.lean	2296	MATH	abbrev	dbcountingset	public
Math/FixedPoint/Scarf.lean	2302	MATH	lemma	dbcount_outside_door'	public
Math/FixedPoint/Scarf.lean	2410	MATH	lemma	dbcount_outside_door_odd	public
Math/FixedPoint/Scarf.lean	2418	MATH	lemma	fiber_size_internal_door	public
Math/FixedPoint/Scarf.lean	2491	MATH	lemma	dbcount_internal_door_even	public
Math/FixedPoint/Scarf.lean	2534	MATH	lemma	NC_of_NCdoor	public
Math/FixedPoint/Scarf.lean	2544	MATH	lemma	firber2_doors_NCroom	public
Math/FixedPoint/Scarf.lean	2601	MATH	lemma	dbcount_NCroom	public
Math/FixedPoint/Scarf.lean	2642	MATH	lemma	parity_lemma	public
Math/FixedPoint/Scarf.lean	2652	MATH	theorem	_root_.Finset.card_filter_filter_neg	public
Math/FixedPoint/Scarf.lean	2659	MATH	lemma	typed_colorful_room_odd	public
Math/FixedPoint/Scarf.lean	2680	MATH	theorem	Scarf	public
Math/Knowledge.lean	34	MATH	def	Same	public
Math/Knowledge.lean	37	MATH	theorem	Same.refl	public
Math/Knowledge.lean	40	MATH	theorem	Same.symm	public
Math/Knowledge.lean	45	MATH	theorem	Same.trans	public
Math/Knowledge.lean	52	MATH	theorem	Same.coarsen	public
Math/Knowledge.lean	59	MATH	theorem	Same.coarsen_of_eq	public
Math/Knowledge.lean	68	MATH	def	Cell	public
Math/Knowledge.lean	71	MATH	theorem	mem_Cell_iff	public
Math/Knowledge.lean	77	MATH	theorem	Cell.self	public
Math/Knowledge.lean	82	MATH	theorem	Cell.eq_of_same	public
Math/Knowledge.lean	94	MATH	theorem	Cell.subset_coarsen	public
Math/Knowledge.lean	102	MATH	theorem	Cell.subset_coarsen_of_eq	public
Math/Knowledge.lean	112	MATH	def	Knows	public
Math/Knowledge.lean	116	MATH	theorem	Knows.truth	public
Math/Knowledge.lean	122	MATH	theorem	Knows.mono	public
Math/Knowledge.lean	131	MATH	theorem	Knows.and	public
Math/Knowledge.lean	141	MATH	theorem	Knows.mp	public
Math/Knowledge.lean	151	MATH	theorem	Knows.of_same	public
Math/Knowledge.lean	161	MATH	theorem	Knows.of_coarser	public
Math/Knowledge.lean	170	MATH	theorem	Knows.of_coarser_eq	public
Math/Knowledge.lean	180	MATH	theorem	Knows.positive_introspection	public
Math/Knowledge.lean	188	MATH	theorem	Knows.negative_introspection	public
Math/LinearAlgebra/Farkas.lean	71	MATH	abbrev	FarkasAugRow	public
Math/LinearAlgebra/Farkas.lean	74	MATH	def	farkasAugA	public
Math/LinearAlgebra/Farkas.lean	81	MATH	def	farkasAugB	public
Math/LinearAlgebra/Farkas.lean	89	MATH	theorem	farkasAugA_inl_castSucc	public
Math/LinearAlgebra/Farkas.lean	95	MATH	theorem	farkasAugA_inl_last	public
Math/LinearAlgebra/Farkas.lean	101	MATH	theorem	farkasAugA_inr_false_castSucc	public
Math/LinearAlgebra/Farkas.lean	107	MATH	theorem	farkasAugA_inr_false_last	public
Math/LinearAlgebra/Farkas.lean	113	MATH	theorem	farkasAugA_inr_true_castSucc	public
Math/LinearAlgebra/Farkas.lean	119	MATH	theorem	farkasAugA_inr_true_last	public
Math/LinearAlgebra/Farkas.lean	125	MATH	theorem	farkasAugB_inl	public
Math/LinearAlgebra/Farkas.lean	129	MATH	theorem	farkasAugB_inr_false	public
Math/LinearAlgebra/Farkas.lean	133	MATH	theorem	farkasAugB_inr_true	public
Math/LinearAlgebra/Farkas.lean	142	MATH	theorem	augRowEval_inl	private
Math/LinearAlgebra/Farkas.lean	152	MATH	theorem	augRowEval_inr_false	private
Math/LinearAlgebra/Farkas.lean	161	MATH	theorem	augRowEval_inr_true	private
Math/LinearAlgebra/Farkas.lean	181	MATH	theorem	farkas_lemma	public
Math/LinearAlgebra/Farkas.lean	375	MATH	theorem	farkas_lemma_fintype	public
Math/LinearAlgebra/FourierMotzkin.lean	60	MATH	def	rowEval	public
Math/LinearAlgebra/FourierMotzkin.lean	65	MATH	def	IsFeasible	public
Math/LinearAlgebra/FourierMotzkin.lean	70	MATH	def	IsCertificate	public
Math/LinearAlgebra/FourierMotzkin.lean	77	MATH	def	HasCertificate	public
Math/LinearAlgebra/FourierMotzkin.lean	83	MATH	theorem	feas_cert_disjoint	public
Math/LinearAlgebra/FourierMotzkin.lean	129	MATH	abbrev	ZeroRows	public
Math/LinearAlgebra/FourierMotzkin.lean	133	MATH	abbrev	PosRows	public
Math/LinearAlgebra/FourierMotzkin.lean	137	MATH	abbrev	NegRows	public
Math/LinearAlgebra/FourierMotzkin.lean	141	MATH	abbrev	FMRowIndex	public
Math/LinearAlgebra/FourierMotzkin.lean	155	MATH	def	fmA	public
Math/LinearAlgebra/FourierMotzkin.lean	163	MATH	def	fmB	public
Math/LinearAlgebra/FourierMotzkin.lean	171	MATH	theorem	fmA_inl	public
Math/LinearAlgebra/FourierMotzkin.lean	175	MATH	theorem	fmA_inr	public
Math/LinearAlgebra/FourierMotzkin.lean	182	MATH	theorem	fmB_inl	public
Math/LinearAlgebra/FourierMotzkin.lean	186	MATH	theorem	fmB_inr	public
Math/LinearAlgebra/FourierMotzkin.lean	193	MATH	theorem	rowEval_def	public
Math/LinearAlgebra/FourierMotzkin.lean	203	MATH	theorem	fm_feasible_of_feasible	public
Math/LinearAlgebra/FourierMotzkin.lean	269	MATH	theorem	reduced_pair_ineq	private
Math/LinearAlgebra/FourierMotzkin.lean	315	MATH	theorem	feasible_of_fm_feasible	public
Math/LinearAlgebra/FourierMotzkin.lean	403	MATH	def	liftCoeff	public
Math/LinearAlgebra/FourierMotzkin.lean	411	MATH	theorem	liftCoeff_inl	public
Math/LinearAlgebra/FourierMotzkin.lean	416	MATH	theorem	liftCoeff_inr	public
Math/LinearAlgebra/FourierMotzkin.lean	423	MATH	def	liftCert	public
Math/LinearAlgebra/FourierMotzkin.lean	428	MATH	theorem	liftCert_nonneg	public
Math/LinearAlgebra/FourierMotzkin.lean	452	MATH	theorem	liftCert_weighted_sum_swap	private
Math/LinearAlgebra/FourierMotzkin.lean	477	MATH	theorem	liftCoeff_weighted_inl	private
Math/LinearAlgebra/FourierMotzkin.lean	485	MATH	theorem	liftCoeff_weighted_inr	private
Math/LinearAlgebra/FourierMotzkin.lean	495	MATH	theorem	liftCert_column_zero_castSucc	private
Math/LinearAlgebra/FourierMotzkin.lean	512	MATH	theorem	liftCert_column_zero_last	private
Math/LinearAlgebra/FourierMotzkin.lean	526	MATH	theorem	liftCert_rhs	private
Math/LinearAlgebra/FourierMotzkin.lean	539	MATH	theorem	fm_cert_lift	public
Math/LinearAlgebra/FourierMotzkin.lean	559	MATH	theorem	theorem_of_alternative_base	private
Math/LinearAlgebra/FourierMotzkin.lean	596	MATH	theorem	theorem_of_alternative_aux	private
Math/LinearAlgebra/FourierMotzkin.lean	625	MATH	theorem	theorem_of_alternative	public
Math/LinearAlgebra/PerronFrobenius.lean	52	MATH	def	idMat	private
Math/LinearAlgebra/PerronFrobenius.lean	55	MATH	theorem	xA_idMat	private
Math/LinearAlgebra/PerronFrobenius.lean	62	MATH	theorem	Ay_idMat	private
Math/LinearAlgebra/PerronFrobenius.lean	75	MATH	theorem	perron_frobenius	public
Math/LinearAlgebra/Pi.lean	24	MATH	def	IsCoordinateDirection	public
Math/LinearAlgebra/Pi.lean	29	MATH	def	HasTwoNonzeroCoordinates	public
Math/LinearAlgebra/Pi.lean	34	MATH	def	HasTwoCoordinatesWithAbsAtLeast	public
Math/LinearAlgebra/Pi.lean	41	MATH	theorem	HasTwoCoordinatesWithAbsAtLeast.hasTwoNonzeroCoordinates	public
Math/LinearAlgebra/Pi.lean	57	MATH	theorem	isCoordinateDirection_or_hasTwoNonzeroCoordinates	public
Math/LinearAlgebra/Pi.lean	75	MATH	theorem	HasTwoNonzeroCoordinates.not_isCoordinateDirection	public
Math/LinearAlgebra/Pi.lean	87	MATH	theorem	hasTwoNonzeroCoordinates_iff_not_isCoordinateDirection	public
Math/LinearAlgebra/Pi.lean	97	MATH	def	normalLinearMap	public
Math/LinearAlgebra/Pi.lean	110	MATH	theorem	normalLinearMap_apply	public
Math/LinearAlgebra/Pi.lean	116	MATH	def	normalHyperplane	public
Math/LinearAlgebra/Pi.lean	121	MATH	theorem	mem_normalHyperplane_iff	public
Math/LinearAlgebra/Pi.lean	128	MATH	def	normalAffineHyperplane	public
Math/LinearAlgebra/Pi.lean	134	MATH	theorem	mem_normalAffineHyperplane_iff	public
Math/LinearAlgebra/Pi.lean	143	MATH	theorem	normalLinearMap_surjective_of_ne_zero	public
Math/LinearAlgebra/Pi.lean	166	MATH	theorem	linearIndependent_piCongrLeft_iff	public
Math/LinearAlgebra/WeightedIncidence.lean	46	MATH	def	incidence	public
Math/LinearAlgebra/WeightedIncidence.lean	51	MATH	def	grad	public
Math/LinearAlgebra/WeightedIncidence.lean	57	MATH	lemma	grad_apply	public
Math/LinearAlgebra/WeightedIncidence.lean	63	MATH	def	div	public
Math/LinearAlgebra/WeightedIncidence.lean	75	MATH	lemma	div_apply	public
Math/LinearAlgebra/WeightedIncidence.lean	81	MATH	def	edgeInner	public
Math/LinearAlgebra/WeightedIncidence.lean	84	MATH	def	nodeInner	public
Math/LinearAlgebra/WeightedIncidence.lean	88	MATH	lemma	grad_eq_sum_incidence	public
Math/LinearAlgebra/WeightedIncidence.lean	95	MATH	theorem	div_isAdjoint_grad	public
Math/LinearAlgebra/WeightedIncidence.lean	107	MATH	def	edgeBilin	public
Math/LinearAlgebra/WeightedIncidence.lean	122	MATH	lemma	edgeBilin_apply	public
Math/LinearAlgebra/WeightedIncidence.lean	127	MATH	lemma	edgeBilin_isRefl	public
Math/LinearAlgebra/WeightedIncidence.lean	136	MATH	lemma	eq_zero_of_edgeInner_self_eq_zero	public
Math/LinearAlgebra/WeightedIncidence.lean	149	MATH	lemma	eq_zero_of_nodeInner_self_eq_zero	public
Math/LinearAlgebra/WeightedIncidence.lean	162	MATH	theorem	ker_div_eq_orthogonal	public
Math/LinearAlgebra/WeightedIncidence.lean	182	MATH	theorem	disjoint_range_grad_ker_div	public
Math/LinearAlgebra/WeightedIncidence.lean	197	MATH	theorem	range_grad_isCompl_ker_div	public
Math/LinearAlgebra/WeightedIncidence.lean	210	MATH	theorem	exists_unique_grad_add_ker_div	public
Math/LinearAlgebra/WeightedIncidence.lean	235	MATH	def	AlternatingFlow	public
Math/LinearAlgebra/WeightedIncidence.lean	242	MATH	lemma	mem_alternatingFlow	public
Math/LinearAlgebra/WeightedIncidence.lean	248	MATH	lemma	grad_mem_alternatingFlow	public
Math/LinearAlgebra/WeightedIncidence.lean	256	MATH	lemma	range_grad_le_alternatingFlow	public
Math/LinearAlgebra/WeightedIncidence.lean	266	MATH	lemma	div_apply_of_mem_alternatingFlow	public
Math/LinearAlgebra/WeightedIncidence.lean	285	MATH	theorem	alternatingFlow_disjoint	public
Math/LinearAlgebra/WeightedIncidence.lean	296	MATH	theorem	alternatingFlow_sup	public
Math/LinearAlgebra/WeightedIncidence.lean	313	MATH	def	triSrc	public
Math/LinearAlgebra/WeightedIncidence.lean	315	MATH	def	triTgt	public
Math/LinearAlgebra/WeightedIncidence.lean	317	MATH	def	triRev	public
Math/LinearAlgebra/WeightedIncidence.lean	319	MATH	def	triWt	public
Math/LinearAlgebra/WeightedIncidence.lean	321	MATH	def	triPot	public
Math/LinearAlgebra/WeightedIncidence.lean	323	MATH	def	triRot	public
Math/LinearAlgebra/ZeroSum.lean	25	MATH	def	coordinateSumLinearMap	public
Math/LinearAlgebra/ZeroSum.lean	37	MATH	def	zeroSumSubspace	public
Math/LinearAlgebra/ZeroSum.lean	42	MATH	theorem	mem_zeroSumSubspace_iff	public
Math/LinearAlgebra/ZeroSum.lean	49	MATH	theorem	finrank_zeroSumSubspace	public
Math/LinearProgramming/Basic.lean	39	MATH	def	dot	public
Math/LinearProgramming/Basic.lean	42	MATH	theorem	dot_comm	public
Math/LinearProgramming/Basic.lean	46	MATH	def	rowEval	public
Math/LinearProgramming/Basic.lean	50	MATH	def	colEval	public
Math/LinearProgramming/Basic.lean	54	MATH	def	Nonnegative	public
Math/LinearProgramming/Basic.lean	58	MATH	def	PrimalFeasible	public
Math/LinearProgramming/Basic.lean	62	MATH	def	DualFeasible	public
Math/LinearProgramming/Basic.lean	66	MATH	def	primalValue	public
Math/LinearProgramming/Basic.lean	70	MATH	def	dualValue	public
Math/LinearProgramming/Basic.lean	73	MATH	theorem	dot_mono_of_nonnegative_right	public
Math/LinearProgramming/Basic.lean	79	MATH	theorem	dot_mono_of_nonnegative_left	public
Math/LinearProgramming/Basic.lean	86	MATH	theorem	dot_colEval_eq_dot_rowEval	public
Math/LinearProgramming/Basic.lean	102	MATH	theorem	weak_duality	public
Math/LinearProgramming/Basic.lean	118	MATH	def	dualSlack	public
Math/LinearProgramming/Basic.lean	122	MATH	def	primalSlack	public
Math/LinearProgramming/Basic.lean	126	MATH	theorem	dualSlack_nonnegative	public
Math/LinearProgramming/Basic.lean	133	MATH	theorem	primalSlack_nonnegative	public
Math/LinearProgramming/Basic.lean	139	MATH	theorem	duality_gap_eq_slack_sum	public
Math/LinearProgramming/Basic.lean	153	MATH	theorem	eq_zero_of_sum_nonneg_of_le_zero	private
Math/LinearProgramming/Basic.lean	161	MATH	theorem	slackTerm_eq_zero_of_gap_zero	private
Math/LinearProgramming/Basic.lean	190	MATH	theorem	primalSlack_mul_dual_eq_zero_of_gap_zero	public
Math/LinearProgramming/Basic.lean	200	MATH	theorem	dualSlack_mul_primal_eq_zero_of_gap_zero	public
Math/LinearProgramming/Certificates.lean	32	MATH	def	unitCoeff	private
Math/LinearProgramming/Certificates.lean	36	MATH	def	systemA	private
Math/LinearProgramming/Certificates.lean	41	MATH	def	systemB	private
Math/LinearProgramming/Certificates.lean	45	MATH	theorem	sum_unitCoeff_mul	private
Math/LinearProgramming/Certificates.lean	63	MATH	theorem	sum_neg_reindex	private
Math/LinearProgramming/Certificates.lean	83	MATH	theorem	system_feasible_iff	private
Math/LinearProgramming/Certificates.lean	123	MATH	theorem	system_feasible_exists_iff	private
Math/LinearProgramming/Certificates.lean	146	MATH	theorem	certificate_dualValue_neg	private
Math/LinearProgramming/Certificates.lean	208	MATH	theorem	not_exists_primalFeasible_iff_exists_dual_certificate	public
Math/LinearProgramming/Certificates.lean	233	MATH	theorem	exists_dual_certificate_of_not_exists_primalFeasible	public
Math/LinearProgramming/Certificates.lean	241	MATH	theorem	rowEval_neg	private
Math/LinearProgramming/Certificates.lean	246	MATH	theorem	colEval_neg	private
Math/LinearProgramming/Certificates.lean	250	MATH	theorem	dualValue_neg	private
Math/LinearProgramming/Certificates.lean	255	MATH	theorem	minPrimalFeasible_iff_primalFeasible_neg	public
Math/LinearProgramming/Certificates.lean	275	MATH	theorem	not_exists_minPrimalFeasible_iff_exists_dual_certificate	public
Math/LinearProgramming/Standard.lean	29	MATH	def	MinPrimalFeasible	public
Math/LinearProgramming/Standard.lean	33	MATH	def	MaxDualFeasible	public
Math/LinearProgramming/Standard.lean	37	MATH	def	minPrimalValue	public
Math/LinearProgramming/Standard.lean	41	MATH	def	maxDualValue	public
Math/LinearProgramming/Standard.lean	45	MATH	def	minPrimalSlack	public
Math/LinearProgramming/Standard.lean	49	MATH	def	maxDualSlack	public
Math/LinearProgramming/Standard.lean	53	MATH	theorem	minPrimalSlack_nonnegative	public
Math/LinearProgramming/Standard.lean	60	MATH	theorem	maxDualSlack_nonnegative	public
Math/LinearProgramming/Standard.lean	67	MATH	theorem	min_weak_duality	public
Math/LinearProgramming/Standard.lean	82	MATH	theorem	min_duality_gap_eq_slack_sum	public
Math/LinearProgramming/Standard.lean	97	MATH	theorem	standardSlackTerm_eq_zero_of_gap_zero	private
Math/LinearProgramming/Standard.lean	133	MATH	theorem	minPrimalSlack_mul_dual_eq_zero_of_gap_zero	public
Math/LinearProgramming/Standard.lean	143	MATH	theorem	maxDualSlack_mul_primal_eq_zero_of_gap_zero	public
Math/LinearProgramming/StrongComplementarity.lean	29	MATH	def	IsStrongComplementaryPair	public
Math/LinearProgramming/StrongComplementarity.lean	38	MATH	theorem	eq_zero_of_mul_eq_zero_of_pos_left	private
Math/LinearProgramming/StrongComplementarity.lean	42	MATH	theorem	eq_zero_of_mul_eq_zero_of_pos_right	private
Math/LinearProgramming/StrongComplementarity.lean	48	MATH	theorem	dual_eq_zero_of_minPrimalSlack_pos	public
Math/LinearProgramming/StrongComplementarity.lean	60	MATH	theorem	minPrimalSlack_eq_zero_of_dual_pos	public
Math/LinearProgramming/StrongComplementarity.lean	72	MATH	theorem	primal_eq_zero_of_maxDualSlack_pos	public
Math/LinearProgramming/StrongComplementarity.lean	84	MATH	theorem	maxDualSlack_eq_zero_of_primal_pos	public
Math/LinearProgramming/StrongComplementarity.lean	96	MATH	theorem	IsStrongComplementaryPair.minPrimalSlack_pos_iff_dual_eq_zero	public
Math/LinearProgramming/StrongComplementarity.lean	110	MATH	theorem	IsStrongComplementaryPair.dual_pos_iff_minPrimalSlack_eq_zero	public
Math/LinearProgramming/StrongComplementarity.lean	124	MATH	theorem	IsStrongComplementaryPair.maxDualSlack_pos_iff_primal_eq_zero	public
Math/LinearProgramming/StrongComplementarity.lean	138	MATH	theorem	IsStrongComplementaryPair.primal_pos_iff_maxDualSlack_eq_zero	public
Math/LinearProgramming/StrongComplementarity.lean	154	MATH	theorem	weak_duality_sum	private
Math/LinearProgramming/StrongComplementarity.lean	173	MATH	abbrev	OptAugRow	public
Math/LinearProgramming/StrongComplementarity.lean	176	MATH	def	optAugA	public
Math/LinearProgramming/StrongComplementarity.lean	182	MATH	def	optAugB	public
Math/LinearProgramming/StrongComplementarity.lean	188	MATH	theorem	optAugA_inl_inl	public
Math/LinearProgramming/StrongComplementarity.lean	193	MATH	theorem	optAugA_inl_inr	public
Math/LinearProgramming/StrongComplementarity.lean	198	MATH	theorem	optAugA_inr	public
Math/LinearProgramming/StrongComplementarity.lean	202	MATH	theorem	optAugB_inl_inl	public
Math/LinearProgramming/StrongComplementarity.lean	206	MATH	theorem	optAugB_inl_inr	public
Math/LinearProgramming/StrongComplementarity.lean	210	MATH	theorem	optAugB_inr	public
Math/LinearProgramming/StrongComplementarity.lean	216	MATH	theorem	optAug_feasible_iff	public
Math/LinearProgramming/StrongComplementarity.lean	274	MATH	theorem	exists_row_strict_pair	public
Math/LinearProgramming/StrongComplementarity.lean	545	MATH	theorem	exists_col_strict_pair	public
Math/LinearProgramming/StrongComplementarity.lean	776	MATH	theorem	exists_strong_complementary_pair	public
Math/LinearProgramming/StrongDuality.lean	35	MATH	def	unitCoeff	private
Math/LinearProgramming/StrongDuality.lean	40	MATH	theorem	sum_unitCoeff_mul	private
Math/LinearProgramming/StrongDuality.lean	47	MATH	theorem	sum_mul_unitCoeff	private
Math/LinearProgramming/StrongDuality.lean	53	MATH	def	primalSystemA	private
Math/LinearProgramming/StrongDuality.lean	57	MATH	def	primalSystemB	private
Math/LinearProgramming/StrongDuality.lean	62	MATH	theorem	primalSystem_feasible_iff	private
Math/LinearProgramming/StrongDuality.lean	87	MATH	theorem	primalSystem_feasible_nonempty	private
Math/LinearProgramming/StrongDuality.lean	94	MATH	theorem	primalSystem_bound_iff	private
Math/LinearProgramming/StrongDuality.lean	108	MATH	theorem	sum_primalSystemB	private
Math/LinearProgramming/StrongDuality.lean	115	MATH	theorem	sum_primalSystemA	private
Math/LinearProgramming/StrongDuality.lean	128	MATH	theorem	exists_maxDualFeasible_of_minPrimal_lower_bound	public
Math/LinearProgramming/StrongDuality.lean	160	MATH	theorem	lp_strong_duality	public
Math/List.lean	20	MATH	theorem	ofFn_snoc	public
Math/MeasureTheory/UnitInterval.lean	30	MATH	instance	nullSingletonMapSubtypeVal	public
Math/MeasureTheory/UnitInterval.lean	43	MATH	theorem	mapSubtypeVal_eq_restrict_Ico	public
Math/MeasureTheory/UnitInterval.lean	64	MATH	theorem	cdfRealContinuous	public
Math/MeasureTheory/UnitInterval.lean	118	MATH	theorem	measure_Ico_toReal	public
Math/MeasureTheory/UnitInterval.lean	161	MATH	theorem	map_Iic_eq	private
Math/MeasureTheory/UnitInterval.lean	166	MATH	theorem	map_univ_eq	private
Math/MeasureTheory/UnitInterval.lean	171	MATH	theorem	cut_exists_real	private
Math/MeasureTheory/UnitInterval.lean	204	MATH	theorem	unitInterval_cut_exists	public
Math/Minimax/Loomis.lean	53	MATH	def	IsPositive	public
Math/Minimax/Loomis.lean	60	MATH	theorem	one	public
Math/Minimax/Loomis.lean	70	MATH	def	xA	public
Math/Minimax/Loomis.lean	74	MATH	def	xB	public
Math/Minimax/Loomis.lean	78	MATH	def	Ay	public
Math/Minimax/Loomis.lean	82	MATH	def	By	public
Math/Minimax/Loomis.lean	87	MATH	theorem	xB_pos	public
Math/Minimax/Loomis.lean	93	MATH	theorem	By_pos	public
Math/Minimax/Loomis.lean	99	MATH	theorem	xBy_pos	public
Math/Minimax/Loomis.lean	107	MATH	def	colRatio	public
Math/Minimax/Loomis.lean	111	MATH	def	rowRatio	public
Math/Minimax/Loomis.lean	116	MATH	def	lamB.aux	public
Math/Minimax/Loomis.lean	121	MATH	def	muB.aux	public
Math/Minimax/Loomis.lean	125	MATH	def	lamB0	public
Math/Minimax/Loomis.lean	128	MATH	def	muB0	public
Math/Minimax/Loomis.lean	132	MATH	theorem	lamB.aux_gt_iff_gt	public
Math/Minimax/Loomis.lean	138	MATH	theorem	muB.aux_lt_iff_lt	public
Math/Minimax/Loomis.lean	150	MATH	theorem	colRatio.continuous	public
Math/Minimax/Loomis.lean	159	MATH	theorem	rowRatio.continuous	public
Math/Minimax/Loomis.lean	168	MATH	theorem	lamB.aux.continuous	public
Math/Minimax/Loomis.lean	176	MATH	theorem	muB.aux.continuous	public
Math/Minimax/Loomis.lean	185	MATH	theorem	lamB.aux.bddAbove	public
Math/Minimax/Loomis.lean	193	MATH	theorem	muB.aux.bddBelow	public
Math/Minimax/Loomis.lean	201	MATH	theorem	lamB.aux.le_lamB0	public
Math/Minimax/Loomis.lean	210	MATH	theorem	muB.aux.ge_muB0	public
Math/Minimax/Loomis.lean	219	MATH	theorem	exists_xx_lamB0	public
Math/Minimax/Loomis.lean	238	MATH	theorem	exists_yy_muB0	public
Math/Minimax/Loomis.lean	258	MATH	theorem	xBy_swap	private
Math/Minimax/Loomis.lean	267	MATH	theorem	wsum_const_mul	private
Math/Minimax/Loomis.lean	277	MATH	theorem	lamB0_le_muB0	public
Math/Minimax/Loomis.lean	316	MATH	theorem	loomis_value_IJ_2	public
Math/Minimax/Loomis.lean	382	MATH	def	colOffset	private
Math/Minimax/Loomis.lean	387	MATH	def	rowOffset	private
Math/Minimax/Loomis.lean	393	MATH	theorem	colOffset_eq_wsum	private
Math/Minimax/Loomis.lean	406	MATH	theorem	rowOffset_eq_wsum	private
Math/Minimax/Loomis.lean	419	MATH	theorem	colOffset_mix	private
Math/Minimax/Loomis.lean	428	MATH	theorem	rowOffset_mix	private
Math/Minimax/Loomis.lean	440	MATH	theorem	lamB.aux_gt_of_colOffset_pos	private
Math/Minimax/Loomis.lean	456	MATH	theorem	muB.aux_lt_of_rowOffset_pos	private
Math/Minimax/Loomis.lean	471	MATH	def	dropCol	private
Math/Minimax/Loomis.lean	476	MATH	def	dropRow	private
Math/Minimax/Loomis.lean	482	MATH	theorem	dropCol.IsPositive	private
Math/Minimax/Loomis.lean	488	MATH	theorem	dropRow.IsPositive	private
Math/Minimax/Loomis.lean	495	MATH	theorem	Ay_extendDropColumn	private
Math/Minimax/Loomis.lean	503	MATH	theorem	By_extendDropColumn	private
Math/Minimax/Loomis.lean	511	MATH	theorem	xA_extendDropRow	private
Math/Minimax/Loomis.lean	519	MATH	theorem	xB_extendDropRow	private
Math/Minimax/Loomis.lean	530	MATH	theorem	loomis_value_eq_aux	private
Math/Minimax/Loomis.lean	835	MATH	theorem	loomis_value_eq	public
Math/Minimax/Loomis.lean	855	MATH	theorem	loomis_theorem	public
Math/Minimax/Loomis.lean	875	MATH	theorem	xB_one	private
Math/Minimax/Loomis.lean	881	MATH	theorem	By_one	private
Math/Minimax/Loomis.lean	887	MATH	theorem	colRatio_one	private
Math/Minimax/Loomis.lean	895	MATH	theorem	rowRatio_one	private
Math/Minimax/Loomis.lean	903	MATH	theorem	lamB.aux_one	private
Math/Minimax/Loomis.lean	910	MATH	theorem	muB.aux_one	private
Math/Minimax/Loomis.lean	917	MATH	theorem	lamB0_one	public
Math/Minimax/Loomis.lean	923	MATH	theorem	muB0_one	public
Math/Minimax/Loomis.lean	937	MATH	theorem	minmax_from_general	public
Math/Minimax/MinimaxLoomis.lean	53	MATH	def	E	public
Math/Minimax/MinimaxLoomis.lean	60	MATH	def	lam.aux	public
Math/Minimax/MinimaxLoomis.lean	64	MATH	def	lam0	public
Math/Minimax/MinimaxLoomis.lean	68	MATH	theorem	lam.aux_gt_iff_gt	public
Math/Minimax/MinimaxLoomis.lean	74	MATH	theorem	lam.aux.continuous	public
Math/Minimax/MinimaxLoomis.lean	81	MATH	theorem	lam.aux.bddAbove	public
Math/Minimax/MinimaxLoomis.lean	106	MATH	theorem	lam.aux.le_lam0	public
Math/Minimax/MinimaxLoomis.lean	115	MATH	theorem	exists_xx_lam0	public
Math/Minimax/MinimaxLoomis.lean	131	MATH	def	mu.aux	public
Math/Minimax/MinimaxLoomis.lean	135	MATH	def	mu0	public
Math/Minimax/MinimaxLoomis.lean	139	MATH	theorem	mu.aux_lt_iff_lt	public
Math/Minimax/MinimaxLoomis.lean	145	MATH	theorem	mu.aux.continuous	public
Math/Minimax/MinimaxLoomis.lean	152	MATH	theorem	mu.aux.bddBelow	public
Math/Minimax/MinimaxLoomis.lean	173	MATH	theorem	mu.aux.ge_mu0	public
Math/Minimax/MinimaxLoomis.lean	181	MATH	theorem	exists_yy_mu0	public
Math/Minimax/MinimaxLoomis.lean	197	MATH	theorem	lam0_le_mu0	public
Math/Minimax/MinimaxLoomis.lean	215	MATH	theorem	singleton_of_card_one	public
Math/Minimax/MinimaxLoomis.lean	224	MATH	def	dropEquiv	public
Math/Minimax/MinimaxLoomis.lean	235	MATH	theorem	sum_split_at	public
Math/Minimax/MinimaxLoomis.lean	246	MATH	def	extendDropColumn	public
Math/Minimax/MinimaxLoomis.lean	265	MATH	def	extendDropRow	public
Math/Minimax/MinimaxLoomis.lean	273	MATH	theorem	wsum_extendDropColumn	public
Math/Minimax/MinimaxLoomis.lean	291	MATH	theorem	wsum_extendDropRow	public
Math/NondeterministicRefinement.lean	54	MATH	abbrev	LawFamily	public
Math/NondeterministicRefinement.lean	62	MATH	def	InvariantUnder	public
Math/NondeterministicRefinement.lean	66	MATH	abbrev	Invariant	public
Math/NondeterministicRefinement.lean	71	MATH	theorem	InvariantUnder.comp	public
Math/NondeterministicRefinement.lean	78	MATH	theorem	Invariant.invariantUnder	public
Math/NondeterministicRefinement.lean	88	MATH	def	projectedLaw	public
Math/NondeterministicRefinement.lean	92	MATH	theorem	InvariantUnder.projectedLaw_eq	public
Math/NondeterministicRefinement.lean	103	MATH	def	Refines	public
Math/NondeterministicRefinement.lean	107	MATH	theorem	Refines.refl	public
Math/NondeterministicRefinement.lean	111	MATH	theorem	Refines.trans	public
Math/NondeterministicRefinement.lean	122	MATH	structure	FunRefinement	public
Math/NondeterministicRefinement.lean	129	MATH	theorem	FunRefinement.refines	public
Math/NondeterministicRefinement.lean	136	MATH	theorem	Refines.invariantUnder_of_spec_invariant	public
Math/NondeterministicRefinement.lean	158	MATH	def	RefinesRel	public
Math/NondeterministicRefinement.lean	162	MATH	theorem	RefinesRel.mono	public
Math/NondeterministicRefinement.lean	170	MATH	theorem	hasCoupling_projEq_iff_map_eq	public
Math/NondeterministicRefinement.lean	195	MATH	theorem	refinesRel_projEq_iff	public
Math/OnlineAlgorithms.lean	28	MATH	structure	OnlineAlgorithm	public
Math/OnlineAlgorithms.lean	39	MATH	def	run	public
Math/OnlineAlgorithms.lean	46	MATH	theorem	run_nil	public
Math/OnlineAlgorithms.lean	49	MATH	theorem	run_cons	public
Math/OnlineAlgorithms.lean	55	MATH	theorem	run_cons_some	public
Math/OnlineAlgorithms.lean	61	MATH	theorem	run_cons_none	public
Math/OnlineAlgorithms.lean	68	MATH	abbrev	runResult	public
Math/OnlineAlgorithms.lean	72	MATH	abbrev	runStatus	public
Math/OnlineAlgorithms.lean	76	MATH	def	runAll	public
Math/OnlineAlgorithms.lean	86	MATH	theorem	runAll_cons	public
Math/OnlineAlgorithms.lean	92	MATH	theorem	runAll_cons_some	public
Math/OnlineAlgorithms.lean	98	MATH	theorem	runAll_cons_none	public
Math/OnlineAlgorithms.lean	109	MATH	def	IsCompetitiveMax	public
Math/OnlineAlgorithms.lean	113	MATH	def	IsCompetitiveMin	public
Math/OnlineAlgorithms.lean	119	MATH	structure	Candidate	public
Math/OnlineAlgorithms.lean	124	MATH	abbrev	Algorithm	public
Math/OnlineAlgorithms.lean	128	MATH	def	IsOfflineBest	public
Math/OnlineAlgorithms.lean	137	MATH	structure	Observation	public
Math/OnlineAlgorithms.lean	142	MATH	abbrev	Algorithm	public
Math/OnlineAlgorithms.lean	146	MATH	def	IsRealizedMax	public
Math/OnlineAlgorithms.lean	155	MATH	structure	Request	public
Math/OnlineAlgorithms.lean	160	MATH	abbrev	Allocation	public
Math/OnlineAlgorithms.lean	163	MATH	abbrev	BudgetState	public
Math/OnlineAlgorithms.lean	166	MATH	abbrev	Algorithm	public
Math/OnlineAlgorithms.lean	170	MATH	def	IsCompleteAllocation	public
Math/OnlineLearning/MultiplicativeWeights.lean	42	MATH	def	cumGain	public
Math/OnlineLearning/MultiplicativeWeights.lean	44	MATH	theorem	cumGain_zero	public
Math/OnlineLearning/MultiplicativeWeights.lean	47	MATH	theorem	cumGain_succ	public
Math/OnlineLearning/MultiplicativeWeights.lean	52	MATH	def	mwWeight	public
Math/OnlineLearning/MultiplicativeWeights.lean	55	MATH	theorem	mwWeight_pos	public
Math/OnlineLearning/MultiplicativeWeights.lean	61	MATH	def	mwDenom	public
Math/OnlineLearning/MultiplicativeWeights.lean	64	MATH	theorem	mwDenom_pos	public
Math/OnlineLearning/MultiplicativeWeights.lean	68	MATH	theorem	mwDenom_zero	public
Math/OnlineLearning/MultiplicativeWeights.lean	73	MATH	def	mwDist	public
Math/OnlineLearning/MultiplicativeWeights.lean	83	MATH	theorem	expect_mwDist	public
Math/OnlineLearning/MultiplicativeWeights.lean	92	MATH	def	algGain	public
Math/OnlineLearning/MultiplicativeWeights.lean	95	MATH	theorem	algGain_succ	public
Math/OnlineLearning/MultiplicativeWeights.lean	100	MATH	def	bestGain	public
Math/OnlineLearning/MultiplicativeWeights.lean	104	MATH	def	onlineExternalRegret	public
Math/OnlineLearning/MultiplicativeWeights.lean	108	MATH	theorem	exp_mul_le_of_mem_Icc	public
Math/OnlineLearning/MultiplicativeWeights.lean	118	MATH	theorem	mwDenom_succ_le	public
Math/OnlineLearning/MultiplicativeWeights.lean	141	MATH	theorem	mwDenom_le	public
Math/OnlineLearning/MultiplicativeWeights.lean	157	MATH	theorem	exp_bestGain_le_mwDenom	public
Math/OnlineLearning/MultiplicativeWeights.lean	169	MATH	theorem	mw_externalRegret_le	public
Math/OnlineLearning/MultiplicativeWeights.lean	212	MATH	def	expWeights	public
Math/OnlineLearning/MultiplicativeWeights.lean	225	MATH	theorem	mwDist_eq_expWeights	public
Math/OnlineLearning/MultiplicativeWeights.lean	231	MATH	theorem	exp_sub_one_sub_self_le_sq	public
Math/OnlineLearning/MultiplicativeWeights.lean	243	MATH	theorem	fixedActionRegret_le_onlineExternalRegret	public
Math/OptimizationLocalGlobal.lean	30	MATH	def	IsFixedPoint	public
Math/OptimizationLocalGlobal.lean	33	MATH	def	NoImprovement	public
Math/OptimizationLocalGlobal.lean	36	MATH	def	LocallyOptimal	public
Math/OptimizationLocalGlobal.lean	39	MATH	def	ReachableBy	public
Math/OptimizationLocalGlobal.lean	42	MATH	theorem	isFixedPoint_of_eq	public
Math/OptimizationLocalGlobal.lean	46	MATH	theorem	noImprovement_at_of_fixed	public
Math/OptimizationLocalGlobal.lean	54	MATH	theorem	locallyOptimal_of_move_family	public
Math/OptimizationLocalGlobal.lean	62	MATH	theorem	locallyOptimal_of_global_on_set	public
Math/OptimizationLocalGlobal.lean	70	MATH	theorem	noImprovement_of_move_family	public
Math/OptimizationLocalGlobal.lean	81	MATH	theorem	noImprovement_add	public
Math/OptimizationLocalGlobal.lean	89	MATH	theorem	locallyOptimal_add	public
Math/OptimizationLocalGlobal.lean	103	MATH	theorem	noImprovement_smul_nonneg	public
Math/OptimizationLocalGlobal.lean	110	MATH	theorem	locallyOptimal_smul_nonneg	public
Math/OptimizationLocalGlobal.lean	121	MATH	theorem	max_mul_self_eq_sq	public
Math/OptimizationLocalGlobal.lean	130	MATH	theorem	all_nonpos_of_weighted_pospart_fixedPoint	public
Math/OutcomeClosure.lean	33	MATH	structure	ValueProcess	public
Math/OutcomeClosure.lean	48	MATH	def	stoppedStep	public
Math/OutcomeClosure.lean	54	MATH	def	run	public
Math/OutcomeClosure.lean	57	MATH	theorem	run_zero	public
Math/OutcomeClosure.lean	60	MATH	theorem	run_succ	public
Math/OutcomeClosure.lean	63	MATH	theorem	stoppedStep_terminal	public
Math/OutcomeClosure.lean	69	MATH	theorem	stoppedStep_nonterminal	public
Math/OutcomeClosure.lean	75	MATH	theorem	run_terminal	public
Math/OutcomeClosure.lean	81	MATH	theorem	run_succ_nonterminal	public
Math/OutcomeClosure.lean	87	MATH	theorem	stoppedStep_bind_value	public
Math/OutcomeClosure.lean	96	MATH	theorem	run_bind_value	public
Math/OutcomeClosure.lean	114	MATH	theorem	support_terminal_of_rank_le	public
Math/OutcomeClosure.lean	145	MATH	theorem	map_observe_run_eq_value	public
Math/ParameterizedChain.lean	35	MATH	def	pureRun	public
Math/ParameterizedChain.lean	39	MATH	theorem	append_singleton_inj	public
Math/ParameterizedChain.lean	43	MATH	theorem	append_singleton_inj_iff	public
Math/ParameterizedChain.lean	48	MATH	theorem	pureRun_succ_append	public
Math/ParameterizedChain.lean	55	MATH	theorem	pureRun_succ_nil	public
Math/ParameterizedChain.lean	60	MATH	theorem	pureRun_length	public
Math/ParameterizedChain.lean	66	MATH	theorem	pureRun_step_nonzero	public
Math/ParameterizedChain.lean	75	MATH	theorem	pureRun_take_nonzero	public
Math/ParameterizedChain.lean	83	MATH	theorem	pureRun_head_eq_init	public
Math/ParameterizedChain.lean	111	MATH	def	condStep	public
Math/ParameterizedChain.lean	122	MATH	theorem	condStep_weighted_eq	public
Math/ParameterizedChain.lean	170	MATH	theorem	condStep_step_eq	public
Math/ParameterizedChain.lean	217	MATH	theorem	condRun_eq_mixedRun	public
Math/ParameterizedChain.lean	251	MATH	theorem	exists_realizing_steps	public
Math/ParameterizedChain.lean	260	MATH	theorem	exists_realizing_steps_outcome	public
Math/PMFIter.lean	35	MATH	def	iter	public
Math/PMFIter.lean	39	MATH	theorem	iter_zero	public
Math/PMFIter.lean	42	MATH	theorem	iter_succ	public
Math/PMFIter.lean	45	MATH	theorem	iter_succ'	public
Math/PMFIter.lean	59	MATH	theorem	iter_one	public
Math/PMFIter.lean	67	MATH	theorem	iter_add	public
Math/PMFIter.lean	82	MATH	theorem	nat_iterate_bind_pure_eq_iter	public
Math/PMFIter.lean	91	MATH	theorem	iter_of_terminal	public
Math/PMFIter.lean	102	MATH	theorem	iter_stable_after_terminal	public
Math/PMFIter.lean	126	MATH	def	iter_HasCoupling_of_relates	public
Math/PMFIter.lean	141	MATH	theorem	iter_relates	public
Math/PMFIter.lean	151	MATH	structure	KernelBisim	public
Math/PMFIter.lean	158	MATH	def	iter_HasCoupling_of_bisim	public
Math/PMFIter.lean	172	MATH	def	IsKernelHom	public
Math/PMFIter.lean	177	MATH	def	KernelBisim.ofKernelHom	public
Math/PMFIter.lean	189	MATH	theorem	iter_map_of_hom	public
Math/PMFProduct/Basic.lean	34	MATH	theorem	ENNReal_tsum_pi_fin	public
Math/PMFProduct/Basic.lean	65	MATH	theorem	ENNReal_tsum_pi	public
Math/PMFProduct/Basic.lean	95	MATH	lemma	prod_factor_erase	public
Math/PMFProduct/Basic.lean	105	MATH	lemma	prod_erase_update_eq	public
Math/PMFProduct/Basic.lean	114	MATH	def	swapJA	public
Math/PMFProduct/Basic.lean	117	MATH	lemma	swapJA_involutive	public
Math/PMFProduct/Basic.lean	141	MATH	def	pmfPi	public
Math/PMFProduct/Basic.lean	148	MATH	lemma	pmfPi_apply	public
Math/PMFProduct/Basic.lean	157	MATH	theorem	pmfPi_apply_tendsto	public
Math/PMFProduct/Basic.lean	174	MATH	theorem	pmfPi_apply_toReal_tendsto	public
Math/PMFProduct/Basic.lean	184	MATH	theorem	pmfPi_pure	public
Math/PMFProduct/Basic.lean	217	MATH	def	coord	public
Math/PMFProduct/Basic.lean	220	MATH	def	update	public
Math/PMFProduct/Basic.lean	223	MATH	lemma	update_self	public
Math/PMFProduct/Basic.lean	227	MATH	lemma	update_ne	public
Math/PMFProduct/Basic.lean	234	MATH	abbrev	Ignores	public
Math/PMFProduct/Basic.lean	238	MATH	def	Ignores₂	public
Math/PMFProduct/Basic.lean	242	MATH	lemma	Ignores_of_pointwise	public
Math/PMFProduct/Basic.lean	251	MATH	lemma	Ignores₂_of_pointwise	public
Math/PMFProduct/Basic.lean	259	MATH	lemma	Ignores_coord_eq	public
Math/PMFProduct/Basic.lean	263	MATH	lemma	Ignores_coord_pred	public
Math/PMFProduct/Basic.lean	275	MATH	def	IgnoresP	public
Math/PMFProduct/Basic.lean	279	MATH	lemma	IgnoresP_of_Ignores	public
Math/PMFProduct/Basic.lean	286	MATH	lemma	Ignores_of_IgnoresP	public
Math/PMFProduct/Basic.lean	293	MATH	lemma	Ignores_const	public
Math/PMFProduct/Basic.lean	297	MATH	lemma	Ignores_comp	public
Math/PMFProduct/Basic.lean	304	MATH	lemma	Ignores_prod_mk	public
Math/PMFProduct/Basic.lean	311	MATH	lemma	Ignores_fst	public
Math/PMFProduct/Basic.lean	316	MATH	lemma	Ignores_snd	public
Math/PMFProduct/Basic.lean	321	MATH	lemma	Ignores_app2	public
Math/PMFProduct/Basic.lean	330	MATH	lemma	Ignores_ite	public
Math/PMFProduct/Basic.lean	347	MATH	lemma	IgnoresP_not	public
Math/PMFProduct/Basic.lean	353	MATH	lemma	IgnoresP_and	public
Math/PMFProduct/Basic.lean	360	MATH	lemma	IgnoresP_or	public
Math/PMFProduct/Basic.lean	367	MATH	lemma	IgnoresP_imp	public
Math/PMFProduct/Basic.lean	381	MATH	lemma	IgnoresP_iff	public
Math/PMFProduct/Bind.lean	37	MATH	lemma	update_update_same	public
Math/PMFProduct/Bind.lean	41	MATH	lemma	update_update_comm	public
Math/PMFProduct/Bind.lean	49	MATH	theorem	tsum_pmfPi_factor	public
Math/PMFProduct/Bind.lean	102	MATH	theorem	sum_pmfPi_factor	public
Math/PMFProduct/Bind.lean	144	MATH	theorem	pmfPi_bind_factor	public
Math/PMFProduct/Bind.lean	161	MATH	theorem	pmfPi_bind_eval	public
Math/PMFProduct/Bind.lean	195	MATH	theorem	pmfPi_push_coordwise	public
Math/PMFProduct/Bind.lean	220	MATH	theorem	pmfPi_push_coord	public
Math/PMFProduct/Bind.lean	232	MATH	theorem	pmfPi_coord_mass_tsum	public
Math/PMFProduct/Bind.lean	241	MATH	theorem	pmfPi_coord_mass	public
Math/PMFProduct/Bind.lean	248	MATH	theorem	pmfPi_coord_mass_mul_indicator	public
Math/PMFProduct/Conditioning.lean	39	MATH	theorem	pmfMass_pmfPi_coord	public
Math/PMFProduct/Conditioning.lean	56	MATH	theorem	pmfMass_pmfPi_forall	public
Math/PMFProduct/Conditioning.lean	74	MATH	theorem	pmfPi_cond_coord	public
Math/PMFProduct/Conditioning.lean	112	MATH	theorem	pmfPi_cond_coord_push_other	public
Math/PMFProduct/Conditioning.lean	145	MATH	theorem	pmf_bind_disintegrate	public
Math/PMFProduct/Independence.lean	39	MATH	def	replaceOn	public
Math/PMFProduct/Independence.lean	43	MATH	lemma	replaceOn_apply	public
Math/PMFProduct/Independence.lean	47	MATH	lemma	replaceOn_empty	public
Math/PMFProduct/Independence.lean	52	MATH	lemma	replaceOn_insert	public
Math/PMFProduct/Independence.lean	59	MATH	lemma	ignores_replaceOn_eq	public
Math/PMFProduct/Independence.lean	82	MATH	lemma	replaceOn_univ_snd	public
Math/PMFProduct/Independence.lean	87	MATH	lemma	replaceOn_univ_diff	public
Math/PMFProduct/Independence.lean	100	MATH	theorem	pmfPi_bind_indep	public
Math/PMFProduct/Independence.lean	251	MATH	theorem	pmfPi_expect_indep	public
Math/PMFProduct/Independence.lean	347	MATH	lemma	Ignores_finset_prod	public
Math/PMFProduct/Independence.lean	371	MATH	theorem	pmfPi_bind_pmfPi_of_disjoint_coords	public
Math/PMFProduct/Independence.lean	447	MATH	theorem	reweightPMF_pmfPi	public
Math/PMFProduct/Independence.lean	480	MATH	theorem	reweightPMF_pmfPi_push_coord_of_ignores	public
Math/PMFProduct/Independence.lean	556	MATH	theorem	reweightPMF_pmfPi_push_coord_of_ignores'	public
Math/PMFProduct/Independence.lean	575	MATH	theorem	pmfPi_map_bind	public
Math/PMFProduct/Update.lean	40	MATH	lemma	foldl_update_family_eq_of_nodup	public
Math/PMFProduct/Update.lean	60	MATH	lemma	update_family_same	public
Math/PMFProduct/Update.lean	65	MATH	lemma	update_family_other	public
Math/PMFProduct/Update.lean	74	MATH	lemma	pmfPi_apply_update_family	public
Math/PMFProduct/Update.lean	89	MATH	lemma	pmfPi_update_family_mul	public
Math/PMFProduct/Update.lean	102	MATH	theorem	pmfPi_update_bind	public
Math/PMFProduct/Update.lean	115	MATH	theorem	pmfPi_update_pure_family	public
Math/PMFProduct/Update.lean	136	MATH	theorem	pmfPi_bind_update_pure_eq_of_ignores	public
Math/PMFProduct/Update.lean	181	MATH	theorem	pmfPi_bind_ignores_coord	public
Math/PMFProduct/Update.lean	212	MATH	theorem	pmfPi_bind_ignores_coord_list	public
Math/PMFProduct/Update.lean	241	MATH	theorem	pmfPi_bind_ignores_coord_finset	public
Math/PMFProduct/Update.lean	256	MATH	theorem	pmfPi_bind_eq_of_forall_ignores	public
Math/PMFProduct/Update.lean	288	MATH	theorem	pmfPi_bind_comm_fresh_support	public
Math/PMFProduct/Update.lean	299	MATH	theorem	pmfPi_bind_comm_fresh	public
Math/PMFProduct/Update.lean	312	MATH	theorem	pmfPi_bind_update_map	public
Math/PMFProduct/Update.lean	349	MATH	theorem	pmfPi_bind_update_pure	public
Math/PMFProduct/Update.lean	370	MATH	theorem	pmfPi_cond_coord_other_marginal	public
Math/PMFProduct/Update.lean	388	MATH	theorem	pmfPi_event_ratio_invariant_of_ignores	public
Math/PMFProduct/Update.lean	479	MATH	theorem	pmfPi_mass_invariant_of_ignores	public
Math/PMFProduct/Update.lean	517	MATH	theorem	pmfPi_cond_prob_invariant_of_ignores	public
Math/Probability.lean	40	MATH	abbrev	Kernel	public
Math/Probability.lean	45	MATH	def	id	public
Math/Probability.lean	48	MATH	def	comp	public
Math/Probability.lean	52	MATH	def	pushforward	public
Math/Probability.lean	58	MATH	def	pushforwardLinearMap	public
Math/Probability.lean	71	MATH	theorem	pushforwardLinearMap_apply	public
Math/Probability.lean	77	MATH	def	ofFun	public
Math/Probability.lean	80	MATH	theorem	comp_apply	public
Math/Probability.lean	83	MATH	theorem	comp_assoc	public
Math/Probability.lean	89	MATH	theorem	comp_id_left	public
Math/Probability.lean	94	MATH	theorem	comp_id_right	public
Math/Probability.lean	100	MATH	theorem	pushforward_apply	public
Math/Probability.lean	103	MATH	theorem	pushforward_ofFun	public
Math/Probability.lean	108	MATH	theorem	pushforward_comp	public
Math/Probability.lean	121	MATH	def	expect	public
Math/Probability.lean	128	MATH	theorem	expect_eq_sum	public
Math/Probability.lean	132	MATH	theorem	pmf_apply_toReal_tendsto_of_tendsto	public
Math/Probability.lean	142	MATH	theorem	expect_tendsto_of_forall_toReal_tendsto	public
Math/Probability.lean	160	MATH	theorem	expect_tendsto_of_forall_tendsto	public
Math/Probability.lean	172	MATH	theorem	pmf_toReal_tsum_one	public
Math/Probability.lean	178	MATH	theorem	pmf_toReal_sum_one	public
Math/Probability.lean	183	MATH	theorem	exists_abs_bound_of_finite	public
Math/Probability.lean	200	MATH	def	IndependentOfCoordinate	public
Math/Probability.lean	205	MATH	theorem	IndependentOfCoordinate.eq_of_agree	public
Math/Probability.lean	218	MATH	theorem	pmf_toReal_summable	public
Math/Probability.lean	224	MATH	theorem	expect_summable_of_bounded	public
Math/Probability.lean	242	MATH	theorem	pmf_overlap_tendsto_of_forall_toReal_tendsto	public
Math/Probability.lean	271	MATH	theorem	abs_expect_sub_le_two_mul_bound_mul_one_sub_overlap	public
Math/Probability.lean	371	MATH	theorem	expect_tendsto_of_forall_toReal_tendsto_of_bounded	public
Math/Probability.lean	401	MATH	theorem	expect_tendsto_of_forall_tendsto_of_bounded	public
Math/Probability.lean	414	MATH	theorem	expect_pure	public
Math/Probability.lean	422	MATH	theorem	expect_const	public
Math/Probability.lean	432	MATH	theorem	abs_expect_le_of_abs_le	public
Math/Probability.lean	474	MATH	theorem	expect_add	public
Math/Probability.lean	485	MATH	theorem	expect_add_of_summable	public
Math/Probability.lean	494	MATH	theorem	expect_sub	public
Math/Probability.lean	501	MATH	theorem	expect_const_mul	public
Math/Probability.lean	508	MATH	theorem	expect_nonneg	public
Math/Probability.lean	514	MATH	theorem	expect_mono	public
Math/Probability.lean	522	MATH	theorem	expect_lt_of_le_of_exists_lt	public
Math/Probability.lean	549	MATH	theorem	expect_lt_of_forall_lt	public
Math/Probability.lean	561	MATH	theorem	expect_lt_const_of_le_of_exists_lt	public
Math/Probability.lean	570	MATH	theorem	expect_sum_comm	public
Math/Probability.lean	585	MATH	def	pmfPositiveVariation	public
Math/Probability.lean	589	MATH	theorem	pmfPositiveVariation_nonneg	public
Math/Probability.lean	595	MATH	theorem	max_eq_abs_add_self_div_two	public
Math/Probability.lean	606	MATH	theorem	pmfPositiveVariation_eq_half_sum_abs	public
Math/Probability.lean	639	MATH	theorem	expect_sub_le_mul_pmfPositiveVariation	public
Math/Probability.lean	668	MATH	def	pmfPositiveVariationWitness	public
Math/Probability.lean	672	MATH	theorem	pmfPositiveVariationWitness_nonneg	public
Math/Probability.lean	679	MATH	theorem	pmfPositiveVariationWitness_le	public
Math/Probability.lean	686	MATH	theorem	expect_sub_pmfPositiveVariationWitness	public
Math/Probability.lean	708	MATH	theorem	expect_le_mul_expect_iff_pmf_le_mul	public
Math/Probability.lean	750	MATH	theorem	expect_bind_summable_of_bounded	public
Math/Probability.lean	789	MATH	theorem	expect_bind_of_bounded	public
Math/Probability.lean	845	MATH	theorem	expect_bind	public
Math/Probability.lean	856	MATH	theorem	expect_map_fintype_source	public
Math/Probability.lean	920	MATH	theorem	expect_map_fintype_target	public
Math/Probability.lean	979	MATH	theorem	tsum_map_mul	public
Math/Probability.lean	989	MATH	theorem	expect_eq_toReal_of_nonneg	public
Math/Probability.lean	999	MATH	theorem	expect_map_of_nonneg	public
Math/Probability.lean	1009	MATH	theorem	summable_toReal_iff	public
Math/Probability.lean	1021	MATH	theorem	summable_map_mul_iff_of_nonneg	public
Math/Probability.lean	1040	MATH	theorem	expect_split	public
Math/Probability.lean	1059	MATH	theorem	expect_map	public
Math/ProbabilityMassFunction.lean	28	MATH	def	mapEquiv	public
Math/ProbabilityMassFunction.lean	42	MATH	theorem	mapEquiv_apply	public
Math/ProbabilityMassFunction.lean	47	MATH	theorem	mapEquiv_symm_apply	public
Math/ProbabilityMassFunction.lean	53	MATH	theorem	mapEquiv_symm	public
Math/ProbabilityMassFunction.lean	58	MATH	theorem	mapEquiv_refl	public
Math/ProbabilityMassFunction.lean	64	MATH	theorem	mapEquiv_trans	public
Math/ProbabilityMassFunction.lean	71	MATH	def	pushforward	public
Math/ProbabilityMassFunction.lean	74	MATH	theorem	pushforward_comp	public
Math/ProbabilityMassFunction.lean	79	MATH	theorem	pushforward_pushforward	public
Math/ProbabilityMassFunction.lean	84	MATH	theorem	pushforward_id	public
Math/ProbabilityMassFunction.lean	89	MATH	theorem	map_equiv_apply	public
Math/ProbabilityMassFunction.lean	101	MATH	theorem	bind_apply_toReal_eq_sum	public
Math/ProbabilityMassFunction.lean	114	MATH	theorem	pushforward_pure	public
Math/ProbabilityMassFunction.lean	118	MATH	theorem	bind_pure_eq_pushforward	public
Math/ProbabilityMassFunction.lean	123	MATH	theorem	bind_assoc	public
Math/ProbabilityMassFunction.lean	128	MATH	theorem	pushforward_bind	public
Math/ProbabilityMassFunction.lean	133	MATH	theorem	sum_coe_fintype	public
Math/ProbabilityMassFunction.lean	139	MATH	theorem	sum_mul_pmf_le_one	public
Math/ProbabilityMassFunction.lean	149	MATH	theorem	sum_mul_pmf_ne_top	public
Math/ProbabilityMassFunction.lean	154	MATH	theorem	sum_mul_pmf_eq_zero_iff_of_weight_ne_zero_iff	public
Math/ProbabilityMassFunction.lean	169	MATH	theorem	sum_mul_pmf_ne_zero_of_ne_zero	public
Math/ProbabilityMassFunction.lean	179	MATH	def	prod	public
Math/ProbabilityMassFunction.lean	182	MATH	theorem	prod_map_fst	public
Math/ProbabilityMassFunction.lean	193	MATH	theorem	prod_map_snd	public
Math/ProbabilityMassFunction.lean	211	MATH	def	reweightPMF	public
Math/ProbabilityMassFunction.lean	223	MATH	theorem	reweightPMF_apply	public
Math/ProbabilityMassFunction.lean	234	MATH	theorem	reweightPMF_support_subset	public
Math/ProbabilityMassFunction.lean	247	MATH	theorem	reweightPMF_fallback	public
Math/ProbabilityMassFunction.lean	256	MATH	theorem	reweightPMF_degenerate	public
Math/ProbabilityMassFunction.lean	265	MATH	theorem	reweightPMF_scale	public
Math/ProbabilityMassFunction.lean	289	MATH	theorem	reweightPMF_eq_of_cross_mul	public
Math/ProbabilityMassFunction.lean	309	MATH	def	pmfMask	public
Math/ProbabilityMassFunction.lean	314	MATH	def	pmfMass	public
Math/ProbabilityMassFunction.lean	317	MATH	theorem	pmfMass_ne_top	public
Math/ProbabilityMassFunction.lean	323	MATH	theorem	pmfMass_eq_toOuterMeasure	public
Math/ProbabilityMassFunction.lean	332	MATH	theorem	pmfMass_pushforward	public
Math/ProbabilityMassFunction.lean	339	MATH	theorem	pushforward_apply_eq_pmfMass	public
Math/ProbabilityMassFunction.lean	351	MATH	theorem	le_pmfMass_of_mem	public
Math/ProbabilityMassFunction.lean	359	MATH	theorem	pmfMass_ne_zero_of_mem_ne_zero	public
Math/ProbabilityMassFunction.lean	369	MATH	def	pmfCond	public
Math/ProbabilityMassFunction.lean	373	MATH	theorem	pmfCond_apply	public
Math/ProbabilityMassFunction.lean	378	MATH	theorem	pmfCond_ne_zero_implies	public
Math/ProbabilityMassFunction.lean	389	MATH	theorem	pmfCond_ne_zero_iff	public
Math/ProbabilityMassFunction.lean	404	MATH	theorem	pmfMass_true	public
Math/ProbabilityMassFunction.lean	409	MATH	theorem	pmfMass_mono	public
Math/ProbabilityMassFunction.lean	420	MATH	theorem	pmfMass_and_eq_zero_of_left_zero	public
Math/ProbabilityMassFunction.lean	429	MATH	theorem	pmfMass_and_eq_mul_cond	public
Math/ProbabilityMassFunction.lean	459	MATH	def	allEvents	public
Math/ProbabilityMassFunction.lean	462	MATH	theorem	allEvents_nil	public
Math/ProbabilityMassFunction.lean	467	MATH	theorem	allEvents_cons	public
Math/ProbabilityMassFunction.lean	473	MATH	theorem	allEvents_append_singleton	public
Math/ProbabilityMassFunction.lean	493	MATH	def	condEventFactor	public
Math/ProbabilityMassFunction.lean	503	MATH	def	condEventChainProduct	public
Math/ProbabilityMassFunction.lean	512	MATH	theorem	pmfMass_event_chain_aux	public
Math/ProbabilityMassFunction.lean	561	MATH	theorem	pmfMass_event_chain	public
Math/ProbabilityMassFunction.lean	568	MATH	theorem	bind_congr_on_support	public
Math/ProbabilityMassFunction.lean	581	MATH	theorem	bind_congr_of_ne_zero	public
Math/ProbabilityMassFunction.lean	588	MATH	theorem	eq_of_forall_toReal_eq	public
Math/ProbabilityMassFunction.lean	595	MATH	theorem	pmf_eq_of_subsingleton	public
Math/ProbabilityMassFunction.lean	625	MATH	theorem	exists_ne_of_ne_pure	public
Math/ProbabilityMassFunction.lean	654	MATH	theorem	expect_congr_on_support	public
Math/ProbabilityMassFunction.lean	666	MATH	theorem	expect_congr_of_ne_zero	public
Math/ProbabilityMassFunction.lean	672	MATH	theorem	expect_pushforward	public
Math/ProbabilityMassFunction.lean	683	MATH	theorem	expect_eq_sum_fiber_cond	public
Math/ProbabilityMassFunction.lean	752	MATH	theorem	pmfMass_toReal_mul_expect_cond	public
Math/ProbabilityMassFunction.lean	771	MATH	theorem	expect_pmfCond_pushforward	public
Math/ProbabilityMassFunction.lean	818	MATH	theorem	expect_pmfCond_pushforward_fiberCond	public
Math/ProbabilityMassFunction.lean	943	MATH	theorem	expect_cond_le_of_expect_le_of_eq_off	public
Math/ProbabilityMassFunction.lean	994	MATH	theorem	expect_pushforward_of_bounded	public
Math/ProbabilityMassFunction.lean	1010	MATH	theorem	expect_pushforward_of_bounded_on_source	public
Math/ProbabilityMassFunction.lean	1053	MATH	theorem	expect_bind_congr_on_support	public
Math/ProbabilityMassFunction.lean	1062	MATH	theorem	bind_apply_eq_sum_sum_fiber	public
Math/ProbabilityMassFunction.lean	1080	MATH	theorem	le_pushforward_apply	public
Math/ProbabilityMassFunction.lean	1095	MATH	theorem	eq_zero_of_pushforward_eq_zero	public
Math/ProbabilityMassFunction.lean	1108	MATH	theorem	pushforward_support_fibre	public
Math/ProbabilityMassFunction.lean	1117	MATH	def	condOn	public
Math/ProbabilityMassFunction.lean	1126	MATH	theorem	condOn_apply	public
Math/ProbabilityMassFunction.lean	1143	MATH	theorem	bind_pushforward_condOn	public
Math/ProbabilityMassFunction.lean	1196	MATH	theorem	bind_pushforward_condOn_pure	public
Math/ProbabilityMassFunction.lean	1210	MATH	theorem	bind_pushforward_condOn_pure_two	public
Math/ProbabilityMassFunction.lean	1243	MATH	structure	FiniteProjection	public
Math/ProbabilityMassFunction.lean	1252	MATH	def	iterCondOn	public
Math/ProbabilityMassFunction.lean	1264	MATH	theorem	bind_pushforward_condOn_pure_list	public
Math/ProbabilityMassFunction.lean	1299	MATH	theorem	condOn_support_project	public
Math/ProbabilityMassFunction.lean	1316	MATH	theorem	condOn_support_subset	public
Math/ProbabilityMassFunction.lean	1329	MATH	theorem	iterCondOn_support_subset	public
Math/ProbabilityMassFunction.lean	1346	MATH	theorem	foldl_bind_append	public
Math/ProbabilityMassFunction.lean	1358	MATH	theorem	foldl_bind_congr	public
Math/ProbabilityMassFunction.lean	1372	MATH	theorem	foldl_bind_eq_bind_foldl_pure	public
Math/ProbabilityMassFunction.lean	1389	MATH	theorem	expect_mono_of_pointwise_summable	public
Math/ProbabilityMassFunction.lean	1401	MATH	theorem	expect_mono_of_pointwise_bounded	public
Math/ProbabilityMassFunction.lean	1415	MATH	theorem	expect_tsum_geometric_of_bounded	public
Math/ProbabilityMassFunction.lean	1490	MATH	theorem	expect_le_expect_add_const_of_pointwise_bounded	public
Math/ProbabilityMassFunction.lean	1514	MATH	theorem	eq_zero_of_expect_eq_zero_of_nonpos_of_pos	public
Math/ProbabilityMassFunction.lean	1560	MATH	theorem	pure_heq	public
Math/ProbabilityMassFunction.lean	1565	MATH	theorem	bind_heq	public
Math/ProbabilityMassFunction.lean	1573	MATH	theorem	bind_heq_of_eq	public
Math/ProbabilityMassFunction/Distinguishing.lean	34	MATH	def	pmfTestAdvantage	public
Math/ProbabilityMassFunction/Distinguishing.lean	39	MATH	def	IsUnitBoundedTest	public
Math/ProbabilityMassFunction/Distinguishing.lean	43	MATH	theorem	pmfTestAdvantage_le_pmfTV	public
Math/ProbabilityMassFunction/Distinguishing.lean	52	MATH	def	pmfTVTestWitness	public
Math/ProbabilityMassFunction/Distinguishing.lean	55	MATH	theorem	pmfTVTestWitness_unitBounded	public
Math/ProbabilityMassFunction/Distinguishing.lean	61	MATH	theorem	pmfTVTestWitness_advantage	public
Math/ProbabilityMassFunction/Distinguishing.lean	71	MATH	theorem	exists_unitBoundedTest_advantage_eq_pmfTV	public
Math/ProbabilityMassFunction/Distinguishing.lean	78	MATH	theorem	pmfTV_le_iff_unitBoundedTest_advantage_le	public
Math/ProbabilityMassFunction/Distinguishing.lean	91	MATH	def	pmfBooleanAdvantage	public
Math/ProbabilityMassFunction/Distinguishing.lean	95	MATH	theorem	expect_bool_accept	public
Math/ProbabilityMassFunction/Distinguishing.lean	100	MATH	theorem	pmfBooleanAdvantage_eq_testAdvantage	public
Math/ProbabilityMassFunction/Distinguishing.lean	108	MATH	theorem	pmfBooleanAdvantage_le_pmfTV	public
Math/ProbabilityMassFunction/Distinguishing.lean	118	MATH	def	pmfTVBooleanWitness	public
Math/ProbabilityMassFunction/Distinguishing.lean	121	MATH	theorem	pmfTVBooleanWitness_advantage	public
Math/ProbabilityMassFunction/Distinguishing.lean	133	MATH	theorem	exists_booleanTest_advantage_eq_pmfTV	public
Math/ProbabilityMassFunction/Distinguishing.lean	138	MATH	theorem	pmfTV_le_iff_booleanTest_advantage_le	public
Math/ProbabilityMassFunction/Simplex.lean	28	MATH	def	toVector	public
Math/ProbabilityMassFunction/Simplex.lean	32	MATH	theorem	toVector_mem_stdSimplex	public
Math/ProbabilityMassFunction/Simplex.lean	38	MATH	theorem	toVector_injective	public
Math/ProbabilityMassFunction/Simplex.lean	47	MATH	theorem	toVector_pos_iff_ne_zero	public
Math/ProbabilityMassFunction/Simplex.lean	56	MATH	def	ofVector	public
Math/ProbabilityMassFunction/Simplex.lean	64	MATH	theorem	ofVector_apply	public
Math/ProbabilityMassFunction/Simplex.lean	69	MATH	theorem	ofVector_toReal	public
Math/ProbabilityMassFunction/Simplex.lean	75	MATH	theorem	ofVector_ne_zero_iff	public
Math/ProbabilityMassFunction/Simplex.lean	88	MATH	theorem	toVector_ofVector	public
Math/ProbabilityMassFunction/Simplex.lean	95	MATH	theorem	ofVector_toVector	public
Math/ProbabilityMassFunction/Simplex.lean	101	MATH	def	stdSimplexEquiv	public
Math/ProbabilityMassFunction/Simplex.lean	110	MATH	theorem	coe_stdSimplexEquiv_apply	public
Math/ProbabilityMassFunction/Simplex.lean	115	MATH	theorem	stdSimplexEquiv_symm_apply	public
Math/ProbabilityMassFunction/Simplex.lean	121	MATH	theorem	ofVector_eq_iff_eq_toVector	public
Math/ProbabilityMassFunction/TotalVariation.lean	34	MATH	abbrev	pmfTV	public
Math/ProbabilityMassFunction/TotalVariation.lean	37	MATH	theorem	pmfTV_nonneg	public
Math/ProbabilityMassFunction/TotalVariation.lean	41	MATH	theorem	pmfTV_le_one	public
Math/ProbabilityMassFunction/TotalVariation.lean	56	MATH	theorem	pmfTV_self	public
Math/ProbabilityMassFunction/TotalVariation.lean	62	MATH	theorem	pmfTV_symm	public
Math/ProbabilityMassFunction/TotalVariation.lean	72	MATH	theorem	pmfTV_eq_zero_iff	public
Math/ProbabilityMassFunction/TotalVariation.lean	95	MATH	theorem	pmfTV_triangle	public
Math/ProbabilityMassFunction/TotalVariation.lean	119	MATH	theorem	pmfTV_map_le	public
Math/ProbabilityMassFunction/TotalVariation.lean	143	MATH	theorem	pmfTV_bind_le	public
Math/ProbabilityMassFunction/TotalVariation.lean	173	MATH	def	pmfTVChain	public
Math/ProbabilityMassFunction/TotalVariation.lean	178	MATH	theorem	pmfTVChain_nil	public
Math/ProbabilityMassFunction/TotalVariation.lean	181	MATH	theorem	pmfTVChain_cons	public
Math/ProbabilityMassFunction/TotalVariation.lean	185	MATH	theorem	pmfTV_le_chain	public
Math/ProbabilityMassFunction/TotalVariation.lean	197	MATH	theorem	abs_expect_sub_le_range_mul_pmfTV	public
Math/ProbabilityMassFunction/TotalVariation.lean	220	MATH	theorem	abs_expect_sub_le_two_mul_pmfTV	public
Math/Reindex.lean	24	MATH	lemma	iInf_comp_equiv	public
Math/Reindex.lean	32	MATH	lemma	iSup_comp_equiv	public
Math/Reindex.lean	38	MATH	lemma	sum_univ_eq_sum_univ_of_involutive	public
Math/Reindex.lean	45	MATH	lemma	tsum_eq_tsum_of_involutive	public
Math/RelationalKernel.lean	38	MATH	def	Relates	public
Math/RelationalKernel.lean	46	MATH	theorem	ofFun	public
Math/RelationalKernel.lean	54	MATH	theorem	const	public
Math/RelationalKernel.lean	61	MATH	theorem	refl	public
Math/RelationalKernel.lean	67	MATH	theorem	mono	public
Math/RelationalKernel.lean	78	MATH	theorem	symm	public
Math/RelationalKernel.lean	87	MATH	theorem	map	public
Math/RelationalKernel.lean	97	MATH	theorem	of_map_eq	public
Math/RelationalKernel.lean	107	MATH	theorem	map_eq_of_proj	public
Math/RelationalKernel.lean	116	MATH	theorem	relates_proj_iff	public
Math/RelationalKernel.lean	127	MATH	theorem	comp	public
Math/RelationalKernel.lean	139	MATH	theorem	pushforward	public
Math/RelationalKernel.lean	150	MATH	theorem	map_eq_of_rel	public
Math/SchauderFixedPoint.lean	59	MATH	def	bump	public
Math/SchauderFixedPoint.lean	62	MATH	lemma	bump_nonneg	public
Math/SchauderFixedPoint.lean	65	MATH	lemma	bump_pos_iff	public
Math/SchauderFixedPoint.lean	69	MATH	lemma	bump_eq_zero_of_dist_ge	public
Math/SchauderFixedPoint.lean	73	MATH	lemma	continuous_bump	public
Math/SchauderFixedPoint.lean	85	MATH	def	bumpSum	public
Math/SchauderFixedPoint.lean	89	MATH	lemma	bumpSum_nonneg	public
Math/SchauderFixedPoint.lean	93	MATH	lemma	continuous_bumpSum	public
Math/SchauderFixedPoint.lean	98	MATH	lemma	bumpSum_pos	public
Math/SchauderFixedPoint.lean	106	MATH	def	bary	public
Math/SchauderFixedPoint.lean	108	MATH	lemma	continuous_bary	public
Math/SchauderFixedPoint.lean	112	MATH	lemma	bary_mem_of_simplex	public
Math/SchauderFixedPoint.lean	118	MATH	def	weights	public
Math/SchauderFixedPoint.lean	122	MATH	lemma	weights_mem_stdSimplex	public
Math/SchauderFixedPoint.lean	130	MATH	lemma	continuousOn_weights	public
Math/SchauderFixedPoint.lean	137	MATH	def	proj	public
Math/SchauderFixedPoint.lean	141	MATH	lemma	norm_proj_sub_le	public
Math/SchauderFixedPoint.lean	175	MATH	lemma	exists_approx_fixedPoint	public
Math/SchauderFixedPoint.lean	219	MATH	theorem	schauder_fixed_point	public
Math/SchauderFixedPoint.lean	268	MATH	theorem	schauder_fixed_point_isFixedPt	public
Math/SchauderFixedPoint.lean	274	MATH	theorem	schauder_fixedPoints_nonempty	public
Math/Simplex.lean	61	MATH	def	affineCombination	public
Math/Simplex.lean	69	MATH	theorem	affineCombination_eq_linearCombination	public
Math/Simplex.lean	85	MATH	abbrev	wsum	public
Math/Simplex.lean	90	MATH	theorem	wsum_const	public
Math/Simplex.lean	95	MATH	theorem	wsum_le_wsum	public
Math/Simplex.lean	102	MATH	theorem	wsum_nonneg	public
Math/Simplex.lean	112	MATH	theorem	wsum_pos	public
Math/Simplex.lean	132	MATH	theorem	wsum_ge_wsum	public
Math/Simplex.lean	138	MATH	theorem	wsum_add	public
Math/Simplex.lean	144	MATH	theorem	wsum_smul	public
Math/Simplex.lean	157	MATH	def	stdSimplex.mix	public
Math/Simplex.lean	176	MATH	theorem	stdSimplex.mix_apply	public
Math/Simplex.lean	182	MATH	theorem	wsum_mix	public
Math/Simplex.lean	198	MATH	theorem	linear_comb_gt_left	public
Math/Simplex.lean	205	MATH	theorem	linear_comb_gt_right	public
Math/Simplex.lean	211	MATH	theorem	linear_comb_gt_of_ge_gt	public
Math/Simplex.lean	220	MATH	theorem	linear_comb_lt_of_le_lt	public
Math/Simplex.lean	231	MATH	theorem	wsum_mix_gt_of_ge_gt	public
Math/Simplex.lean	240	MATH	theorem	wsum_mix_lt_of_le_lt	public
Math/Simplex.lean	262	MATH	theorem	mix_gt_of_gt_nbh	public
Math/Simplex.lean	287	MATH	theorem	mix_lt_of_lt_nbh	public
Math/Simplex.lean	297	MATH	theorem	wsum_wsum_comm	public
Math/Simplex.lean	310	MATH	def	stdSimplex.pure	public
Math/Simplex.lean	316	MATH	theorem	stdSimplex.pure_apply	public
Math/Simplex.lean	321	MATH	theorem	wsum_pure_apply	public
Math/Simplex.lean	328	MATH	theorem	wsum_pure	public
Math/Simplex.lean	342	MATH	theorem	ge_iff_simplex_ge	public
Math/Simplex.lean	351	MATH	theorem	le_iff_simplex_le	public
Math/Simplex.lean	370	MATH	theorem	stdSimplex.continuous_coord	public
Math/Simplex.lean	375	MATH	theorem	wsum_continuous	public
Math/Simplex.lean	393	MATH	def	expectedPayoffMatrix	public
Math/Simplex.lean	399	MATH	theorem	expectedPayoffMatrix_comm	public
Math/SimplexApproximation.lean	28	MATH	def	residualFloorCounts	public
Math/SimplexApproximation.lean	35	MATH	theorem	residualFloorCounts_self	public
Math/SimplexApproximation.lean	40	MATH	theorem	residualFloorCounts_ne	public
Math/SimplexApproximation.lean	45	MATH	theorem	sum_floor_erase_le_denominator	public
Math/SimplexApproximation.lean	69	MATH	theorem	sum_residualFloorCounts	public
Math/SimplexApproximation.lean	92	MATH	theorem	abs_floor_sub_le_one	public
Math/SimplexApproximation.lean	99	MATH	theorem	residualFloorCounts_self_abs_error_le_card	public
Math/SimplexApproximation.lean	136	MATH	theorem	residualFloorCounts_abs_error_le_card	public
Math/Tests.lean	83	MATH	def	stopOnTrue	public
Math/Topology/WeakDominance.lean	25	MATH	def	PointwiseWeaklyDominates	public
Math/Topology/WeakDominance.lean	29	MATH	def	PointwiseWeaklyStrictlyDominates	public
Math/Topology/WeakDominance.lean	34	MATH	def	PointwiseUndominated	public
Math/Topology/WeakDominance.lean	37	MATH	theorem	PointwiseWeaklyDominates.refl	public
Math/Topology/WeakDominance.lean	40	MATH	theorem	PointwiseWeaklyDominates.trans	public
Math/Topology/WeakDominance.lean	46	MATH	theorem	UpperSemicontinuous.update_of_le	public
Math/Topology/WeakDominance.lean	80	MATH	theorem	exists_chain_upper_bound	private
Math/Topology/WeakDominance.lean	164	MATH	theorem	exists_pointwiseUndominated_dominator_of_compact_usc	public
Math/TraceRun.lean	42	MATH	def	traceRun	public
Math/TraceRun.lean	48	MATH	theorem	traceRun_zero	public
Math/TraceRun.lean	51	MATH	theorem	traceRun_succ	public
Math/TraceRun.lean	58	MATH	def	seqRun	public
Math/TraceRun.lean	64	MATH	theorem	seqRun_zero	public
Math/TraceRun.lean	67	MATH	theorem	seqRun_succ	public
Math/TraceRun.lean	73	MATH	def	appendKernel	public
Math/TraceRun.lean	79	MATH	theorem	traceRun_eq_iter	public
Math/TraceRun.lean	95	MATH	structure	TraceKernelBisim	public
Math/TraceRun.lean	103	MATH	theorem	TraceKernelBisim.appendKernel_relates	public
Math/TraceRun.lean	116	MATH	def	traceRun_HasCoupling_of_bisim	public
Math/TraceRun.lean	131	MATH	def	IsTraceKernelHom	public
Math/TraceRun.lean	137	MATH	def	TraceKernelBisim.ofTraceKernelHom	public
Math/TraceRun.lean	151	MATH	theorem	traceRun_map_of_hom	public
Math/TraceRun.lean	164	MATH	theorem	append_singleton_inj	public
Math/TraceRun.lean	169	MATH	theorem	append_singleton_inj_iff	public
Math/TraceRun.lean	176	MATH	theorem	pushforward_append_ne_zero_iff	public
Math/TraceRun.lean	198	MATH	theorem	traceRun_succ_append	public
Math/TraceRun.lean	222	MATH	theorem	traceRun_succ_nil	public
Math/TraceRun.lean	236	MATH	theorem	traceRun_length	public
Math/TraceRun.lean	255	MATH	theorem	traceRun_step_nonzero	public
Math/TraceRun.lean	289	MATH	theorem	traceRun_take_nonzero	public
Math/TraceRun.lean	346	MATH	def	traceRunFam	public
Math/TraceRun.lean	354	MATH	theorem	traceRunFam_invariantUnder_map_of_hom	public
Math/TraceRun.lean	370	MATH	theorem	traceRunFam_refinesRel_of_stepCompat	public
Math/WeightedMedian.lean	39	MATH	def	cumWeight	public
Math/WeightedMedian.lean	43	MATH	def	leftWeight	public
Math/WeightedMedian.lean	47	MATH	def	rightWeight	public
Math/WeightedMedian.lean	51	MATH	def	totalWeight	public
Math/WeightedMedian.lean	55	MATH	def	IsWeightedMedian	public
Math/WeightedMedian.lean	62	MATH	theorem	cumWeight_add_rightWeight	public
Math/WeightedMedian.lean	68	MATH	theorem	cumWeight_mono	public
Math/WeightedMedian.lean	74	MATH	theorem	cumWeight_le_totalWeight	public
Math/WeightedMedian.lean	80	MATH	theorem	exists_attained_cumWeight_eq	public
Math/WeightedMedian.lean	100	MATH	theorem	cumWeight_one	public
Math/WeightedMedian.lean	104	MATH	theorem	leftWeight_one	public
Math/WeightedMedian.lean	108	MATH	theorem	rightWeight_one	public
Math/WeightedMedian.lean	112	MATH	theorem	totalWeight_one	public
Math/WeightedMedian.lean	116	MATH	theorem	totalWeight_one_pos	public
Math/WeightedMedian.lean	123	MATH	theorem	cumWeight_le_cumWeight_of_imp	public
Math/WeightedMedian.lean	139	MATH	theorem	medianCandidates_nonempty	public
Math/WeightedMedian.lean	155	MATH	def	weightedMedian	public
Math/WeightedMedian.lean	160	MATH	theorem	weightedMedian_mem_image	public
Math/WeightedMedian.lean	163	MATH	theorem	exists_pos_eq_weightedMedian	public
Math/WeightedMedian.lean	168	MATH	theorem	totalWeight_le_two_mul_cumWeight_weightedMedian	public
Math/WeightedMedian.lean	172	MATH	theorem	weightedMedian_le	public
Math/WeightedMedian.lean	179	MATH	theorem	weightedMedian_eq_of_candidate_of_forall_lt	public
Math/WeightedMedian.lean	192	MATH	theorem	weightedMedian_eq_of_majority	public
Math/WeightedMedian.lean	227	MATH	theorem	weightedMedian_update_eq_of_pinned	public
Math/WeightedMedian.lean	276	MATH	theorem	two_mul_cumWeight_lt_of_lt_weightedMedian	public
Math/WeightedMedian.lean	289	MATH	theorem	two_mul_leftWeight_weightedMedian_lt	public
Math/WeightedMedian.lean	314	MATH	theorem	isWeightedMedian_weightedMedian	public
Math/WeightedMedian.lean	329	MATH	theorem	weightedMedian_le_weightedMedian_of_le	public
Math/WeightedMedian.lean	350	MATH	theorem	le_weightedMedian_of_imp_lt_weightedMedian	public
Math/WeightedMedian.lean	370	MATH	theorem	weightedMedian_le_of_imp_weightedMedian_lt	public
Math/WeightedMedian.lean	391	MATH	theorem	exists_le_weightedMedian_lt_of_weightedMedian_lt	public
Math/WeightedMedian.lean	409	MATH	theorem	exists_weightedMedian_lt_ge_of_weightedMedian_lt	public
Math/WeightedMedian.lean	428	MATH	theorem	exists_pos_weight_eq_weightedMedian	public
Math/WeightedMedian.lean	467	MATH	theorem	cumWeight_update_le	public
Math/WeightedMedian.lean	479	MATH	theorem	cumWeight_update_eq_of_lt_of_lt	public
Math/WeightedMedian.lean	502	MATH	theorem	weightedMedian_update_eq_of_lt_of_le	public
Math/WeightedMedian.lean	545	MATH	theorem	weightedMedian_update_eq_of_gt_of_ge	public
Math/WeightedMedian.lean	588	MATH	theorem	abs_weightedMedian_sub_le_update	public
Math/WeightedMedian.lean	626	MATH	theorem	weightedMedian_update_le_of_lt	public
Math/WeightedMedian.lean	672	MATH	theorem	le_weightedMedian_update_of_lt	public
Math/WindowedContraction.lean	32	MATH	theorem	exists_window_index	public
Math/WindowedContraction.lean	57	MATH	theorem	add_one_le_of_lt_of_int	public
Math/WindowedContraction.lean	65	MATH	theorem	exists_int_abs_sub	public
Math/WindowedContraction.lean	74	MATH	theorem	tendsto_zero_of_windowed_contraction	public
Math/WindowedContraction.lean	127	MATH	theorem	tendsto_zero_of_windowed_variable_contraction	public
Math/WindowedContraction.lean	179	MATH	theorem	prod_harmonic_window_factors	public
Math/WindowedContraction.lean	195	MATH	theorem	tendsto_zero_of_windowed_harmonic_contraction	public
Math/WindowedContraction.lean	219	MATH	theorem	eventually_zero_of_windowed_decrease	public
Math/WindowedContraction.lean	267	MATH	theorem	slow_harmonic_no_cofinal_fixed_factor_contraction	public
